,date,open_tsla,high_tsla,low_tsla,tsla_price,tsla_adj,volume_tsla,divid,split coef,tesla,musk,elon,dynamic_corr,tesla_gen_trend
0,2018-01-03,321.0,325.25,315.55,317.25,317.25,4185665.0,0.0,1.0,16.919999999999998,1.92,2.22,0.49965703678318396,19.14
1,2018-01-04,312.87,318.55,305.68,314.62,314.62,9915932.0,0.0,1.0,17.46,1.98,1.92,0.45237252017028495,19.380000000000006
2,2018-01-05,316.62,317.24,312.0,316.58,316.58,4578729.0,0.0,1.0,15.66,2.28,2.34,0.2260101246385549,18.0
3,2018-01-08,316.0,337.0199,315.5,336.41,336.41,9777059.0,0.0,1.0,16.2,1.35,1.92,0.30487507871123803,18.12
4,2018-01-09,335.16,338.8,327.405,333.69,333.69,7109115.0,0.0,1.0,14.76,1.4,1.7999999999999998,0.632817733729723,16.56
5,2018-01-10,332.2,337.0,330.0,334.8,334.8,4236168.0,0.0,1.0,16.02,1.6,1.74,0.4902859615260271,17.759999999999994
6,2018-01-11,335.24,344.8099,333.26,337.95,337.95,6619082.0,0.0,1.0,15.84,1.2000000000000002,1.5,0.638458637823925,17.34
7,2018-01-12,338.63,340.41,333.67,336.22,336.22,4805025.0,0.0,1.0,16.38,1.4500000000000002,1.98,0.610219091805681,18.36
8,2018-01-16,337.54,345.0,334.8,340.06,340.06,6392397.0,0.0,1.0,13.94,1.4,1.4500000000000002,0.6776488255326171,15.39
9,2018-01-17,340.47,349.0,339.75,347.16,347.16,7062337.0,0.0,1.0,14.11,1.15,1.1,0.30483410190570803,15.21
10,2018-01-18,345.67,352.3,343.74,344.57,344.57,5619990.0,0.0,1.0,12.750000000000002,1.35,1.3,0.115250315583686,14.050000000000002
11,2018-01-19,345.0,350.5899,342.6,350.02,350.02,4812052.0,0.0,1.0,14.11,1.25,1.35,-0.183135764334248,15.46
12,2018-01-22,349.4,357.83,349.2,351.56,351.56,6157941.0,0.0,1.0,15.77,1.1,1.38,0.169236585191048,17.15
13,2018-01-23,360.0,360.5,351.0,352.79,352.79,5428872.0,0.0,1.0,18.05,1.8,2.22,0.597441481053041,20.27
14,2018-01-24,354.58,354.75,343.52,345.89,345.89,5251654.0,0.0,1.0,18.05,1.5,2.16,0.7845414412209621,20.21
15,2018-01-25,348.27,349.2,336.4,337.64,337.64,6640964.0,0.0,1.0,17.67,1.35,1.74,0.729609509441259,19.41
16,2018-01-26,341.5,344.0,335.71,342.85,342.85,4515013.0,0.0,1.0,17.48,1.2000000000000002,1.7999999999999998,0.656720674179522,19.28
17,2018-01-29,339.85,350.85,338.28,349.53,349.53,4722025.0,0.0,1.0,16.2,12.88,11.48,0.667921072705232,27.68
18,2018-01-30,345.14,348.27,342.17,345.82,345.82,4696465.0,0.0,1.0,15.12,14.000000000000002,14.000000000000002,0.825637839894374,29.12
19,2018-01-31,347.51,356.19,345.19,354.31,354.31,6076998.0,0.0,1.0,15.12,9.66,9.1,0.727127976264635,24.22
20,2018-02-01,351.0,359.66,348.63,349.25,349.25,4163194.0,0.0,1.0,4.859999999999999,1.96,1.96,0.651261427288427,6.819999999999999
21,2018-02-02,348.44,351.95,340.51,343.75,343.75,3674909.0,0.0,1.0,5.04,1.6800000000000002,1.96,-0.0500650812112582,7.0
22,2018-02-05,337.97,344.47,333.0,333.13,333.13,4053777.0,0.0,1.0,9.25,4.0,4.07,-0.24470493463770104,13.32
23,2018-02-06,325.21,336.22,323.5,333.97,333.97,4937928.0,0.0,1.0,20.35,23.20000000000001,21.83,0.14583437949279002,42.18
24,2018-02-07,338.99,346.0,335.66,345.0,345.0,5846823.0,0.0,1.0,37.0,40.0,37.0,0.7575075476525029,74.0
25,2018-02-08,343.31,348.62,314.6,315.23,315.23,9996464.0,0.0,1.0,27.38,23.6,22.94,0.8513030406581821,50.32
26,2018-02-09,319.93,320.9845,294.76,310.42,310.42,12795099.0,0.0,1.0,19.98,16.0,14.8,0.388924491441893,34.78
27,2018-02-12,316.13,318.08,306.25,315.73,315.73,6166161.0,0.0,1.0,8.36,4.9300000000000015,5.1000000000000005,-0.18208120505705105,13.46
28,2018-02-13,315.02,324.19,312.5105,323.66,323.66,4506915.0,0.0,1.0,7.92,3.5700000000000003,3.91,0.108691223674431,11.83
29,2018-02-14,320.84,326.17,318.52,322.31,322.31,3930911.0,0.0,1.0,6.38,2.3800000000000003,2.89,0.12288329070232401,9.27
30,2018-02-15,324.5,334.12,322.4,334.065,334.065,5892048.0,0.0,1.0,6.38,2.04,2.3800000000000003,0.0994154944278121,8.76
31,2018-02-16,332.5,343.12,331.64,335.49,335.49,5585810.0,0.0,1.0,5.94,2.04,2.3800000000000003,-0.13041560756952195,8.32
32,2018-02-20,334.47,340.84,331.5,334.77,334.77,3996951.0,0.0,1.0,4.859999999999999,0.99,1.2000000000000002,-0.14289928899956195,6.06
33,2018-02-21,336.03,339.6929,333.17,333.3,333.3,3181755.0,0.0,1.0,4.859999999999999,0.99,1.2000000000000002,-0.228947977991178,6.06
34,2018-02-22,335.53,347.44,334.7501,346.17,346.17,6940349.0,0.0,1.0,5.04,0.99,1.1,0.181854611445499,6.1400000000000015
35,2018-02-23,347.83,354.99,347.1,352.05,352.05,5790795.0,0.0,1.0,5.04,0.99,1.1,-0.436357131327669,6.1400000000000015
36,2018-02-26,353.5,359.0,352.355,357.42,357.42,4312871.0,0.0,1.0,4.590000000000002,0.56,0.8,-0.5132605229760661,5.3900000000000015
37,2018-02-27,356.25,359.99,350.01,350.99,350.99,4761537.0,0.0,1.0,4.42,0.4900000000000001,0.8,-0.571513476139548,5.22
38,2018-02-28,352.57,355.24,342.22,343.06,343.06,6042895.0,0.0,1.0,4.25,0.56,0.72,-0.469421590226011,4.97
39,2018-03-01,345.01,348.67,330.07,330.93,330.93,6885601.0,0.0,1.0,9.69,2.5200000000000005,3.68,-0.348807726430055,13.37
40,2018-03-02,326.98,335.22,322.97,335.12,335.12,5092829.0,0.0,1.0,9.69,2.5900000000000003,4.0,-0.0387730509101229,13.69
41,2018-03-05,332.39,337.75,329.2929,333.35,333.35,3823769.0,0.0,1.0,9.18,2.3800000000000003,2.66,0.0585488275942308,11.84
42,2018-03-06,333.75,336.37,327.03,328.2,328.2,4285744.0,0.0,1.0,9.69,2.5900000000000003,3.5000000000000004,0.153661287620046,13.19
43,2018-03-07,325.44,332.5,321.74,332.3,332.3,5007297.0,0.0,1.0,10.2,2.5200000000000005,2.87,0.132996232958081,13.07
44,2018-03-08,332.86,333.3,326.274,329.1,329.1,3476944.0,0.0,1.0,10.03,3.78,3.5700000000000003,0.133902862774682,13.6
45,2018-03-09,324.1,328.49,322.37,327.17,327.17,5479716.0,0.0,1.0,10.37,3.5000000000000004,3.78,-0.0897713712013976,14.15
46,2018-03-12,328.61,347.21,326.5,345.51,345.51,8212156.0,0.0,1.0,9.28,10.0,10.0,-0.16474194159404001,19.28
47,2018-03-13,344.92,345.12,336.2635,341.84,341.84,5932110.0,0.0,1.0,9.44,5.1000000000000005,5.9,0.7157630603076701,15.34
48,2018-03-14,336.76,339.81,323.93,326.63,326.63,7932511.0,0.0,1.0,8.8,5.8000000000000025,6.1000000000000005,0.5098083533370991,14.900000000000002
49,2018-03-15,329.38,332.85,321.1,325.6,325.6,6366922.0,0.0,1.0,9.12,5.300000000000002,6.7,-0.0553539457374783,15.82
50,2018-03-16,325.96,327.4,319.07,321.35,321.35,6058612.0,0.0,1.0,8.64,4.9,4.800000000000002,-0.328652306600903,13.44
51,2018-03-19,316.5,320.75,309.67,313.56,313.56,7440766.0,0.0,1.0,9.69,3.12,3.01,-0.23995182760538394,12.7
52,2018-03-20,314.87,316.25,308.76,310.55,310.55,4726182.0,0.0,1.0,8.84,3.12,3.3600000000000003,0.0928234731345288,12.2
53,2018-03-21,310.25,322.44,310.19,316.53,316.53,5927881.0,0.0,1.0,9.35,3.12,3.22,0.24472060687043104,12.57
54,2018-03-22,313.89,318.82,308.18,309.1,309.1,4914307.0,0.0,1.0,9.18,3.2,2.7300000000000004,0.22692088832266602,11.91
55,2018-03-23,311.25,311.61,300.45,301.54,301.54,6600538.0,0.0,1.0,10.54,4.16,4.340000000000002,0.37060229222151597,14.88
56,2018-03-26,307.34,307.59,291.36,304.18,304.18,8324639.0,0.0,1.0,14.49,5.44,5.6000000000000005,-0.41027703039200103,20.09
57,2018-03-27,304.0,304.27,277.18,279.18,279.18,13696168.0,0.0,1.0,17.48,3.52,4.08,-0.6321695454276021,21.56
58,2018-03-28,264.58,268.68,252.1,257.78,257.78,21001437.0,0.0,1.0,23.0,3.12,3.92,-0.6943299010062471,26.92
59,2018-03-29,256.49,270.9599,248.21,266.13,266.13,15170749.0,0.0,1.0,22.31,2.96,3.76,-0.761603333806438,26.07
60,2018-04-02,256.26,260.3318,244.5901,252.48,252.48,16113968.0,0.0,1.0,22.0,8.0,8.0,-0.645602077974079,30.0
61,2018-04-03,269.82,273.35,254.49,267.53,267.53,18844384.0,0.0,1.0,17.6,6.8,6.72,-0.742005005144448,24.32
62,2018-04-04,252.78,288.37,252.0,286.94,286.94,19896746.0,0.0,1.0,14.52,5.92,5.5200000000000005,-0.5780897692489549,20.04
63,2018-04-05,289.34,306.26,288.2,305.72,305.72,19121101.0,0.0,1.0,14.3,5.92,5.04,-0.41256905674226796,19.34
64,2018-04-06,301.0,309.28,295.5,299.3,299.3,13520286.0,0.0,1.0,14.52,4.4,4.4,-0.3422442291870469,18.92
65,2018-04-09,300.37,309.5,289.21,289.66,289.66,10249805.0,0.0,1.0,10.08,4.08,5.32,-0.42755759732509496,15.4
66,2018-04-10,298.97,307.1,293.68,304.7,304.7,11024259.0,0.0,1.0,10.98,3.36,5.250000000000001,-0.280611672837095,16.23
67,2018-04-11,300.7403,308.98,299.66,300.93,300.93,7482945.0,0.0,1.0,10.8,3.48,4.2700000000000005,-0.225415508108357,15.07
68,2018-04-12,302.32,303.95,293.68,294.08,294.08,7608769.0,0.0,1.0,10.98,3.9,4.550000000000002,-0.234017721274633,15.53
69,2018-04-13,303.6,303.9499,295.98,300.34,300.34,7327223.0,0.0,1.0,10.8,4.14,5.11,-0.3938841499177279,15.91
70,2018-04-16,299.0,299.66,289.01,291.21,291.21,6338488.0,0.0,1.0,10.8,3.18,5.250000000000001,-0.439245238429512,16.05
71,2018-04-17,288.87,292.17,282.51,287.69,287.69,7000023.0,0.0,1.0,12.06,3.36,5.040000000000001,-0.465305418868069,17.1
72,2018-04-18,291.08,300.24,288.16,293.35,293.35,6557700.0,0.0,1.0,10.8,3.54,4.69,-0.5807419366810811,15.490000000000002
73,2018-04-19,291.08,301.01,288.55,300.08,300.08,6090599.0,0.0,1.0,10.44,4.2,5.1800000000000015,-0.44451445671649603,15.62
74,2018-04-20,295.17,299.98,289.75,290.24,290.24,5627928.0,0.0,1.0,10.08,2.64,3.640000000000001,-0.489363276619631,13.72
75,2018-04-23,291.29,291.62,282.33,283.37,283.37,4893378.0,0.0,1.0,10.03,3.0500000000000003,3.6,0.0179820377563379,13.63
76,2018-04-24,285.0,287.09,278.46,283.46,283.46,5685308.0,0.0,1.0,9.35,2.3000000000000003,2.94,0.0141540893111173,12.29
77,2018-04-25,283.5,285.16,277.25,280.69,280.69,4013574.0,0.0,1.0,9.35,2.9000000000000004,3.72,0.487343708595611,13.07
78,2018-04-26,278.75,285.79,276.5,285.48,285.48,4356013.0,0.0,1.0,9.69,3.0500000000000003,4.02,0.28401578712118797,13.71
79,2018-04-27,285.37,294.47,283.83,294.075,294.075,4364626.0,0.0,1.0,9.01,2.5500000000000003,3.3,0.0544588059286841,12.31
80,2018-04-30,293.61,298.73,292.5,293.9,293.9,4228172.0,0.0,1.0,12.1,3.850000000000001,5.04,0.47321909784593896,17.14
81,2018-05-01,293.51,300.82,293.22,299.92,299.92,4625603.0,0.0,1.0,12.32,0.8400000000000001,1.12,-0.59962160449849,13.44
82,2018-05-02,298.57,306.85,297.7844,301.15,301.15,8970370.0,0.0,1.0,16.5,1.05,1.28,0.143068846006358,17.78
83,2018-05-03,278.79,288.04,275.23,284.45,284.45,17352130.0,0.0,1.0,22.0,1.96,2.4,-0.3478901056301989,24.4
84,2018-05-04,283.0,296.86,279.52,294.09,294.09,8569354.0,0.0,1.0,15.4,1.4700000000000002,1.68,-0.883597729657744,17.080000000000002
85,2018-05-07,297.5,305.9588,295.17,302.77,302.77,8678224.0,0.0,1.0,13.65,5.6000000000000005,5.6000000000000005,-0.628903196857109,19.25
86,2018-05-08,300.7953,307.75,299.0,301.97,301.97,5930000.0,0.0,1.0,13.86,20.0,20.0,-0.5637665412487111,33.86
87,2018-05-09,300.41,307.01,300.05,306.85,306.85,5727365.0,0.0,1.0,13.44,12.4,12.8,-0.7782425117771881,26.24
88,2018-05-10,307.4997,312.99,304.1119,305.02,305.02,5651561.0,0.0,1.0,15.33,8.4,8.8,-0.53772078197331,24.13000000000001
89,2018-05-11,307.7,308.88,299.08,301.06,301.06,4679649.0,0.0,1.0,15.54,7.2,7.2,-0.492454086885231,22.74
90,2018-05-14,303.32,304.94,291.62,291.97,291.97,7286804.0,0.0,1.0,14.2,1.76,2.0,-0.5472800964251839,16.2
91,2018-05-15,285.01,286.96,280.5,284.18,284.18,9519173.0,0.0,1.0,13.2,1.52,1.68,-0.15905713070499694,14.88
92,2018-05-16,283.83,288.81,281.56,286.48,286.48,5674019.0,0.0,1.0,12.2,1.12,1.36,0.00689237450755408,13.56
93,2018-05-17,285.9,289.1873,283.97,284.54,284.54,4420612.0,0.0,1.0,12.2,1.2,1.36,0.19636667943146602,13.56
94,2018-05-18,284.65,284.65,274.0,276.82,276.82,7251887.0,0.0,1.0,12.2,1.36,1.52,0.281622583768396,13.72
95,2018-05-21,281.33,291.49,281.3,284.49,284.49,9182571.0,0.0,1.0,14.8,1.04,1.28,0.30976106616759497,16.080000000000002
96,2018-05-22,287.762,288.0,273.422,275.01,275.01,8945756.0,0.0,1.0,13.8,1.36,1.36,-3.380784812781839e-05,15.16
97,2018-05-23,277.76,279.9099,274.0,279.07,279.07,5985053.0,0.0,1.0,11.8,1.36,1.52,0.0297318177710183,13.32
98,2018-05-24,278.4,281.11,274.89,277.85,277.85,4176708.0,0.0,1.0,12.4,2.16,2.0,0.4365429319208521,14.4
99,2018-05-25,277.6252,279.64,275.61,278.85,278.85,3875082.0,0.0,1.0,13.0,1.68,2.0,0.0986056851326556,15.0
100,2018-05-29,278.51,286.5,276.15,283.76,283.76,5666640.0,0.0,1.0,9.54,1.33,1.2600000000000002,-0.0116820869989694,10.8
101,2018-05-30,283.29,295.005,281.6,291.72,291.72,7489686.0,0.0,1.0,10.8,1.05,1.1900000000000002,0.660622282238689,11.99
102,2018-05-31,287.21,290.37,282.93,284.73,284.73,5919721.0,0.0,1.0,10.8,1.05,1.12,0.6287253545025929,11.920000000000002
103,2018-06-01,285.86,291.95,283.839,291.82,291.82,5424386.0,0.0,1.0,13.14,3.640000000000001,4.83,0.6915947086283479,17.97
104,2018-06-04,294.34,299.0,293.548,296.74,296.74,4797810.0,0.0,1.0,12.42,3.3,3.9,-0.39571528898332,16.32
105,2018-06-05,297.7,297.8,286.74,291.13,291.13,5995157.0,0.0,1.0,13.68,3.48,4.32,-0.45551221249895096,18.0
106,2018-06-06,300.5,322.17,297.48,319.5,319.5,18767269.0,0.0,1.0,15.84,4.74,5.1,-0.6925734724435539,20.94
107,2018-06-07,316.15,330.0,313.58,316.09,316.09,14345271.0,0.0,1.0,14.76,3.12,4.5,0.109058717188635,19.26
108,2018-06-08,319.0,324.48,317.15,317.66,317.66,8205202.0,0.0,1.0,14.22,3.18,3.78,0.199822404157777,18.0
109,2018-06-11,322.51,334.66,322.5,332.1,332.1,13183473.0,0.0,1.0,14.44,4.48,6.8,0.330833474647754,21.24
110,2018-06-12,344.7,354.97,338.0,342.77,342.77,22347403.0,0.0,1.0,17.1,5.53,7.44,0.8497415712172378,24.54000000000001
111,2018-06-13,346.706,347.2,339.8,344.78,344.78,9469804.0,0.0,1.0,17.29,4.2,6.5600000000000005,0.852276022960263,23.85
112,2018-06-14,347.63,358.75,346.6,357.72,357.72,10981023.0,0.0,1.0,14.82,5.95,7.28,0.7681026353339991,22.1
113,2018-06-15,353.84,364.67,351.25,358.17,358.17,10848254.0,0.0,1.0,14.25,5.250000000000001,7.44,0.772904568979937,21.69
114,2018-06-18,355.4,373.73,354.5,370.83,370.83,12073226.0,0.0,1.0,17.67,4.02,5.11,0.717431717520701,22.78
115,2018-06-19,365.16,370.0,346.25,352.55,352.55,12761903.0,0.0,1.0,17.29,4.32,6.790000000000001,0.7422834151510981,24.08
116,2018-06-20,358.04,364.38,352.0,362.22,362.22,8383656.0,0.0,1.0,14.44,3.9,4.9700000000000015,0.652713910757257,19.41
117,2018-06-21,362.0,366.2139,346.27,347.51,347.51,7967145.0,0.0,1.0,15.01,3.3,4.62,0.608107846044329,19.63
118,2018-06-22,351.54,352.25,332.0,333.63,333.63,10266059.0,0.0,1.0,14.82,3.66,4.48,0.5621692435507579,19.3
119,2018-06-25,330.12,338.47,327.5,333.01,333.01,6931304.0,0.0,1.0,15.2,2.0500000000000003,2.88,0.537202561210281,18.08
120,2018-06-26,336.0540000000001,343.55,325.7990000000001,342.0,342.0,7452487.0,0.0,1.0,15.4,2.2,3.66,0.501702771927938,19.06
121,2018-06-27,345.0,350.79,339.5,344.5,344.5,8333727.0,0.0,1.0,16.0,2.5500000000000003,4.02,0.6742063657427579,20.02
122,2018-06-28,348.66,357.02,346.11,349.93,349.93,8398005.0,0.0,1.0,19.0,3.35,5.04,0.724955584072093,24.04
123,2018-06-29,353.33,353.86,342.41,342.95,342.95,6492396.0,0.0,1.0,20.0,3.75,5.279999999999999,0.8193603186888109,25.28
124,2018-07-02,360.07,364.78,329.85,335.07,335.07,18759765.0,0.0,1.0,21.0,1.28,1.44,0.747810013080343,22.44
125,2018-07-03,331.75,332.49,309.69,310.86,310.86,12282638.0,0.0,1.0,17.43,1.12,1.12,0.605257295900739,18.55
126,2018-07-05,313.76,314.39,296.22,309.16,309.16,17476374.0,0.0,1.0,16.59,0.8,1.2,0.104793357330839,17.79
127,2018-07-06,304.9545,312.07,302.0,308.9,308.9,8865451.0,0.0,1.0,16.169999999999998,3.2,3.28,-0.16289749003769902,19.45
128,2018-07-09,311.99,318.52,308.0,318.51,318.51,7596753.0,0.0,1.0,17.009999999999998,14.63,12.78,-0.4860318986467511,29.79
129,2018-07-10,324.56,327.6771,319.2,322.47,322.47,9471498.0,0.0,1.0,17.64,13.11,13.86,0.255913197227484,31.5
130,2018-07-11,315.8,321.94,315.07,318.96,318.96,4884076.0,0.0,1.0,17.43,7.98,7.92,0.500460593518839,25.35
131,2018-07-12,321.43,323.23,312.77,316.71,316.71,5721166.0,0.0,1.0,17.009999999999998,8.93,9.18,0.3817484669083879,26.19
132,2018-07-13,315.58,319.5849,309.25,318.87,318.87,5875770.0,0.0,1.0,17.009999999999998,6.08,5.58,0.151903130759411,22.59
133,2018-07-16,311.71,315.16,306.25,310.1,310.1,7818655.0,0.0,1.0,15.2,16.0,15.0,0.333507086953503,30.2
134,2018-07-17,308.81,324.74,308.5,322.69,322.69,6996232.0,0.0,1.0,14.2,8.48,7.5,-0.600697757111258,21.7
135,2018-07-18,325.0,325.5,316.25,323.85,323.85,5624211.0,0.0,1.0,15.6,6.72,6.45,0.150374652736017,22.05
136,2018-07-19,316.33,323.54,314.01,320.23,320.23,5915345.0,0.0,1.0,17.0,3.68,4.05,0.466586131187856,21.05
137,2018-07-20,321.23,323.24,311.7093,313.58,313.58,5166547.0,0.0,1.0,16.2,3.84,3.3,0.35910782246394896,19.5
138,2018-07-23,301.84,305.5,292.8601,303.2,303.2,10992947.0,0.0,1.0,17.64,1.61,1.84,-0.08673220392839097,19.48
139,2018-07-24,304.4209,307.7171,292.5452,297.43,297.43,9590784.0,0.0,1.0,17.64,1.2600000000000002,1.6,-0.376031335632201,19.24
140,2018-07-25,296.74,309.62,294.5025,308.74,308.74,7094180.0,0.0,1.0,17.22,1.4700000000000002,1.52,-0.406486225533515,18.74
141,2018-07-26,304.85,310.7,303.6411,306.65,306.65,4630522.0,0.0,1.0,17.22,1.7500000000000002,2.32,-0.24198473979430998,19.54
142,2018-07-27,307.25,307.6933,295.3404,297.18,297.18,5703326.0,0.0,1.0,16.38,1.54,1.92,-0.506601769577886,18.3
143,2018-07-30,295.9,296.1,286.13,290.17,290.17,6814072.0,0.0,1.0,20.16,1.02,1.4700000000000002,-0.524352593300511,21.63
144,2018-07-31,292.25,298.32,289.07,298.14,298.14,5076916.0,0.0,1.0,19.68,1.14,1.2600000000000002,-0.701757905907747,20.94
145,2018-08-01,297.99,303.0,293.0,300.84,300.84,10129430.0,0.0,1.0,17.04,1.56,1.89,-0.571789853867219,18.93
146,2018-08-02,328.44,349.99,323.16,349.54,349.54,23214962.0,0.0,1.0,17.04,1.7999999999999998,2.45,-0.4763579596307871,19.49
147,2018-08-03,347.81,355.0,342.53,348.17,348.17,13656486.0,0.0,1.0,12.96,1.3199999999999998,1.8200000000000005,0.644103007591899,14.78
148,2018-08-06,345.46,354.98,341.82,341.99,341.99,8564331.0,0.0,1.0,12.88,2.2,1.89,0.153051454600653,14.77
149,2018-08-07,343.84,387.46,339.1501,379.57,379.57,30875768.0,0.0,1.0,28.000000000000004,7.6,6.029999999999999,0.15462914575382,34.03
150,2018-08-08,369.09,382.64,367.12,370.34,370.34,24571163.0,0.0,1.0,24.64,6.1000000000000005,5.94,0.944730610919135,30.58
151,2018-08-09,365.55,367.01,345.73,352.45,352.45,17183811.0,0.0,1.0,17.92,4.2,3.51,0.837937785065081,21.43
152,2018-08-10,354.0,360.0,346.0,355.49,355.49,11552044.0,0.0,1.0,14.840000000000002,3.3000000000000003,2.88,0.63081741363138,17.720000000000006
153,2018-08-13,361.13,363.19,349.02,356.41,356.41,10463881.0,0.0,1.0,12.72,5.74,6.24,0.43590956392345204,18.96
154,2018-08-14,358.45,359.1995,347.1,347.64,347.64,6986427.0,0.0,1.0,12.48,8.260000000000002,8.06,0.6180287737055671,20.54
155,2018-08-15,341.9059,344.49,332.14,338.69,338.69,9101258.0,0.0,1.0,11.52,5.880000000000001,5.46,0.6853041170917771,16.98
156,2018-08-16,339.91,342.28,333.82,335.45,335.45,6064033.0,0.0,1.0,11.52,4.760000000000002,4.94,0.576248466233302,16.46
157,2018-08-17,323.5,326.77,303.53,305.5,305.5,18958612.0,0.0,1.0,15.6,14.000000000000002,13.0,0.507558611980091,28.6
158,2018-08-20,291.7035,308.5,288.2,308.44,308.44,17402335.0,0.0,1.0,13.64,6.71,7.04,-0.496594720787822,20.68
159,2018-08-21,310.61,324.79,309.0,321.9,321.9,13172230.0,0.0,1.0,11.66,5.5,5.17,-0.361111651331582,16.83
160,2018-08-22,320.87,323.88,314.67,321.64,321.64,5945955.0,0.0,1.0,10.12,5.06,5.5,0.156033812741459,15.62
161,2018-08-23,319.14,327.32,318.1,320.1,320.1,5147286.0,0.0,1.0,9.9,4.29,4.73,0.31589635139774397,14.63
162,2018-08-24,320.7,323.85,319.4,322.82,322.82,3602564.0,0.0,1.0,11.22,3.3,3.85,0.257725469545185,15.07
163,2018-08-27,318.0,322.435,308.81,319.27,319.27,13079288.0,0.0,1.0,9.8,1.6800000000000002,2.56,0.281492376390418,12.36
164,2018-08-28,318.41,318.88,311.19,311.86,311.86,7649091.0,0.0,1.0,9.4,1.96,2.72,-0.00158322264218269,12.12
165,2018-08-29,310.27,311.85,303.69,305.01,305.01,7447392.0,0.0,1.0,8.8,2.45,3.28,0.41545179955033296,12.08
166,2018-08-30,302.26,304.6,297.72,303.15,303.15,7216706.0,0.0,1.0,9.0,2.03,3.04,0.512390290477837,12.04
167,2018-08-31,302.0,305.3082,298.6,301.66,301.66,5375104.0,0.0,1.0,9.2,1.89,2.4,0.57665519704652,11.6
168,2018-09-04,296.94,298.19,288.0,288.95,288.95,8350469.0,0.0,1.0,10.66,1.56,2.34,0.643229775891594,13.0
169,2018-09-05,285.05,286.78,277.18,280.74,280.74,7720821.0,0.0,1.0,11.18,2.34,3.12,0.571409496897649,14.3
170,2018-09-06,284.8,291.17,278.88,280.95,280.95,7480760.0,0.0,1.0,10.66,2.34,2.8600000000000003,0.17513056024109802,13.52
171,2018-09-07,260.1,268.35,252.2548,263.24,263.24,22491931.0,0.0,1.0,26.0,26.0,26.0,0.44423849459100395,52.0
172,2018-09-10,273.26,286.03,271.0,285.5,285.5,14283528.0,0.0,1.0,16.64,7.92,9.2,-0.85955954071546,25.84
173,2018-09-11,279.47,282.0,273.55,279.44,279.44,9169989.0,0.0,1.0,16.12,6.16,7.36,-0.49936804317064704,23.48
174,2018-09-12,281.44,292.5,278.6463,290.54,290.54,10015427.0,0.0,1.0,14.56,4.62,5.98,-0.31833903011995196,20.54
175,2018-09-13,288.02,295.0,285.18,289.46,289.46,6340336.0,0.0,1.0,13.0,4.62,5.5200000000000005,-0.247050438340479,18.52
176,2018-09-14,288.76,297.3256,286.52,295.2,295.2,6765612.0,0.0,1.0,12.48,4.18,4.37,-0.26493623639328395,16.85
177,2018-09-17,290.04,300.87,288.13,294.84,294.84,6887577.0,0.0,1.0,10.34,1.92,2.28,-0.17086082441803602,12.62
178,2018-09-18,296.69,302.64,275.5,284.96,284.96,16547522.0,0.0,1.0,11.88,2.76,2.88,0.404518461285161,14.760000000000002
179,2018-09-19,280.51,300.0,280.5,299.02,299.02,8294917.0,0.0,1.0,11.66,1.7999999999999998,2.28,0.20960721393728,13.94
180,2018-09-20,303.56,305.98,293.33,298.33,298.33,7349422.0,0.0,1.0,10.78,1.3199999999999998,1.56,0.324922842842092,12.34
181,2018-09-21,297.7,300.58,295.37,299.1,299.1,5050478.0,0.0,1.0,10.34,1.44,1.44,0.6014633521845811,11.78
182,2018-09-24,298.48,302.9993,293.58,299.68,299.68,4842961.0,0.0,1.0,10.92,1.35,1.5,0.6189828056728671,12.42
183,2018-09-25,300.0,304.6,296.5,300.99,300.99,4481729.0,0.0,1.0,10.92,1.2,1.5,0.590571136931867,12.42
184,2018-09-26,301.91,313.89,301.1093,309.58,309.58,7843216.0,0.0,1.0,11.18,1.35,1.5,0.5870164040609829,12.68
185,2018-09-27,312.9,314.96,306.91,307.52,307.52,8509084.0,0.0,1.0,16.64,3.3,3.45,0.396046334337815,20.09
186,2018-09-28,270.26,278.0,260.56,264.77,264.77,33649700.0,0.0,1.0,23.14,5.1,5.7,-0.477267618653553,28.84
187,2018-10-01,305.77,311.44,301.05,310.7,310.7,21777597.0,0.0,1.0,29.0,15.8,14.07,-0.854368914601136,43.07
188,2018-10-02,313.95,316.84,299.15,301.02,301.02,11743511.0,0.0,1.0,23.78,9.8,9.45,-0.360779464498921,33.230000000000004
189,2018-10-03,303.33,304.6,291.57,294.8,294.8,7994988.0,0.0,1.0,19.43,7.2,7.35,-0.424211670679547,26.78
190,2018-10-04,293.95,294.0,277.67,281.83,281.83,9814212.0,0.0,1.0,18.27,7.4,7.979999999999999,-0.432856495179665,26.25
191,2018-10-05,274.65,274.88,260.0,261.95,261.95,17944537.0,0.0,1.0,19.43,7.0,6.93,-0.506657210771326,26.36
192,2018-10-08,264.52,267.7599,249.0,250.56,250.56,13472653.0,0.0,1.0,17.04,3.06,4.1000000000000005,-0.578746871774396,21.14
193,2018-10-09,255.25,266.77,253.3,262.8,262.8,12060574.0,0.0,1.0,16.56,2.43,2.7,-0.449860231678446,19.26
194,2018-10-10,264.61,265.51,247.77,256.88,256.88,12815278.0,0.0,1.0,15.6,1.89,2.3000000000000003,-0.327418179668786,17.9
195,2018-10-11,257.53,262.25,249.03,252.23,252.23,8167738.0,0.0,1.0,13.92,1.89,2.0,-0.20315247675762105,15.92
196,2018-10-12,261.0,261.99,252.01,258.78,258.78,7201404.0,0.0,1.0,15.84,1.62,2.1,-0.00639611762989449,17.94
197,2018-10-15,259.06,263.28,254.5367,259.59,259.59,6199965.0,0.0,1.0,13.11,2.76,3.38,-0.0703579757231412,16.49
198,2018-10-16,265.7,277.375,262.24,276.59,276.59,9526401.0,0.0,1.0,14.49,2.76,3.25,-0.0763940212892472,17.740000000000006
199,2018-10-17,282.4,282.7,265.8032,271.78,271.78,8655542.0,0.0,1.0,12.88,2.52,2.73,-0.153328401520758,15.61
200,2018-10-18,269.29,271.0,263.0,263.91,263.91,5421184.0,0.0,1.0,13.11,2.16,2.73,0.00701248195543624,15.84
201,2018-10-19,267.39,269.66,253.5,260.0,260.0,9375549.0,0.0,1.0,16.560000000000002,4.92,4.68,0.0802987392068114,21.24
202,2018-10-22,260.68,261.86,252.59,260.95,260.95,5600260.0,0.0,1.0,15.86,6.37,6.3000000000000025,-0.448846807787671,22.160000000000004
203,2018-10-23,263.87,297.93,262.1,294.14,294.14,19027753.0,0.0,1.0,18.72,4.94,5.040000000000001,-0.5587489161983039,23.76
204,2018-10-24,301.05,304.44,285.73,288.5,288.5,20058258.0,0.0,1.0,24.18,3.64,4.2,-0.436954963751655,28.38
205,2018-10-25,317.22,321.0,301.01,314.86,314.86,20840724.0,0.0,1.0,22.36,3.51,3.640000000000001,-0.6092492260094521,26.0
206,2018-10-26,308.25,339.9,306.65,330.9,330.9,27425520.0,0.0,1.0,19.76,4.29,4.340000000000002,-0.318427743665767,24.1
207,2018-10-29,337.47,347.16,326.5,334.85,334.85,14486027.0,0.0,1.0,14.08,2.08,2.34,0.368722976956768,16.42
208,2018-10-30,328.39,337.8999,322.26,329.9,329.9,9126704.0,0.0,1.0,12.54,1.76,2.07,0.18123213302966096,14.61
209,2018-10-31,332.54,342.0,329.1,337.32,337.32,7624348.0,0.0,1.0,12.98,1.52,1.71,-0.0116146378219693,14.69
210,2018-11-01,338.26,347.84,334.725,344.28,344.28,8000132.0,0.0,1.0,19.8,5.6000000000000005,5.85,-0.218892501018182,25.65
211,2018-11-02,343.74,349.2,340.91,346.41,346.41,7807971.0,0.0,1.0,22.0,6.6400000000000015,6.39,0.555667157283908,28.39
212,2018-11-05,340.5,343.955,330.14,341.4,341.4,7831048.0,0.0,1.0,16.34,5.3900000000000015,5.68,0.640067711227134,22.02
213,2018-11-06,339.07,348.8,336.09,341.06,341.06,6762889.0,0.0,1.0,16.91,4.83,4.96,0.537114156098736,21.87
214,2018-11-07,343.34,351.18,340.8,348.16,348.16,7374522.0,0.0,1.0,14.82,4.550000000000002,5.68,0.515913274413762,20.5
215,2018-11-08,348.5,357.5755,348.44,351.4,351.4,7090674.0,0.0,1.0,18.05,6.0900000000000025,6.8,0.51843719422666,24.85
216,2018-11-09,349.0,354.0,345.23,350.51,350.51,5098846.0,0.0,1.0,17.29,4.340000000000002,4.88,0.635189258532402,22.17
217,2018-11-12,348.37,349.78,330.34,331.28,331.28,6941523.0,0.0,1.0,15.96,3.78,3.99,0.564597991825616,19.950000000000006
218,2018-11-13,333.16,344.7,332.2,338.73,338.73,5448597.0,0.0,1.0,15.77,4.5,4.760000000000002,0.418329624355755,20.53
219,2018-11-14,342.7,347.11,337.15,344.0,344.0,5040287.0,0.0,1.0,16.72,3.6,3.99,0.543761804871916,20.71
220,2018-11-15,342.33,348.58,339.04,348.44,348.44,4625719.0,0.0,1.0,15.77,3.96,3.5000000000000004,0.547159136085595,19.27
221,2018-11-16,345.19,355.7,345.1201,354.31,354.31,7206191.0,0.0,1.0,17.48,4.62,3.99,0.511483710422856,21.47
222,2018-11-19,356.34,366.75,352.88,353.47,353.47,9708871.0,0.0,1.0,16.91,4.2,3.12,0.608952814631474,20.03
223,2018-11-20,341.75,349.8,333.55,347.49,347.49,8004709.0,0.0,1.0,15.96,3.6,3.06,0.5497174002818379,19.02
224,2018-11-21,352.0,353.1,337.3995,338.19,338.19,4686808.0,0.0,1.0,16.15,4.26,3.24,0.4611408248241379,19.39
225,2018-11-23,334.345,337.5,325.55,325.83,325.83,4202642.0,0.0,1.0,16.15,3.0,2.64,0.44414707143766097,18.79
226,2018-11-26,325.0,346.22,325.0,346.0,346.0,7992141.0,0.0,1.0,16.2,6.72,5.28,0.33510323827302696,21.48
227,2018-11-27,340.05,346.96,335.5,343.92,343.92,6358300.0,0.0,1.0,17.400000000000002,6.96,5.76,0.775233239123066,23.160000000000004
228,2018-11-28,345.99,348.28,342.21,347.87,347.87,4127578.0,0.0,1.0,18.0,8.0,6.5600000000000005,0.682763752709463,24.56
229,2018-11-29,347.0,347.5,339.55,341.17,341.17,3080724.0,0.0,1.0,18.4,7.6,6.08,0.6976271511500761,24.48
230,2018-11-30,341.83,351.6,338.2648,350.48,350.48,5628895.0,0.0,1.0,18.8,6.72,5.6000000000000005,0.632949983056556,24.4
231,2018-12-03,360.0,366.0,352.0,358.49,358.49,8306511.0,0.0,1.0,14.63,1.96,2.45,0.657473991359212,17.080000000000002
232,2018-12-04,356.05,368.68,352.0,359.7,359.7,8461945.0,0.0,1.0,14.63,1.96,2.5200000000000005,0.312374665857518,17.150000000000002
233,2018-12-06,356.01,367.38,350.76,363.06,363.06,7842508.0,0.0,1.0,14.25,1.6800000000000002,1.6800000000000002,0.15726908044223098,15.93
234,2018-12-07,369.0,379.49,357.65,357.965,357.965,11511177.0,0.0,1.0,14.25,1.89,2.03,-0.0577260869966736,16.28
235,2018-12-10,360.0,365.98,353.12,365.15,365.15,6613455.0,0.0,1.0,18.48,10.0,10.0,-0.0807874314034116,28.48
236,2018-12-11,369.91,372.1689,360.23,366.76,366.76,6308769.0,0.0,1.0,16.59,4.6000000000000005,5.6000000000000005,0.661298770468687,22.19
237,2018-12-12,369.42,371.91,365.16,366.6,366.6,5027048.0,0.0,1.0,15.96,3.6,3.4000000000000004,0.5203860090069949,19.36
238,2018-12-13,370.15,377.44,366.75,376.79,376.79,7365854.0,0.0,1.0,17.43,3.4000000000000004,3.4000000000000004,0.4211129099644649,20.83
239,2018-12-14,375.0,377.87,364.33,365.71,365.71,6337555.0,0.0,1.0,17.64,3.3000000000000003,3.8,0.5031882467366661,21.44
240,2018-12-17,362.0,365.7,343.88,348.42,348.42,7674008.0,0.0,1.0,17.82,2.34,2.52,0.515850882034159,20.34
241,2018-12-18,350.54,351.55,333.69,337.03,337.03,7099999.0,0.0,1.0,17.82,2.43,2.7,0.42678968168031,20.52
242,2018-12-19,337.6,347.01,329.74,332.97,332.97,8274181.0,0.0,1.0,18.92,5.58,5.58,0.402264545741714,24.5
243,2018-12-20,327.0535,330.29,311.869,315.38,315.38,9071858.0,0.0,1.0,19.14,4.41,4.68,0.5580447927088511,23.82
244,2018-12-21,317.4,323.47,312.44,319.77,319.77,8016801.0,0.0,1.0,18.92,2.88,3.96,0.18306236719974306,22.88000000000001
245,2018-12-24,313.5,314.5,295.195,295.39,295.39,5559913.0,0.0,1.0,21.12,2.31,2.1700000000000004,0.2298294472409169,23.29000000000001
246,2018-12-26,300.0,326.97,294.09,326.09,326.09,8163138.0,0.0,1.0,21.6,1.96,2.03,-0.45866054159238795,23.63000000000001
247,2018-12-27,319.84,322.1717,301.5,316.13,316.13,8575133.0,0.0,1.0,24.0,2.1,1.8200000000000005,-0.10192178443517698,25.82
248,2018-12-28,323.1,336.24,318.41,333.87,333.87,9938992.0,0.0,1.0,21.84,2.1,2.03,-0.11240407574207302,23.87
249,2018-12-31,337.79,339.21,325.26,332.8,332.8,6302338.0,0.0,1.0,19.55,1.38,1.8200000000000005,0.44051596568004603,21.37
250,2019-01-02,306.1,315.13,298.8,310.12,310.12,11658648.0,0.0,1.0,23.0,5.46,5.880000000000001,0.39524024604737795,28.88000000000001
251,2019-01-03,307.0,309.4,297.38,300.36,300.36,6965184.0,0.0,1.0,19.78,4.859999999999999,5.74,-0.23583537860068202,25.520000000000003
252,2019-01-04,306.0,318.0,302.73,317.69,317.69,7394116.0,0.0,1.0,15.87,6.0,5.32,-0.4480606416873569,21.19
253,2019-01-07,321.72,336.74,317.7508,334.96,334.96,7551225.0,0.0,1.0,14.25,5.32,5.040000000000001,-0.22822776817120802,19.29
254,2019-01-08,341.96,344.01,327.02,335.35,335.35,7008516.0,0.0,1.0,13.87,5.250000000000001,5.460000000000001,0.358849341887581,19.33
255,2019-01-09,335.5,343.5025,331.47,338.53,338.53,5432945.0,0.0,1.0,13.3,6.0200000000000005,5.670000000000001,0.45313104059768106,18.97
256,2019-01-10,334.4,345.39,331.79,344.97,344.97,6056354.0,0.0,1.0,14.06,5.8100000000000005,5.95,0.5362318385709529,20.01
257,2019-01-11,342.09,348.41,338.77,347.26,347.26,5039052.0,0.0,1.0,13.68,6.790000000000001,6.580000000000001,0.6066478922337321,20.26
258,2019-01-14,342.38,342.5,334.0,334.4,334.4,5247284.0,0.0,1.0,13.65,4.08,4.2,0.623171045690174,17.85
259,2019-01-15,335.0,348.8,334.5,344.43,344.43,6056590.0,0.0,1.0,14.49,4.32,4.14,0.387481088167916,18.63
260,2019-01-16,344.78,352.0,343.5,346.05,346.05,4691739.0,0.0,1.0,14.7,3.66,4.02,0.45307041994694897,18.72
261,2019-01-17,346.21,351.5,344.15,347.31,347.31,3676733.0,0.0,1.0,14.7,4.14,4.14,0.4106077141675779,18.84
262,2019-01-18,323.0,327.1297,299.7301,302.26,302.26,24150763.0,0.0,1.0,20.58,4.56,4.8,0.43890270944258897,25.38
263,2019-01-22,304.82,308.0,295.5,298.92,298.92,12066741.0,0.0,1.0,14.2,2.85,3.3,-0.30486241825041804,17.5
264,2019-01-23,292.5,294.5,281.69,287.59,287.59,12529993.0,0.0,1.0,14.6,3.5,4.08,-0.0899600922636132,18.68
265,2019-01-24,283.03,293.68,279.2831,291.51,291.51,8012155.0,0.0,1.0,14.2,3.8,4.32,-0.23738591455351696,18.52
266,2019-01-25,294.39,298.5195,289.55,297.04,297.04,7258078.0,0.0,1.0,14.0,3.2,4.08,-0.23982038798672306,18.08
267,2019-01-28,292.91,297.46,287.75,296.38,296.38,6423279.0,0.0,1.0,14.0,5.46,7.000000000000001,-0.150485594188046,21.0
268,2019-01-29,295.27,298.5566,291.8,297.46,297.46,4621692.0,0.0,1.0,14.0,5.76,5.95,-0.490562641341243,19.95
269,2019-01-30,300.45,309.0,298.49,308.77,308.77,11250318.0,0.0,1.0,16.400000000000002,4.8,5.74,-0.4648964522200501,22.14
270,2019-01-31,301.0,311.5636,294.0,307.02,307.02,12569245.0,0.0,1.0,16.6,4.74,5.6000000000000005,-0.348853625614141,22.20000000000001
271,2019-02-01,305.42,316.1,303.5,312.21,312.21,7283441.0,0.0,1.0,9.6,2.28,2.5200000000000005,-0.444769780883478,12.12
272,2019-02-04,312.98,315.3,301.88,312.89,312.89,7352082.0,0.0,1.0,10.4,2.7,3.1500000000000004,0.0790467808253569,13.55
273,2019-02-05,312.49,322.44,312.2494,321.35,321.35,6742765.0,0.0,1.0,10.0,2.46,2.7300000000000004,0.24520719599178797,12.73
274,2019-02-06,319.59,324.24,315.624,317.22,317.22,5038546.0,0.0,1.0,12.4,2.46,2.8000000000000003,-0.0353373510640965,15.2
275,2019-02-07,313.3,314.7,303.0,307.51,307.51,6520611.0,0.0,1.0,10.4,2.52,3.01,0.0620401602665415,13.41
276,2019-02-08,306.83,307.445,298.5,305.8,305.8,5844212.0,0.0,1.0,9.8,2.46,2.9400000000000004,0.44189305044429705,12.740000000000002
277,2019-02-11,311.6,318.6,310.5,312.84,312.84,7129713.0,0.0,1.0,9.5,2.7,2.7,0.49772288599939296,12.2
278,2019-02-12,316.2,318.19,309.62,311.81,311.81,5517570.0,0.0,1.0,9.5,2.46,2.64,0.367041404473139,12.14
279,2019-02-13,312.35,312.75,305.57,308.17,308.17,5141617.0,0.0,1.0,9.31,2.46,2.4,0.4110705740595471,11.71
280,2019-02-14,303.38,306.77,301.0,303.77,303.77,5200832.0,0.0,1.0,9.5,2.28,2.22,0.5136891432094289,11.72
281,2019-02-15,304.5,308.0,303.9,307.88,307.88,3904947.0,0.0,1.0,8.93,2.4,2.28,0.569105788952578,11.21
282,2019-02-19,306.56,311.5442,305.47,305.64,305.64,4168443.0,0.0,1.0,10.2,2.7300000000000004,3.36,0.499269605785496,13.56
283,2019-02-20,304.41,306.3,299.0,302.56,302.56,7142117.0,0.0,1.0,10.6,3.22,3.6,0.437657367901528,14.2
284,2019-02-21,301.81,303.2399,290.5,291.23,291.23,8909182.0,0.0,1.0,10.8,3.3600000000000003,3.92,0.376454878149115,14.72
285,2019-02-22,294.49,296.5,292.1,294.71,294.71,5740558.0,0.0,1.0,10.8,4.340000000000002,4.64,0.319307140305944,15.44
286,2019-02-25,297.91,302.9044,297.0005,298.77,298.77,6626522.0,0.0,1.0,14.21,7.81,8.4,0.162211591597984,22.61
287,2019-02-26,292.22,302.01,288.7701,297.86,297.86,8582535.0,0.0,1.0,15.95,11.0,12.0,-0.4261307951315421,27.95
288,2019-02-27,301.78,316.295,300.55,314.74,314.74,11183908.0,0.0,1.0,14.499999999999998,9.35,9.24,-0.6138635984558111,23.74
289,2019-02-28,318.92,320.0,310.81,319.88,319.88,10520653.0,0.0,1.0,29.0,9.02,9.6,-0.27883483109357504,38.6
290,2019-03-01,306.94,307.13,291.9,294.79,294.79,22911375.0,0.0,1.0,22.04,9.35,10.8,0.2381012879671,32.84
291,2019-03-04,298.12,299.0,282.78,285.36,285.36,17096818.0,0.0,1.0,12.32,6.66,6.84,-0.3922493279815821,19.16
292,2019-03-05,282.0,284.0,270.1,276.54,276.54,18764740.0,0.0,1.0,10.64,5.67,6.66,-0.330741978698144,17.3
293,2019-03-06,276.48,281.5058,274.39,276.24,276.24,10335485.0,0.0,1.0,9.8,6.39,7.1999999999999975,-0.286955333672458,17.0
294,2019-03-07,278.84,284.7,274.25,276.59,276.59,9442483.0,0.0,1.0,9.8,7.109999999999999,7.1999999999999975,-0.329856028883775,17.0
295,2019-03-08,276.91,285.59,275.89,284.14,284.14,8819625.0,0.0,1.0,9.24,6.48,6.029999999999999,-0.402878397104794,15.27
296,2019-03-11,283.52,291.28,280.5,290.92,290.92,7392278.0,0.0,1.0,12.6,3.5000000000000004,4.88,-0.2851649316539569,17.48
297,2019-03-12,286.49,288.07,281.06,283.36,283.36,7504137.0,0.0,1.0,11.55,4.2700000000000005,5.28,-0.17994248804536606,16.830000000000002
298,2019-03-13,283.9,291.99,282.7,288.96,288.96,6844719.0,0.0,1.0,10.85,3.850000000000001,4.4,-0.174693179138242,15.25
299,2019-03-14,292.45,295.39,288.29,289.96,289.96,7103447.0,0.0,1.0,14.35,3.2900000000000005,4.24,0.0218886295664338,18.59
300,2019-03-15,283.51,283.7244,274.4,275.43,275.43,14785531.0,0.0,1.0,35.0,4.550000000000002,5.68,-0.17600314897432506,40.68
301,2019-03-18,276.0,278.05,267.3,269.49,269.49,10280980.0,0.0,1.0,12.04,2.82,3.640000000000001,-0.7515469725142769,15.68
302,2019-03-19,267.5,273.3,263.46,267.47,267.47,11800630.0,0.0,1.0,10.920000000000002,3.66,5.040000000000001,-0.4727845290987229,15.960000000000004
303,2019-03-20,269.69,274.97,266.3,273.6,273.6,6908224.0,0.0,1.0,9.8,3.3,4.83,-0.28224201296273804,14.63
304,2019-03-21,272.6,276.45,268.45,274.02,274.02,5947098.0,0.0,1.0,9.52,2.94,4.41,-0.0441352339770261,13.93
305,2019-03-22,272.58,272.8,264.0,264.53,264.53,8745609.0,0.0,1.0,9.8,2.94,3.99,0.214505744204234,13.79
306,2019-03-25,259.71,263.18,254.46,260.42,260.42,10215029.0,0.0,1.0,7.36,2.0,2.76,0.3694484864772721,10.12
307,2019-03-26,264.44,270.26,264.43,267.77,267.77,7350948.0,0.0,1.0,6.67,2.2,3.0,0.589550112640845,9.67
308,2019-03-27,268.75,275.37,268.1838,274.83,274.83,8779166.0,0.0,1.0,6.67,2.2,2.94,0.601916859137995,9.61
309,2019-03-28,277.16,280.33,275.1,278.62,278.62,6774093.0,0.0,1.0,6.67,1.9,2.7,0.603857495727844,9.37
310,2019-03-29,278.7,280.16,274.5,279.86,279.86,5991338.0,0.0,1.0,7.36,2.2,2.28,0.6228387839312629,9.64
311,2019-04-01,282.62,289.2,281.281,289.18,289.18,8110439.0,0.0,1.0,15.0,11.0,11.0,0.6021267541747779,26.0
312,2019-04-02,288.3,289.44,283.88,285.88,285.88,5478940.0,0.0,1.0,17.0,6.2700000000000005,6.6,-0.271435670752873,23.6
313,2019-04-03,287.32,296.17,287.17,291.81,291.81,7929864.0,0.0,1.0,16.75,4.29,4.95,-0.37887706981507896,21.7
314,2019-04-04,261.89,271.2,260.59,267.78,267.78,23720729.0,0.0,1.0,21.5,5.06,5.17,-0.3845881381660449,26.67
315,2019-04-05,269.86,276.1,266.11,274.96,274.96,13038257.0,0.0,1.0,18.0,4.4,4.95,-0.7307997277455941,22.95
316,2019-04-08,277.69,281.16,270.44,273.2,273.2,10410436.0,0.0,1.0,15.6,1.68,2.3800000000000003,-0.614133167769747,17.98
317,2019-04-09,271.65,275.0,269.61,272.31,272.31,5904031.0,0.0,1.0,13.68,1.68,2.31,-0.271756653731886,15.99
318,2019-04-10,276.74,278.38,272.8925,276.06,276.06,7061314.0,0.0,1.0,13.92,1.86,2.1700000000000004,0.0986993621577267,16.09
319,2019-04-11,268.3,270.5,265.6,268.42,268.42,9835927.0,0.0,1.0,14.4,1.7999999999999998,2.31,0.21811735047871805,16.71
320,2019-04-12,270.22,271.95,266.83,267.7,267.7,6745974.0,0.0,1.0,17.04,2.28,2.8000000000000003,0.23012898072300106,19.84
321,2019-04-15,268.63,268.88,258.63,266.38,266.38,10038579.0,0.0,1.0,12.54,1.74,2.64,-0.114625020765309,15.18
322,2019-04-16,265.75,275.0,264.72,273.36,273.36,7272930.0,0.0,1.0,13.2,1.68,2.64,0.2349684115994561,15.84
323,2019-04-17,274.75,274.79,268.535,271.23,271.23,5126468.0,0.0,1.0,13.2,1.56,2.4,0.29364936069836306,15.6
324,2019-04-18,271.23,274.84,269.75,273.26,273.26,5876325.0,0.0,1.0,12.54,1.68,2.32,0.36295432297360597,14.86
325,2019-04-22,269.0,269.68,262.48,262.75,262.75,12147141.0,0.0,1.0,27.9,3.87,3.87,0.40892566384714396,31.77
326,2019-04-23,260.15,265.6,255.75,263.9,263.9,10943859.0,0.0,1.0,28.21,4.5,4.23,-0.5893091588791279,32.44
327,2019-04-24,263.85,265.32,258.0,258.66,258.66,10727454.0,0.0,1.0,31.0,3.78,4.32,-0.613765509151523,35.32
328,2019-04-25,255.0,259.0,246.07,247.63,247.63,21849393.0,0.0,1.0,30.07,3.69,3.96,-0.653837240214365,34.03
329,2019-04-26,246.5,246.68,231.13,235.14,235.14,22360709.0,0.0,1.0,22.94,3.15,3.24,-0.6576658884521469,26.18
330,2019-04-29,235.86,243.98,232.17,241.47,241.47,16714476.0,0.0,1.0,17.16,1.98,2.1700000000000004,-0.559155548290236,19.33
331,2019-04-30,242.06,244.21,237.0,238.69,238.69,9464628.0,0.0,1.0,17.94,2.1,2.7300000000000004,-0.335423394049508,20.67
332,2019-05-01,238.85,240.0,231.5,234.01,234.01,10704354.0,0.0,1.0,20.28,3.3,4.9700000000000015,-0.361598491739811,25.250000000000004
333,2019-05-02,245.52,247.13,237.72,244.1,244.1,18159339.0,0.0,1.0,21.32,3.66,4.9700000000000015,-0.5856619771025229,26.29000000000001
334,2019-05-03,243.86,256.61,243.49,255.03,255.03,23706771.0,0.0,1.0,21.84,3.96,5.32,-0.597642547747916,27.16
335,2019-05-06,250.02,258.3499,248.5,255.34,255.34,10833943.0,0.0,1.0,17.16,4.130000000000001,4.48,-0.599681211719313,21.64
336,2019-05-07,256.8,257.21,245.1,247.06,247.06,10131408.0,0.0,1.0,18.72,4.2700000000000005,4.130000000000001,-0.5112460500563211,22.85
337,2019-05-08,246.94,250.599,244.2,244.84,244.84,6176440.0,0.0,1.0,18.98,4.130000000000001,4.340000000000002,-0.587728993793034,23.32
338,2019-05-09,242.0,243.68,236.9434,241.98,241.98,6711382.0,0.0,1.0,19.5,4.9,4.9,-0.6046460987804799,24.4
339,2019-05-10,239.75,241.99,236.02,239.52,239.52,7008336.0,0.0,1.0,24.96,7.000000000000001,7.000000000000001,-0.642708850840196,31.96
340,2019-05-13,232.01,232.47,224.5,227.01,227.01,10834796.0,0.0,1.0,18.75,3.96,4.550000000000002,-0.701494155193759,23.3
341,2019-05-14,229.3,234.5,228.0,232.31,232.31,7252412.0,0.0,1.0,20.75,3.12,3.99,-0.549616657001339,24.74
342,2019-05-15,229.32,232.44,225.25,231.95,231.95,7295976.0,0.0,1.0,18.75,3.72,4.0600000000000005,-0.57190410741676,22.81
343,2019-05-16,229.49,231.0,226.5,228.33,228.33,7483273.0,0.0,1.0,19.25,3.66,4.340000000000002,-0.5707315232222769,23.590000000000003
344,2019-05-17,221.96,222.24,208.92,211.03,211.03,17786666.0,0.0,1.0,22.0,4.26,5.250000000000001,-0.609202285241964,27.25
345,2019-05-20,202.8,206.0,195.25,205.36,205.36,20526195.0,0.0,1.0,23.8,5.32,5.84,-0.705479674367972,29.64
346,2019-05-21,197.76,207.4,196.04,205.08,205.08,18003899.0,0.0,1.0,24.92,4.2,5.36,-0.72149539025213,30.28
347,2019-05-22,199.1,203.94,191.78,192.73,192.73,18685187.0,0.0,1.0,26.320000000000004,4.69,5.76,-0.704933598927168,32.080000000000005
348,2019-05-23,194.34,199.465,186.22,195.49,195.49,26547142.0,0.0,1.0,28.000000000000004,4.83,5.44,-0.7273224430912242,33.440000000000005
349,2019-05-24,199.83,199.98,188.7505,190.63,190.63,14136572.0,0.0,1.0,23.520000000000003,4.9700000000000015,5.92,-0.720332466740003,29.440000000000005
350,2019-05-28,191.2,195.0,187.85,188.7,188.7,10312901.0,0.0,1.0,21.84,2.6,3.54,-0.6900102073944201,25.38
351,2019-05-29,187.1,192.39,185.0401,189.86,189.86,11968638.0,0.0,1.0,21.32,2.85,3.3,-0.6181051299535961,24.62
352,2019-05-30,188.75,192.255,187.02,188.22,188.22,7926475.0,0.0,1.0,21.32,2.8000000000000003,3.24,-0.623812451256719,24.56
353,2019-05-31,185.1,189.9204,184.1,185.16,185.16,10406732.0,0.0,1.0,21.06,2.5500000000000003,3.3,-0.6379027692837861,24.36
354,2019-06-03,185.51,186.68,176.9919,178.97,178.97,13064410.0,0.0,1.0,27.55,3.35,3.6,-0.640897516211829,31.15
355,2019-06-04,181.1,193.98,179.61,193.6,193.6,13807522.0,0.0,1.0,29.0,3.5,3.85,-0.7142594848857979,32.85
356,2019-06-05,198.68,201.2782,191.8486,196.59,196.59,13510756.0,0.0,1.0,25.81,4.0,3.8,-0.7140877794777521,29.61
357,2019-06-06,204.44,211.0,201.8,205.95,205.95,20242151.0,0.0,1.0,25.52,3.2,3.35,-0.6938312840492171,28.87
358,2019-06-07,205.0,210.8438,203.499,204.5,204.5,16003527.0,0.0,1.0,25.81,2.75,2.9000000000000004,-0.6838287131863799,28.71
359,2019-06-10,210.25,216.94,209.01,212.88,212.88,10585039.0,0.0,1.0,21.6,2.5500000000000003,2.75,-0.693684529654181,24.35
360,2019-06-11,219.1435,220.9,213.5,217.1,217.1,11653537.0,0.0,1.0,22.95000000000001,3.0,2.9000000000000004,-0.6350541737180829,25.85000000000001
361,2019-06-12,222.95,223.38,209.0,209.26,209.26,15197544.0,0.0,1.0,24.840000000000003,3.1500000000000004,2.75,-0.6728003941641739,27.590000000000003
362,2019-06-13,210.38,214.9,207.5103,213.91,213.91,8168260.0,0.0,1.0,21.33,3.0500000000000003,3.45,-0.806459446485048,24.78
363,2019-06-14,211.25,216.65,210.4,214.92,214.92,7433402.0,0.0,1.0,20.25,3.1500000000000004,3.5,-0.8070787405819921,23.75
364,2019-06-17,215.48,227.0,214.27,225.03,225.03,12316803.0,0.0,1.0,20.54,5.76,6.0,-0.8031152448728721,26.54
365,2019-06-18,228.72,234.74,222.56,224.74,224.74,12715788.0,0.0,1.0,20.54,5.4,5.279999999999999,-0.806363106538371,25.82
366,2019-06-19,225.11,227.77,221.06,226.43,226.43,6575135.0,0.0,1.0,19.76,4.68,4.32,-0.817745200990529,24.08
367,2019-06-20,223.0,226.9,216.35,219.62,219.62,11863462.0,0.0,1.0,18.98,3.72,3.54,-0.81601380424089,22.52
368,2019-06-21,216.22,222.18,215.5,221.86,221.86,8202078.0,0.0,1.0,19.5,4.5,3.54,-0.804330858253807,23.04
369,2019-06-24,223.24,225.86,221.02,223.64,223.64,5750771.0,0.0,1.0,20.28,3.6,2.95,-0.816025917317017,23.23
370,2019-06-25,224.39,225.34,219.49,219.76,219.76,6182071.0,0.0,1.0,19.76,3.35,3.5,-0.819440512582654,23.26
371,2019-06-26,220.31,227.23,218.1,219.27,219.27,8507208.0,0.0,1.0,20.28,2.6500000000000004,2.85,-0.823032804547413,23.13000000000001
372,2019-06-27,219.45,222.9,217.35,222.84,222.84,6339710.0,0.0,1.0,18.98,2.75,2.8000000000000003,-0.8200283521648991,21.78
373,2019-06-28,220.99,225.17,220.8,223.46,223.46,6851384.0,0.0,1.0,21.06,4.9,4.65,-0.808307986761254,25.71
374,2019-07-01,230.21,233.0995,226.28,227.17,227.17,8237964.0,0.0,1.0,18.98,1.56,1.76,-0.808963232433243,20.74
375,2019-07-02,228.89,229.15,222.22,224.55,224.55,9259027.0,0.0,1.0,20.28,1.32,1.76,-0.748784805919863,22.04000000000001
376,2019-07-03,239.39,241.57,234.51,234.9,234.9,14201148.0,0.0,1.0,23.14,1.6,1.64,-0.7309164858906441,24.78
377,2019-07-05,234.57,235.45,230.8,233.1,233.1,7065738.0,0.0,1.0,18.72,1.56,1.6,-0.7490774659274391,20.32
378,2019-07-08,231.24,232.25,228.66,230.34,230.34,5880542.0,0.0,1.0,15.84,1.65,1.85,-0.6828687249544829,17.69
379,2019-07-09,228.97,231.0,227.28,230.06,230.06,6190835.0,0.0,1.0,16.08,1.95,2.35,-0.531283698388471,18.43
380,2019-07-10,234.15,238.94,233.14,238.92,238.92,9145736.0,0.0,1.0,18.24,2.2,2.5,-0.4481854124715071,20.74
381,2019-07-11,238.14,241.5,235.8,238.6,238.6,7514430.0,0.0,1.0,17.28,1.95,2.25,-0.4731056083249389,19.53
382,2019-07-12,239.75,245.38,239.71,245.08,245.08,9200521.0,0.0,1.0,16.32,2.25,2.7,-0.439901505456981,19.02
383,2019-07-15,248.0,254.42,244.86,253.5,253.5,11000092.0,0.0,1.0,17.25,4.5600000000000005,3.78,-0.405615652792553,21.03
384,2019-07-16,249.3,253.53,247.9325,252.38,252.38,8148989.0,0.0,1.0,18.75,4.24,3.99,-0.498100227497641,22.74
385,2019-07-17,255.67,258.31,253.35,254.86,254.86,9764727.0,0.0,1.0,19.5,8.0,7.000000000000001,-0.589593468142548,26.5
386,2019-07-18,255.05,255.75,251.885,253.54,253.54,4764483.0,0.0,1.0,18.0,6.96,6.23,-0.6433519558838989,24.23
387,2019-07-19,255.69,259.96,254.62,258.18,258.18,7048410.0,0.0,1.0,18.5,5.36,5.670000000000001,-0.6809884300792839,24.17
388,2019-07-22,258.75,262.155,254.1911,255.68,255.68,6846273.0,0.0,1.0,19.32,3.42,4.08,-0.7082537696737391,23.4
389,2019-07-23,256.71,260.48,254.5,260.17,260.17,5023121.0,0.0,1.0,20.44,2.58,3.12,-0.718548677598443,23.56
390,2019-07-24,259.17,266.07,258.1601,264.88,264.88,11072835.0,0.0,1.0,26.320000000000004,2.88,3.24,-0.7322029539825771,29.56
391,2019-07-25,233.5,234.5,225.5501,228.82,228.82,22418252.0,0.0,1.0,28.000000000000004,2.94,3.9,-0.750511499194965,31.9
392,2019-07-26,226.92,230.26,222.25,228.04,228.04,10027697.0,0.0,1.0,22.12,3.3,3.66,-0.804655418458838,25.78
393,2019-07-29,227.09,235.94,226.0325,235.77,235.77,9273331.0,0.0,1.0,16.32,2.25,2.3000000000000003,-0.8008258894306279,18.62
394,2019-07-30,232.9,243.36,232.18,242.26,242.26,8109014.0,0.0,1.0,17.759999999999994,2.2,2.95,-0.7300125253581479,20.709999999999994
395,2019-07-31,243.0,246.68,236.6501,241.61,241.61,9178208.0,0.0,1.0,17.28,2.1,2.6,-0.707796196927898,19.880000000000006
396,2019-08-01,242.65,244.51,231.77,233.85,233.85,8259516.0,0.0,1.0,21.12,3.5,2.95,-0.660725285753441,24.07
397,2019-08-02,231.35,236.27,229.23,234.34,234.34,6136481.0,0.0,1.0,22.56,2.75,3.5500000000000003,-0.7182665597907579,26.11
398,2019-08-05,229.6,231.3673,225.775,228.32,228.32,7028279.0,0.0,1.0,20.47,2.24,3.1500000000000004,-0.7499937189565641,23.62
399,2019-08-06,231.88,232.5,225.75,230.75,230.75,5564200.0,0.0,1.0,20.7,2.52,3.25,-0.750391233109848,23.95
400,2019-08-07,226.5,233.5688,225.8,233.42,233.42,4776500.0,0.0,1.0,20.24,2.6,4.25,-0.7672316306293571,24.49
401,2019-08-08,234.45,239.8,232.65,238.3,238.3,5274349.0,0.0,1.0,19.55,2.56,3.25,-0.784276765550874,22.8
402,2019-08-09,236.0535,238.96,233.81,235.01,235.01,3898244.0,0.0,1.0,19.78,2.4,2.75,-0.7828053943481029,22.53
403,2019-08-12,232.99,235.77,228.75,229.01,229.01,4663937.0,0.0,1.0,21.16,3.6,5.4,-0.7820527858076378,26.56
404,2019-08-13,228.81,236.0,227.55,235.0,235.0,4868998.0,0.0,1.0,19.55,3.95,4.98,-0.802774632357604,24.53
405,2019-08-14,231.21,231.5,216.69,219.62,219.62,9562591.0,0.0,1.0,20.24,3.25,4.62,-0.812084013508624,24.86
406,2019-08-15,220.86,221.56,211.55,215.64,215.64,8231952.0,0.0,1.0,20.47,3.3000000000000003,4.44,-0.8248755821662241,24.91
407,2019-08-16,216.66,222.24,216.02,219.94,219.94,5207376.0,0.0,1.0,20.24,3.65,4.5,-0.836381824082935,24.74
408,2019-08-19,224.21,227.83,221.7,226.83,226.83,5311748.0,0.0,1.0,22.08,3.25,4.68,-0.8440320150335291,26.76
409,2019-08-20,227.62,229.09,224.54,225.86,225.86,4170527.0,0.0,1.0,21.16,3.5,4.62,-0.849727173956108,25.78
410,2019-08-21,222.01,223.22,217.6,220.83,220.83,7799744.0,0.0,1.0,22.08,4.0,5.22,-0.8573581750694549,27.3
411,2019-08-22,222.8,225.4,218.22,222.15,222.15,6564964.0,0.0,1.0,21.39,4.3500000000000005,5.16,-0.8694493913639809,26.55
412,2019-08-23,219.97,221.17,211.0,211.4,211.4,8559704.0,0.0,1.0,20.93,4.3,5.16,-0.875313878856124,26.09
413,2019-08-26,213.6,215.02,211.54,215.0,215.0,5054414.0,0.0,1.0,17.22,3.65,4.5,-0.879268080723655,21.72
414,2019-08-27,215.74,218.8,212.03,214.08,214.08,5420727.0,0.0,1.0,16.59,4.3500000000000005,6.0,-0.8527847878052349,22.59
415,2019-08-28,213.69,217.25,212.31,215.59,215.59,3223082.0,0.0,1.0,17.849999999999994,3.75,5.58,-0.8581446819708809,23.43
416,2019-08-29,219.0,223.4,218.0,221.71,221.71,5183104.0,0.0,1.0,19.53,3.8,5.7,-0.8625763213835379,25.23
417,2019-08-30,229.15,232.44,224.213,225.61,225.61,9327775.0,0.0,1.0,18.48,3.8,5.52,-0.8671180020020122,24.0
418,2019-09-03,224.08,228.95,223.16,225.01,225.01,5360546.0,0.0,1.0,15.62,1.84,3.96,-0.861878334223725,19.58
419,2019-09-04,226.89,228.46,219.205,220.68,220.68,5768696.0,0.0,1.0,16.5,2.0,3.9,-0.756912589981896,20.4
420,2019-09-05,222.5,229.8,220.85,229.58,229.58,7403322.0,0.0,1.0,15.18,2.04,4.2,-0.693722175121952,19.38
421,2019-09-06,227.2,229.64,225.17,227.45,227.45,4189372.0,0.0,1.0,14.96,2.24,3.96,-0.6125289671295239,18.92
422,2019-09-09,230.0,233.76,229.23,231.79,231.79,4802669.0,0.0,1.0,15.84,2.12,3.25,-0.5098110748263471,19.09
423,2019-09-10,230.8,235.54,228.94,235.54,235.54,4883714.0,0.0,1.0,17.6,2.52,3.1500000000000004,-0.426550297253791,20.75
424,2019-09-11,237.38,248.1741,236.0,247.1,247.1,10042777.0,0.0,1.0,16.5,2.2,3.2,-0.452956892759336,19.7
425,2019-09-12,247.7,253.5,244.4,245.87,245.87,8581210.0,0.0,1.0,17.6,2.12,3.3000000000000003,-0.41268204209891296,20.9
426,2019-09-13,246.96,248.45,244.865,245.2,245.2,5313145.0,0.0,1.0,16.06,2.24,3.2,-0.43377735352862,19.26
427,2019-09-16,246.0,247.43,241.17,242.81,242.81,4728096.0,0.0,1.0,16.330000000000002,3.0500000000000003,4.02,-0.3561977984651429,20.35
428,2019-09-17,242.47,245.6,240.37,244.79,244.79,3946909.0,0.0,1.0,16.330000000000002,3.35,4.2,-0.40846979257059707,20.53
429,2019-09-18,245.0,248.1685,242.37,243.49,243.49,4228103.0,0.0,1.0,17.94,2.7,3.66,-0.46513791959514,21.6
430,2019-09-19,246.0,247.94,244.84,246.6,246.6,4883135.0,0.0,1.0,17.48,2.85,3.96,-0.5258061881409221,21.44
431,2019-09-20,246.49,246.946,238.16,240.62,240.62,6506264.0,0.0,1.0,17.25,3.1,4.2,-0.5659567523325589,21.45
432,2019-09-23,240.0,245.1794,239.22,241.23,241.23,4391630.0,0.0,1.0,19.25,2.75,3.96,-0.612016073053525,23.21
433,2019-09-24,241.52,241.99,222.61,223.21,223.21,12941112.0,0.0,1.0,20.25,2.85,4.2,-0.663017276186615,24.45
434,2019-09-25,224.56,228.98,218.36,228.7,228.7,9444286.0,0.0,1.0,20.0,3.0500000000000003,3.84,-0.7323635451853799,23.84
435,2019-09-26,230.66,243.31,227.4,242.56,242.56,12078785.0,0.0,1.0,21.25,2.6500000000000004,4.32,-0.751467197337062,25.57
436,2019-09-27,242.2,248.71,238.73,242.13,242.13,11123179.0,0.0,1.0,22.75,2.6,3.6,-0.7588293562301139,26.35
437,2019-09-30,243.0,243.98,236.1111,240.87,240.87,5946161.0,0.0,1.0,21.32,5.64,6.9300000000000015,-0.7868129943080721,28.25
438,2019-10-01,241.5,245.95,239.13,244.69,244.69,6196290.0,0.0,1.0,17.16,1.86,2.45,-0.7971875102816941,19.61
439,2019-10-02,243.29,244.65,239.43,243.13,243.13,6256548.0,0.0,1.0,18.72,1.86,2.5200000000000005,-0.701414973834504,21.24
440,2019-10-03,231.86,234.48,224.28,233.03,233.03,15137763.0,0.0,1.0,17.68,1.68,2.24,-0.6522428923906801,19.92
441,2019-10-04,231.61,234.78,228.07,231.43,231.43,8021180.0,0.0,1.0,17.68,1.38,2.03,-0.536788219276794,19.71
442,2019-10-07,229.8,238.56,228.55,237.72,237.72,8086957.0,0.0,1.0,14.4,1.3,1.68,-0.4253080488814821,16.080000000000002
443,2019-10-08,235.87,243.94,234.5,240.05,240.05,8702338.0,0.0,1.0,14.88,1.25,1.92,-0.125208879361373,16.8
444,2019-10-09,241.32,247.295,240.65,244.53,244.53,6935033.0,0.0,1.0,15.12,1.3,1.68,0.0440812773435673,16.8
445,2019-10-10,245.28,249.28,241.58,244.74,244.74,6313417.0,0.0,1.0,15.36,1.15,1.7999999999999998,0.182443440030732,17.16
446,2019-10-11,247.15,251.08,246.81,247.89,247.89,8488159.0,0.0,1.0,14.88,1.15,1.68,0.297794839989086,16.560000000000002
447,2019-10-14,247.9,258.55,247.13,256.96,256.96,10226863.0,0.0,1.0,16.32,8.0,9.0,0.39715432510016097,25.32
448,2019-10-15,257.7,260.0,254.12,257.89,257.89,6479456.0,0.0,1.0,14.88,3.6,4.32,-0.0638488583290221,19.200000000000006
449,2019-10-16,257.39,262.1,256.92,259.75,259.75,6704303.0,0.0,1.0,14.88,2.56,2.88,-0.0749191643814102,17.76
450,2019-10-17,262.5,264.78,260.17,261.97,261.97,4779043.0,0.0,1.0,15.6,2.24,3.06,-0.0127881597484077,18.66
451,2019-10-18,260.7,262.8,255.1,256.95,256.95,5720888.0,0.0,1.0,14.88,2.16,2.07,0.0263069546528081,16.95
452,2019-10-21,258.33,259.5,250.18,253.5,253.5,5020339.0,0.0,1.0,17.689999999999994,1.05,1.25,0.158641168107587,18.939999999999994
453,2019-10-22,254.32,258.33,250.85,255.58,255.58,4625095.0,0.0,1.0,17.689999999999994,1.35,1.4500000000000002,0.22083819433090304,19.139999999999993
454,2019-10-23,254.5,256.14,251.35,254.68,254.68,11216182.0,0.0,1.0,23.2,1.25,1.3,0.25933293588046397,24.5
455,2019-10-24,298.37,304.93,289.2,299.68,299.68,29819231.0,0.0,1.0,29.0,1.35,1.5,0.000408111204561917,30.5
456,2019-10-25,297.72,330.0,296.11,328.13,328.13,30006091.0,0.0,1.0,24.36,1.15,1.4,-0.071929327009142,25.76
457,2019-10-28,327.54,340.84,322.6,327.71,327.71,18737839.0,0.0,1.0,19.76,1.89,2.48,0.0623705402338844,22.24
458,2019-10-29,319.99,324.3,314.75,316.22,316.22,12684267.0,0.0,1.0,17.68,2.24,2.72,0.113612412790301,20.4
459,2019-10-30,313.0,318.79,309.97,315.01,315.01,9641810.0,0.0,1.0,16.64,4.69,5.44,0.11229187666383099,22.08
460,2019-10-31,313.1,319.0,313.0,314.92,314.92,5066956.0,0.0,1.0,14.56,3.2900000000000005,3.76,0.16779870409286998,18.32
461,2019-11-01,316.32,316.48,309.8,313.31,313.31,6383929.0,0.0,1.0,1.56,1.2600000000000002,2.0,0.14038990666128198,3.56
462,2019-11-04,314.8,321.94,309.26,317.47,317.47,8787040.0,0.0,1.0,1.68,0.8500000000000001,1.38,-0.007792676890376641,3.06
463,2019-11-05,319.62,323.51,316.118,317.22,317.22,6943417.0,0.0,1.0,1.44,0.8,1.2,-0.136824968775652,2.64
464,2019-11-06,318.0,326.72,314.5,326.58,326.58,7940932.0,0.0,1.0,1.68,1.0,1.26,-0.222627036976448,2.94
465,2019-11-07,329.14,341.5,328.02,335.54,335.54,14467348.0,0.0,1.0,1.68,0.7000000000000001,1.2,-0.38866883858829,2.88
466,2019-11-08,334.5,337.46,332.5,337.14,337.14,6074221.0,0.0,1.0,1.68,0.75,1.3199999999999998,-0.5054144379088971,3.0
467,2019-11-11,343.95,349.19,342.0,345.09,345.09,9993689.0,0.0,1.0,1.75,0.75,1.33,-0.576731297767725,3.08
468,2019-11-12,346.9,350.37,344.04,349.93,349.93,7359383.0,0.0,1.0,1.75,0.8,1.54,-0.645355788965136,3.29
469,2019-11-13,355.0,356.33,345.18,346.11,346.11,8467863.0,0.0,1.0,1.75,1.0,1.4700000000000002,-0.6959246421950379,3.22
470,2019-11-14,346.11,353.84,342.91,349.35,349.35,6471703.0,0.0,1.0,2.0,0.9,1.4700000000000002,-0.728223900768833,3.47
471,2019-11-15,350.64,352.8,348.36,352.17,352.17,4812563.0,0.0,1.0,1.75,0.7000000000000001,1.33,-0.7637410013151521,3.08
472,2019-11-18,352.9165,353.15,346.1,349.99,349.99,4408505.0,0.0,1.0,8.0,2.04,2.66,-0.7937020984530991,10.66
473,2019-11-19,351.75,359.99,347.8,359.52,359.52,7736078.0,0.0,1.0,8.0,1.7999999999999998,2.5200000000000005,-0.783927923508468,10.52
474,2019-11-20,360.0,361.2,349.57,352.22,352.22,6733965.0,0.0,1.0,8.0,2.16,3.08,-0.802058802510592,11.08
475,2019-11-21,354.51,360.84,354.0039,354.83,354.83,6110013.0,0.0,1.0,13.0,2.76,7.000000000000001,-0.807480007993878,20.0
476,2019-11-22,340.16,341.0,330.0,333.04,333.04,16870642.0,0.0,1.0,100.0,11.52,13.72,-0.33414985683118,113.72
477,2019-11-25,344.32,344.57,334.46,336.34,336.34,12345765.0,0.0,1.0,30.6,11.2,11.68,0.35111331765762,42.28
478,2019-11-26,335.27,335.5,327.1,328.92,328.92,7956239.0,0.0,1.0,24.3,8.48,9.44,0.26420146836111397,33.74
479,2019-11-27,331.12,333.93,328.57,331.29,331.29,5563459.0,0.0,1.0,20.7,7.04,8.32,0.23793188446973604,29.02
480,2019-11-29,331.11,331.26,327.5,329.94,329.94,2465629.0,0.0,1.0,15.3,5.6000000000000005,5.6000000000000005,0.21403939650153891,20.9
481,2019-12-02,329.4,336.3827,328.6869999999999,334.87,334.87,6081986.0,0.0,1.0,30.26,6.21,7.9,0.15308075519084,38.16
482,2019-12-03,332.62,337.91,332.186,336.2,336.2,6613476.0,0.0,1.0,29.58,6.66,8.0,0.41742925529060704,37.58
483,2019-12-04,337.75,337.86,332.85,333.03,333.03,5536255.0,0.0,1.0,28.22,6.66,8.0,0.5360508146859699,36.22
484,2019-12-05,332.83,334.4227,327.25,330.37,330.37,3736976.0,0.0,1.0,26.86000000000001,7.649999999999999,8.8,0.5585951893996789,35.66000000000001
485,2019-12-06,335.0,338.86,334.77,335.89,335.89,7618937.0,0.0,1.0,25.840000000000003,8.82,10.0,0.580292164285943,35.84
486,2019-12-09,336.59,344.45,335.08,339.53,339.53,9040217.0,0.0,1.0,20.160000000000004,5.28,6.569999999999999,0.668261616698544,26.730000000000004
487,2019-12-10,339.96,350.73,339.31,348.84,348.84,8839951.0,0.0,1.0,19.32,5.68,7.02,0.530123595623615,26.34
488,2019-12-11,351.8765,357.1899,351.09,352.7,352.7,6919162.0,0.0,1.0,18.76,6.16,6.75,0.502789018457563,25.51
489,2019-12-12,354.92,362.74,353.23,359.68,359.68,7776211.0,0.0,1.0,19.6,4.64,6.21,0.500781333561048,25.81
490,2019-12-13,361.05,365.21,354.64,358.39,358.39,6574281.0,0.0,1.0,19.6,5.76,7.02,0.498199311652359,26.62
491,2019-12-16,362.55,383.61,362.5,381.5,381.5,18220940.0,0.0,1.0,19.72,2.88,2.88,0.545404301595517,22.6
492,2019-12-17,378.99,385.5,375.9,378.99,378.99,8503775.0,0.0,1.0,19.14,2.88,3.42,0.335764544487414,22.56
493,2019-12-18,380.63,395.22,380.58,393.15,393.15,14136392.0,0.0,1.0,20.01,3.0,3.42,0.277766037111588,23.43
494,2019-12-19,397.32,406.85,396.5,404.04,404.04,18120307.0,0.0,1.0,21.75,2.46,2.46,0.355338843718779,24.21
495,2019-12-20,410.29,413.0,400.185,405.59,405.59,14785206.0,0.0,1.0,20.59,2.94,3.42,0.419077784551198,24.01
496,2019-12-23,411.78,422.01,410.0,419.22,419.22,13332821.0,0.0,1.0,33.25,4.02,4.2,0.45936190199218696,37.45
497,2019-12-24,418.36,425.47,412.6875,425.25,425.25,8054720.0,0.0,1.0,32.2,3.42,4.130000000000001,0.7306157954239599,36.33000000000001
498,2019-12-26,427.91,433.48,426.35,430.94,430.94,10648289.0,0.0,1.0,28.35,3.06,3.5700000000000003,0.7543144757684951,31.92
499,2019-12-27,435.0,435.31,426.11,430.38,430.38,9956827.0,0.0,1.0,29.4,2.64,3.2900000000000005,0.704204383192191,32.69
500,2019-12-30,428.79,429.0,409.2589,414.7,414.7,12601265.0,0.0,1.0,23.1,4.62,4.62,0.6967967146884949,27.72
501,2019-12-31,405.0003,421.29,402.08,418.33,418.33,10292456.0,0.0,1.0,23.1,3.640000000000001,3.92,0.639783473791102,27.020000000000003
502,2020-01-02,424.5,430.6957,421.71,430.26,430.26,9558386.0,0.0,1.0,17.7,1.4700000000000002,1.6800000000000002,0.600125030196052,19.38
503,2020-01-03,440.5,454.0,436.92,443.01,443.01,17794697.0,0.0,1.0,18.6,1.4,1.7500000000000002,0.0745086611230135,20.35
504,2020-01-06,440.47,451.56,440.0,451.54,451.54,10157499.0,0.0,1.0,14.499999999999998,1.92,2.6,-0.10773629441815599,17.099999999999998
505,2020-01-07,461.4,471.63,453.355,469.06,469.06,18209138.0,0.0,1.0,17.689999999999994,3.12,4.03,-0.40463264025851897,21.719999999999995
506,2020-01-08,473.7,498.49,468.23,492.14,492.14,31199393.0,0.0,1.0,17.98,4.32,5.33,0.00640200451734672,23.31
507,2020-01-09,497.1,498.8,472.87,481.34,481.34,28463186.0,0.0,1.0,18.56,12.0,13.0,0.429452590661465,31.56
508,2020-01-10,481.79,484.94,473.7,478.15,478.15,12976832.0,0.0,1.0,15.95,7.3199999999999985,9.49,0.665083162366485,25.44
509,2020-01-13,493.5,525.63,492.0,524.86,524.86,26307458.0,0.0,1.0,19.5,1.96,2.64,0.5987219408570219,22.14
510,2020-01-14,544.255,547.41,524.9,537.92,537.92,29061377.0,0.0,1.0,20.4,1.7500000000000002,2.24,0.307392601378232,22.64
511,2020-01-15,529.76,537.84,516.7853,518.5,518.5,17368831.0,0.0,1.0,18.3,1.8200000000000005,2.32,0.214205455696728,20.62
512,2020-01-16,493.75,514.46,492.17,513.49,513.49,21736653.0,0.0,1.0,18.3,1.6800000000000002,2.16,0.0152461169741212,20.46
513,2020-01-17,507.61,515.6699,503.16,510.5,510.5,13629073.0,0.0,1.0,16.5,1.61,2.16,-0.12387993201655699,18.66
514,2020-01-21,530.25,548.58,528.41,547.2,547.2,17447270.0,0.0,1.0,17.099999999999998,1.33,1.8200000000000005,-0.3739560497655661,18.92
515,2020-01-22,571.89,594.5,559.1,569.56,569.56,31369028.0,0.0,1.0,20.4,1.96,2.31,-0.4888725447406261,22.71
516,2020-01-23,564.25,582.0,555.6027,572.2,572.2,19651042.0,0.0,1.0,19.5,2.24,2.1700000000000004,-0.00161730843044272,21.67
517,2020-01-24,570.63,573.86,554.26,564.82,564.82,14353600.0,0.0,1.0,17.4,2.1700000000000004,2.03,0.0842069635825518,19.43
518,2020-01-27,541.99,564.44,539.28,558.02,558.02,13608068.0,0.0,1.0,16.17,1.36,1.84,-0.23353369617373998,18.01
519,2020-01-28,568.49,576.81,558.08,566.9,566.9,11788493.0,0.0,1.0,17.490000000000002,1.6,1.92,-0.545475679847399,19.410000000000004
520,2020-01-29,575.69,589.7999,567.43,580.99,580.99,18216672.0,0.0,1.0,24.75,1.76,2.16,-0.517107483488032,26.91
521,2020-01-30,632.42,650.88,618.0,640.81,640.81,29005676.0,0.0,1.0,33.0,2.08,2.32,0.445053814390837,35.32
522,2020-01-31,640.0,653.0,632.52,650.57,650.57,15719266.0,0.0,1.0,23.43,3.36,3.6,0.774608994180405,27.03
523,2020-02-03,673.69,786.14,673.52,780.0,780.0,47233495.0,0.0,1.0,29.70000000000001,6.4,7.04,0.672490210450581,36.74000000000001
524,2020-02-04,882.96,968.9899,833.88,887.06,887.06,60938758.0,0.0,1.0,54.0,10.0,11.0,0.8208466178085859,65.0
525,2020-02-05,823.26,845.98,704.1106,734.7,734.7,48423837.0,0.0,1.0,49.14,7.8000000000000025,8.36,0.8298714231286239,57.5
526,2020-02-06,699.92,795.83,687.0,748.96,748.96,39880752.0,0.0,1.0,35.64,6.9,7.48,0.7492849254223258,43.12000000000001
527,2020-02-07,730.55,769.75,730.0,748.07,748.07,17063521.0,0.0,1.0,27.54000000000001,5.7,6.71,0.632415943996474,34.25000000000001
528,2020-02-10,800.0,819.99,752.4,771.28,771.28,24689163.0,0.0,1.0,15.3,4.0600000000000005,5.04,0.541378453572149,20.34
529,2020-02-11,768.79,783.5061,758.0,774.38,774.38,11697473.0,0.0,1.0,14.62,3.640000000000001,4.16,0.249357660141538,18.78
530,2020-02-12,777.87,789.75,763.37,767.29,767.29,12022470.0,0.0,1.0,13.260000000000002,3.43,4.08,0.0599062190069756,17.340000000000003
531,2020-02-13,741.84,818.0,735.0,804.0,804.0,26289348.0,0.0,1.0,15.3,3.640000000000001,4.32,-0.086681078518865,19.62
532,2020-02-14,787.22,812.97,785.5,800.03,800.03,15693711.0,0.0,1.0,13.94,3.78,4.4,-0.030449251897938,18.34
533,2020-02-18,841.6,860.0,832.36,858.4,858.4,16698369.0,0.0,1.0,13.94,3.850000000000001,4.24,-0.0827498911073185,18.18
534,2020-02-19,923.5,944.78,901.02,917.42,917.42,25422958.0,0.0,1.0,15.98,3.71,4.0,-0.123764122346013,19.98
535,2020-02-20,911.95,912.0,859.94,899.41,899.41,17634893.0,0.0,1.0,15.64,3.43,3.6,-0.00185280267038338,19.24
536,2020-02-21,906.98,913.06,880.45,901.0,901.0,14339446.0,0.0,1.0,13.6,3.99,4.64,-0.0667966352456296,18.24
537,2020-02-24,839.0,863.5,822.2,833.79,833.79,15192163.0,0.0,1.0,14.62,4.0600000000000005,4.8,-0.15428573796027806,19.42
538,2020-02-25,849.0,856.6,787.0,799.91,799.91,17290481.0,0.0,1.0,14.62,3.92,4.4,-0.0250686231237163,19.02
539,2020-02-26,782.5,813.31,776.11,778.8,778.8,14153843.0,0.0,1.0,13.94,3.2900000000000005,3.84,-0.0662373696336349,17.78
540,2020-02-27,730.0,739.77,669.0,679.0,679.0,24277160.0,0.0,1.0,14.96,3.08,3.52,-0.362504102982213,18.48
541,2020-02-28,629.7,690.52,611.52,667.99,667.99,24564171.0,0.0,1.0,16.66,3.71,4.08,-0.36187497520027295,20.74
542,2020-03-02,711.26,743.69,686.67,743.62,743.62,20194991.0,0.0,1.0,29.45,3.43,3.640000000000001,0.11951859710275504,33.09
543,2020-03-03,805.0,806.98,716.1106,745.51,745.51,25784003.0,0.0,1.0,27.9,3.1500000000000004,3.850000000000001,0.7769043688219929,31.75
544,2020-03-04,763.9603,766.52,724.7345,749.5,749.5,15048977.0,0.0,1.0,25.73,3.2900000000000005,3.5000000000000004,0.7330762224567821,29.23
545,2020-03-05,723.77,745.75,718.07,724.54,724.54,10852657.0,0.0,1.0,24.8,3.78,4.41,0.6740177594769561,29.21
546,2020-03-06,690.0035,707.0,684.27,703.48,703.48,12662918.0,0.0,1.0,24.8,4.550000000000002,5.040000000000001,0.667314827433525,29.840000000000003
547,2020-03-09,605.39,662.998,605.0,608.0,608.0,17073740.0,0.0,1.0,31.0,5.92,6.8,0.685321787954167,37.8
548,2020-03-10,659.43,668.0,608.0,645.33,645.33,15594443.0,0.0,1.0,27.9,6.88,8.0,0.6830192549787961,35.9
549,2020-03-11,640.2,653.58,613.0,634.23,634.23,13413587.0,0.0,1.0,26.04,5.04,6.5600000000000005,0.731962301764393,32.6
550,2020-03-12,580.89,594.5,546.25,560.55,560.55,18909052.0,0.0,1.0,28.21,4.5600000000000005,5.5200000000000005,0.665216710294119,33.730000000000004
551,2020-03-13,595.0,607.57,502.0,546.62,546.62,22640254.0,0.0,1.0,26.97,3.2,3.6,0.624892627720501,30.57
552,2020-03-16,469.4997,494.8699,442.17,445.07,445.07,20489464.0,0.0,1.0,24.3,3.01,2.66,0.578163988234185,26.96
553,2020-03-17,440.01,471.85,396.0,430.2,430.2,23994580.0,0.0,1.0,24.3,3.08,3.08,0.42734592504583896,27.38000000000001
554,2020-03-18,389.0,404.86,350.51,361.22,361.22,23625005.0,0.0,1.0,29.7,3.22,3.92,0.49514795580798404,33.62
555,2020-03-19,374.6965,452.0,358.46,427.64,427.64,30195460.0,0.0,1.0,27.9,5.040000000000001,5.250000000000001,0.441382994429124,33.15
556,2020-03-20,438.2,477.0,425.79,427.53,427.53,28285502.0,0.0,1.0,24.6,4.83,4.9700000000000015,0.7814155361685658,29.570000000000004
557,2020-03-23,433.6,441.9999,410.5,434.29,434.29,16454549.0,0.0,1.0,17.759999999999994,4.96,4.8,0.687223927345604,22.559999999999995
558,2020-03-24,477.3,513.69,474.0,505.0,505.0,22895170.0,0.0,1.0,18.0,7.28,6.8,0.45594132277002,24.8
559,2020-03-25,545.25,557.0,511.11,539.25,539.25,21222745.0,0.0,1.0,18.24,4.64,5.2,0.6737266260583431,23.44
560,2020-03-26,547.39,560.0,512.25,528.16,528.16,17422082.0,0.0,1.0,17.28,5.76,5.36,0.5299750523557921,22.64
561,2020-03-27,505.0,525.8,494.03,514.36,514.36,14377408.0,0.0,1.0,15.36,6.48,6.4,0.514846890468058,21.76
562,2020-03-30,510.26,516.6471,491.23,502.13,502.13,11998067.0,0.0,1.0,10.8,3.12,3.3,0.52351464468052,14.1
563,2020-03-31,501.25,542.96,497.0,524.0,524.0,17771485.0,0.0,1.0,11.4,2.88,2.76,-0.4623923018034221,14.16
564,2020-04-01,504.0,513.9548,475.1,481.56,481.56,13353180.0,0.0,1.0,12.6,1.62,1.86,-0.632294429900114,14.46
565,2020-04-02,481.03,494.2599,446.4,454.47,454.47,19858427.0,0.0,1.0,14.8,2.16,2.1,-0.617137429588481,16.900000000000002
566,2020-04-03,509.5,515.49,468.3901,480.01,480.01,22562076.0,0.0,1.0,14.4,2.1,2.04,-0.5121597544479379,16.44
567,2020-04-06,511.2,521.0,497.96,516.24,516.24,14901836.0,0.0,1.0,11.78,1.05,1.25,-0.593631977068216,13.03
568,2020-04-07,545.0,565.0,532.34,545.45,545.45,17919784.0,0.0,1.0,11.21,1.05,1.4500000000000002,-0.7534082034414542,12.66
569,2020-04-08,554.2,557.2081,533.33,548.84,548.84,12656024.0,0.0,1.0,12.54,1.35,1.4500000000000002,-0.752136774495932,13.989999999999998
570,2020-04-09,562.09,575.1818,557.11,573.0,573.0,13650000.0,0.0,1.0,11.21,0.9,1.25,-0.692260095804439,12.46
571,2020-04-13,590.16,652.0,580.53,650.95,650.95,22475421.0,0.0,1.0,14.49,1.14,1.3199999999999998,-0.7278184636074141,15.81
572,2020-04-14,698.97,741.88,692.43,709.89,709.89,30576511.0,0.0,1.0,16.59,1.14,1.44,-0.645498153849323,18.03
573,2020-04-15,742.0,753.13,710.0,729.83,729.83,23577001.0,0.0,1.0,15.12,1.26,1.26,-0.5443619802454571,16.38
574,2020-04-16,716.94,759.45,706.715,745.21,745.21,20657862.0,0.0,1.0,14.7,1.98,2.16,-0.6034203438700029,16.86
575,2020-04-17,772.28,774.95,747.66,753.89,753.89,13128237.0,0.0,1.0,14.7,2.1,2.22,-0.5751776881214771,16.919999999999998
576,2020-04-20,732.7,765.57,712.21,746.36,746.36,14746577.0,0.0,1.0,12.73,1.3199999999999998,1.86,-0.5741305483968001,14.59
577,2020-04-21,730.12,753.33,673.79,686.72,686.72,20209093.0,0.0,1.0,12.92,1.68,1.98,-0.682390653231124,14.9
578,2020-04-22,703.98,734.0,688.71,732.11,732.11,14224831.0,0.0,1.0,12.54,1.44,1.7999999999999998,-0.66436385291434,14.34
579,2020-04-23,727.6,734.0,703.13,705.63,705.63,13236697.0,0.0,1.0,11.78,1.68,1.98,-0.7156462335743241,13.76
580,2020-04-24,710.81,730.73,698.18,725.15,725.15,13237612.0,0.0,1.0,10.64,1.68,1.86,-0.704630144542338,12.5
581,2020-04-27,737.61,799.49,735.0,798.75,798.75,20681442.0,0.0,1.0,17.68,7.98,10.07,-0.7175201560084631,27.75
582,2020-04-28,795.64,805.0,756.69,769.12,769.12,15221964.0,0.0,1.0,19.24,6.46,7.41,0.534116862115119,26.65
583,2020-04-29,790.17,803.1999,783.16,800.51,800.51,16215982.0,0.0,1.0,24.44,12.16,12.73,0.6296049050888921,37.17
584,2020-04-30,855.19,869.82,763.5,781.88,781.88,28471854.0,0.0,1.0,26.0,19.0,19.0,0.7808522709966609,45.0
585,2020-05-01,755.0,772.77,683.04,701.32,701.32,32531807.0,0.0,1.0,26.0,3.8,3.61,0.7897159292802008,29.61
586,2020-05-04,701.0,762.0,698.0,761.19,761.19,19237090.0,0.0,1.0,16.1,9.0,9.0,0.514417165490073,25.1
587,2020-05-05,789.79,798.92,762.18,768.21,768.21,16991656.0,0.0,1.0,16.79,62.0,60.0,0.4793457249667321,76.78999999999998
588,2020-05-06,776.5,789.8,761.11,782.58,782.58,11123231.0,0.0,1.0,15.87,100.0,100.0,0.7420074962159109,115.87
589,2020-05-07,777.21,796.4,772.35,780.04,780.04,11527686.0,0.0,1.0,15.64,84.0,84.0,0.762114753280092,99.64
590,2020-05-08,793.77,824.0,787.01,819.42,819.42,16130087.0,0.0,1.0,16.560000000000002,61.0,60.0,0.685353026550981,76.56
