date,tesla,musk,elon
2017-01-01,10.920000000000002,1.2,1.32
2017-01-02,10.780000000000001,1.44,1.92
2017-01-03,11.340000000000002,1.5899999999999999,1.8
2017-01-04,14.000000000000002,1.38,2.12
2017-01-05,12.040000000000001,1.5,1.92
2017-01-06,12.180000000000001,1.23,1.52
2017-01-07,12.180000000000001,1.5,1.8
2017-01-08,10.790000000000001,1.23,1.6
2017-01-09,9.36,1.3499999999999999,2.0
2017-01-10,8.71,1.29,1.84
2017-01-11,9.36,0.99,2.04
2017-01-12,8.97,1.02,1.72
2017-01-13,11.18,1.68,1.56
2017-01-14,10.790000000000001,1.74,2.16
2017-01-15,10.08,2.04,2.48
2017-01-16,8.04,1.6199999999999999,2.04
2017-01-17,9.0,1.29,2.0
2017-01-18,9.48,1.17,1.52
2017-01-19,10.559999999999999,1.17,1.8
2017-01-20,9.0,1.5,1.68
2017-01-21,9.719999999999999,0.87,1.44
2017-01-22,9.36,1.56,2.2
2017-01-23,9.719999999999999,2.2800000000000002,2.35
2017-01-24,9.36,2.16,2.95
2017-01-25,9.36,3.36,3.5500000000000003
2017-01-26,9.719999999999999,3.48,3.7
2017-01-27,9.719999999999999,3.04,3.4000000000000004
2017-01-28,9.959999999999999,2.32,2.7
2017-01-29,9.12,3.9000000000000004,5.11
2017-01-30,9.6,5.0,7.000000000000001
2017-01-31,7.8,3.6500000000000004,5.74
2017-02-01,9.12,2.75,5.53
2017-02-02,8.28,2.5,5.040000000000001
2017-02-03,8.28,3.7,6.090000000000001
2017-02-04,8.04,3.7,5.180000000000001
2017-02-05,9.1,1.71,3.6500000000000004
2017-02-06,9.23,1.6199999999999999,3.1500000000000004
2017-02-07,9.23,1.77,3.5
2017-02-08,11.96,1.26,3.6
2017-02-09,10.27,1.23,3.3000000000000003
2017-02-10,9.620000000000001,1.47,3.0500000000000003
2017-02-11,9.36,0.9299999999999999,2.9000000000000004
2017-02-12,9.8,1.6,2.45
2017-02-13,10.920000000000002,1.92,3.85
2017-02-14,10.500000000000002,1.92,3.0500000000000003
2017-02-15,10.22,2.44,3.45
2017-02-16,10.780000000000001,2.32,3.75
2017-02-17,10.920000000000002,1.8800000000000001,3.25
2017-02-18,10.64,2.24,3.3000000000000003
2017-02-19,11.549999999999999,3.24,4.6000000000000005
2017-02-20,11.25,2.88,3.9000000000000004
2017-02-21,11.7,2.36,3.1500000000000004
2017-02-22,14.549999999999999,2.04,3.4000000000000004
2017-02-23,15.0,1.92,3.5500000000000003
2017-02-24,11.549999999999999,1.6,3.2
2017-02-25,12.15,1.76,2.8000000000000003
2017-02-26,8.97,1.48,2.5500000000000003
2017-02-27,10.66,2.68,4.3500000000000005
2017-02-28,10.790000000000001,4.0,5.0
2017-03-01,9.88,2.2800000000000002,3.1500000000000004
2017-03-02,10.27,1.56,2.1
2017-03-03,9.49,1.72,2.2
2017-03-04,10.530000000000001,1.44,1.85
2017-03-05,14.000000000000002,3.88,4.45
2017-03-06,10.500000000000002,1.48,2.6500000000000004
2017-03-07,10.360000000000001,1.56,2.6
2017-03-08,10.22,1.32,2.7
2017-03-09,10.500000000000002,1.44,2.0
2017-03-10,11.200000000000001,2.2800000000000002,2.6
2017-03-11,10.22,1.6400000000000001,2.0
2017-03-12,10.360000000000001,1.1099999999999999,1.4000000000000001
2017-03-13,10.080000000000002,1.1099999999999999,1.96
2017-03-14,10.780000000000001,1.2,2.48
2017-03-15,11.760000000000002,0.96,1.8
2017-03-16,11.340000000000002,1.08,1.6400000000000001
2017-03-17,10.360000000000001,0.99,1.56
2017-03-18,11.06,0.9299999999999999,1.36
2017-03-19,9.620000000000001,1.17,1.2
2017-03-20,9.1,0.99,1.52
2017-03-21,8.71,1.3199999999999998,1.52
2017-03-22,8.84,1.14,1.8
2017-03-23,9.23,1.08,1.36
2017-03-24,10.790000000000001,1.5,1.52
2017-03-25,11.18,1.41,1.28
2017-03-26,12.15,2.16,2.24
2017-03-27,11.7,3.06,4.2700000000000005
2017-03-28,14.25,5.88,7.000000000000001
2017-03-29,12.299999999999999,4.68,5.32
2017-03-30,12.6,4.14,4.550000000000001
2017-03-31,12.45,6.0,6.090000000000001
2017-04-01,10.2,1.6199999999999999,2.5900000000000003
2017-04-02,10.71,1.2,1.8599999999999999
2017-04-03,15.3,1.12,1.98
2017-04-04,17.0,1.12,1.98
2017-04-05,13.600000000000001,0.8,1.56
2017-04-06,12.24,0.68,1.56
2017-04-07,11.39,0.68,1.38
2017-04-08,12.750000000000002,0.68,1.2
2017-04-09,12.6,0.72,1.05
2017-04-10,16.74,0.84,1.4500000000000002
2017-04-11,15.84,0.8,1.4500000000000002
2017-04-12,13.68,0.72,1.3
2017-04-13,15.66,0.96,1.4500000000000002
2017-04-14,15.12,0.76,1.35
2017-04-15,14.58,0.68,1.0
2017-04-16,12.48,0.76,1.05
2017-04-17,11.84,0.64,1.2000000000000002
2017-04-18,11.200000000000001,0.72,1.3
2017-04-19,10.56,0.76,1.25
2017-04-20,11.68,0.72,1.25
2017-04-21,11.52,1.0,1.55
2017-04-22,11.84,0.8,1.3
2017-04-23,10.799999999999999,2.07,2.4299999999999997
2017-04-24,10.799999999999999,9.0,9.0
2017-04-25,10.95,5.04,5.31
2017-04-26,9.9,2.61,2.9699999999999998
2017-04-27,10.65,2.4299999999999997,3.15
2017-04-28,10.35,3.06,3.15
2017-04-29,10.5,3.42,3.5999999999999996
2017-04-30,12.58,1.8599999999999999,2.3800000000000003
2017-05-01,12.24,6.0,7.000000000000001
2017-05-02,12.24,5.34,5.880000000000001
2017-05-03,13.090000000000002,5.279999999999999,5.040000000000001
2017-05-04,15.13,5.22,4.83
2017-05-05,11.9,4.68,4.69
2017-05-06,12.58,4.5,4.2
2017-05-07,12.24,3.6,3.6599999999999997
2017-05-08,12.6,3.5,3.7199999999999998
2017-05-09,12.42,2.9000000000000004,3.3
2017-05-10,16.2,3.45,3.54
2017-05-11,18.0,3.7,3.84
2017-05-12,16.02,4.7,4.32
2017-05-13,13.68,4.6000000000000005,4.4399999999999995
2017-05-14,12.8,3.64,3.45
2017-05-15,12.16,2.88,3.45
2017-05-16,11.36,2.52,2.6500000000000004
2017-05-17,10.72,2.68,2.5
2017-05-18,10.88,1.96,2.5
2017-05-19,10.56,2.72,3.2
2017-05-20,10.88,2.44,2.3000000000000003
2017-05-21,10.35,1.74,2.04
2017-05-22,9.9,1.5899999999999999,1.68
2017-05-23,9.6,1.53,1.72
2017-05-24,9.299999999999999,1.44,1.48
2017-05-25,9.9,1.26,1.76
2017-05-26,10.35,1.68,1.44
2017-05-27,10.35,1.38,1.6
2017-05-28,10.56,4.24,3.36
2017-05-29,10.4,5.28,4.32
2017-05-30,11.040000000000001,4.88,3.6
2017-05-31,10.56,7.84,5.6000000000000005
2017-06-01,13.44,8.0,8.0
2017-06-02,15.040000000000001,7.2,7.12
2017-06-03,14.08,2.96,2.72
2017-06-04,14.790000000000001,1.16,0.92
2017-06-05,13.090000000000002,0.84,0.88
2017-06-06,15.3,0.84,1.0
2017-06-07,17.0,0.88,0.92
2017-06-08,14.96,0.76,0.88
2017-06-09,16.32,0.76,0.96
2017-06-10,13.260000000000002,1.0,0.96
2017-06-11,12.96,0.72,0.92
2017-06-12,12.32,0.72,0.8
2017-06-13,13.92,0.64,0.88
2017-06-14,15.040000000000001,0.76,1.0
2017-06-15,12.64,0.88,1.12
2017-06-16,13.280000000000001,0.88,1.04
2017-06-17,14.4,1.0,1.0
2017-06-18,13.280000000000001,0.88,0.96
2017-06-19,12.96,0.76,1.08
2017-06-20,14.08,0.76,0.92
2017-06-21,13.6,0.72,0.88
2017-06-22,13.76,0.84,0.88
2017-06-23,13.44,0.76,1.0
2017-06-24,13.120000000000001,0.8,0.92
2017-06-25,14.08,0.96,1.04
2017-06-26,12.48,1.0,0.96
2017-06-27,13.120000000000001,0.76,0.88
2017-06-28,13.6,0.84,0.76
2017-06-29,13.280000000000001,1.08,1.08
2017-06-30,13.120000000000001,1.0,1.04
2017-07-01,3.84,1.36,1.8800000000000001
2017-07-02,9.24,2.3000000000000003,2.3000000000000003
2017-07-03,16.240000000000002,3.4000000000000004,3.45
2017-07-04,10.920000000000002,2.15,2.0
2017-07-05,11.200000000000001,1.7000000000000002,2.0500000000000003
2017-07-06,10.920000000000002,2.7,2.5500000000000003
2017-07-07,10.920000000000002,2.4000000000000004,2.75
2017-07-08,9.24,2.35,2.6500000000000004
2017-07-09,9.89,2.12,2.8000000000000003
2017-07-10,9.200000000000001,2.04,2.8000000000000003
2017-07-11,7.82,1.68,2.6
2017-07-12,6.9,1.8,2.75
2017-07-13,6.67,1.4000000000000001,1.9000000000000001
2017-07-14,6.21,1.32,1.9000000000000001
2017-07-15,6.44,1.76,2.2
2017-07-16,5.04,3.7199999999999998,3.42
2017-07-17,4.68,3.3,3.3
2017-07-18,5.04,2.94,3.36
2017-07-19,4.859999999999999,2.4,3.0
2017-07-20,5.04,5.58,5.76
2017-07-21,5.04,6.0,6.0
2017-07-22,4.68,3.3,3.54
2017-07-23,7.0200000000000005,3.1799999999999997,3.12
2017-07-24,6.5,2.4,2.82
2017-07-25,7.28,3.48,3.7199999999999998
2017-07-26,7.28,3.96,4.8
2017-07-27,7.54,3.1799999999999997,3.54
2017-07-28,11.18,3.3,3.48
2017-07-29,26.0,4.56,4.38
2017-07-30,19.2,2.8000000000000003,3.3000000000000003
2017-07-31,14.399999999999999,2.5,3.25
2017-08-01,26.7,3.8000000000000003,4.5
2017-08-02,27.3,3.7,3.6500000000000004
2017-08-03,30.0,3.6500000000000004,4.0
2017-08-04,23.7,2.8000000000000003,3.45
2017-08-05,22.5,3.0,3.5500000000000003
2017-08-06,14.91,6.0,6.0
2017-08-07,14.28,5.04,5.46
2017-08-08,13.44,5.04,5.46
2017-08-09,12.6,4.2,5.22
2017-08-10,12.6,4.5,4.5
2017-08-11,11.969999999999999,4.62,4.5
2017-08-12,12.18,3.9,4.4399999999999995
2017-08-13,9.690000000000001,2.52,3.1500000000000004
2017-08-14,8.5,2.6,4.05
2017-08-15,8.33,2.64,3.9000000000000004
2017-08-16,8.67,2.36,3.1500000000000004
2017-08-17,7.65,2.0,3.0
2017-08-18,8.5,1.8,3.25
2017-08-19,9.01,1.8,2.8000000000000003
2017-08-20,8.48,2.84,3.35
2017-08-21,7.2,1.96,3.25
2017-08-22,8.0,2.4,3.4000000000000004
2017-08-23,7.84,2.8000000000000003,3.85
2017-08-24,7.36,3.08,4.9
2017-08-25,7.5200000000000005,2.64,4.4
2017-08-26,7.84,1.96,3.6500000000000004
2017-08-27,6.6,2.08,3.85
2017-08-28,7.05,2.4,4.45
2017-08-29,6.8999999999999995,2.36,4.3500000000000005
2017-08-30,6.75,2.2800000000000002,4.2
2017-08-31,7.8,2.0,4.15
2017-09-01,12.15,1.12,2.15
2017-09-02,12.299999999999999,0.72,1.7000000000000002
2017-09-03,11.48,1.3,2.1
2017-09-04,10.920000000000002,1.9000000000000001,3.06
2017-09-05,10.360000000000001,2.25,3.7199999999999998
2017-09-06,10.22,1.6500000000000001,2.82
2017-09-07,10.360000000000001,1.35,2.16
2017-09-08,10.22,1.5,1.98
2017-09-09,10.080000000000002,1.25,2.1
2017-09-10,13.280000000000001,1.04,1.7000000000000002
2017-09-11,14.72,0.92,1.85
2017-09-12,13.280000000000001,1.16,2.0
2017-09-13,12.8,0.84,1.6500000000000001
2017-09-14,16.0,1.28,1.9500000000000002
2017-09-15,13.6,0.92,1.75
2017-09-16,14.08,0.96,1.7000000000000002
2017-09-17,12.96,0.54,1.9000000000000001
2017-09-18,14.4,0.8099999999999999,1.75
2017-09-19,12.8,0.63,1.7000000000000002
2017-09-20,12.96,0.63,1.8
2017-09-21,12.96,0.75,1.7000000000000002
2017-09-22,14.24,0.8099999999999999,1.7000000000000002
2017-09-23,12.64,0.63,1.55
2017-09-24,13.44,1.38,2.8000000000000003
2017-09-25,13.120000000000001,1.38,2.1700000000000004
2017-09-26,13.44,1.5,2.5200000000000005
2017-09-27,13.6,1.6199999999999999,2.8000000000000003
2017-09-28,13.280000000000001,2.58,3.22
2017-09-29,14.08,6.0,7.000000000000001
2017-09-30,14.08,3.84,5.250000000000001
2017-10-01,14.96,4.74,5.040000000000001
2017-10-02,13.430000000000001,2.88,4.0600000000000005
2017-10-03,15.98,4.32,4.41
2017-10-04,14.280000000000001,3.6599999999999997,3.5700000000000003
2017-10-05,14.620000000000001,3.12,4.340000000000001
2017-10-06,16.150000000000002,5.76,6.930000000000001
2017-10-07,16.150000000000002,6.0,7.000000000000001
2017-10-08,14.790000000000001,4.2,4.38
2017-10-09,14.450000000000001,3.1500000000000004,3.84
2017-10-10,14.450000000000001,3.4000000000000004,4.26
2017-10-11,13.430000000000001,2.95,3.3
2017-10-12,12.920000000000002,2.9000000000000004,3.06
2017-10-13,13.770000000000001,2.75,3.2399999999999998
2017-10-14,17.0,3.6500000000000004,3.54
2017-10-15,15.36,3.35,3.0500000000000003
2017-10-16,13.92,3.0,2.75
2017-10-17,13.120000000000001,2.4000000000000004,2.3000000000000003
2017-10-18,12.96,2.0500000000000003,2.3000000000000003
2017-10-19,13.120000000000001,2.9000000000000004,2.8000000000000003
2017-10-20,11.84,2.95,3.1500000000000004
2017-10-21,12.64,3.1,3.0500000000000003
2017-10-22,14.280000000000001,2.2,2.6999999999999997
2017-10-23,13.090000000000002,2.85,3.3
2017-10-24,13.600000000000001,2.8000000000000003,3.36
2017-10-25,15.13,2.6,3.54
2017-10-26,15.13,3.0,3.78
2017-10-27,14.450000000000001,2.7,3.42
2017-10-28,13.940000000000001,2.35,3.2399999999999998
2017-10-29,12.58,2.2,3.6599999999999997
2017-10-30,12.920000000000002,1.8800000000000001,3.6599999999999997
2017-10-31,13.430000000000001,1.8800000000000001,2.82
2017-11-01,2.5500000000000003,1.12,2.1
2017-11-02,3.2300000000000004,1.28,2.28
2017-11-03,2.72,1.08,1.74
2017-11-04,2.3800000000000003,1.24,2.52
2017-11-05,1.95,1.12,1.7000000000000002
2017-11-06,1.95,1.12,1.55
2017-11-07,2.25,0.92,1.8
2017-11-08,2.1,1.32,1.75
2017-11-09,1.95,1.16,2.0
2017-11-10,2.1,1.24,2.1
2017-11-11,1.95,1.2,2.6
2017-11-12,5.18,1.7500000000000002,2.48
2017-11-13,5.92,1.9600000000000002,3.2
2017-11-14,5.55,1.9600000000000002,3.12
2017-11-15,5.55,3.1500000000000004,3.84
2017-11-16,6.66,4.2700000000000005,4.32
2017-11-17,37.0,7.000000000000001,8.0
2017-11-18,20.72,4.83,6.0
2017-11-19,9.9,2.76,2.76
2017-11-20,9.6,2.46,2.58
2017-11-21,8.7,2.46,2.2199999999999998
2017-11-22,7.199999999999999,2.46,2.34
2017-11-23,7.5,3.3,3.0
2017-11-24,6.3,2.16,2.16
2017-11-25,6.3,2.34,3.0
2017-11-26,3.6,3.22,3.52
2017-11-27,3.4000000000000004,2.8000000000000003,3.12
2017-11-28,3.6,4.0600000000000005,4.4
2017-11-29,3.4000000000000004,3.3600000000000003,4.32
2017-11-30,3.4000000000000004,3.8500000000000005,4.48
2017-12-01,16.400000000000002,1.6800000000000002,2.4
2017-12-02,17.8,1.61,2.08
2017-12-03,15.12,1.1,1.3199999999999998
2017-12-04,14.399999999999999,1.0,1.3199999999999998
2017-12-05,13.68,0.9,1.3199999999999998
2017-12-06,12.24,0.8500000000000001,1.02
2017-12-07,12.959999999999999,0.9500000000000001,1.3199999999999998
2017-12-08,13.68,0.9,1.2
2017-12-09,12.42,0.8,1.14
2017-12-10,12.41,1.05,1.14
2017-12-11,11.22,0.8500000000000001,1.08
2017-12-12,12.750000000000002,0.8,1.14
2017-12-13,12.920000000000002,0.8,1.08
2017-12-14,11.39,1.0,1.3199999999999998
2017-12-15,11.22,0.9,1.14
2017-12-16,12.58,0.7000000000000001,0.96
2017-12-17,13.49,1.2,1.53
2017-12-18,11.97,1.04,1.3499999999999999
2017-12-19,14.25,1.2,1.6199999999999999
2017-12-20,14.63,1.52,2.34
2017-12-21,13.68,1.44,1.71
2017-12-22,14.63,1.44,1.89
2017-12-23,19.0,8.0,9.0
2017-12-24,17.8,3.68,3.08
2017-12-25,16.6,2.56,1.9600000000000002
2017-12-26,16.400000000000002,2.08,1.8200000000000003
2017-12-27,19.200000000000003,1.92,1.4700000000000002
2017-12-28,15.600000000000001,1.6,1.4700000000000002
2017-12-29,15.200000000000001,1.28,1.1900000000000002
2017-12-30,14.0,1.68,1.33
2017-12-31,12.24,1.2,1.02
2018-01-01,13.139999999999999,1.68,1.5
2018-01-02,14.58,1.98,1.74
2018-01-03,16.919999999999998,1.92,2.2199999999999998
2018-01-04,17.46,1.98,1.92
2018-01-05,15.66,2.28,2.34
2018-01-06,17.46,1.7999999999999998,1.74
2018-01-07,15.84,1.6,1.7999999999999998
2018-01-08,16.2,1.35,1.92
2018-01-09,14.76,1.4000000000000001,1.7999999999999998
2018-01-10,16.02,1.6,1.74
2018-01-11,15.84,1.2000000000000002,1.5
2018-01-12,16.38,1.4500000000000002,1.98
2018-01-13,17.099999999999998,1.3,1.56
2018-01-14,15.98,1.35,1.1
2018-01-15,17.0,1.25,1.3
2018-01-16,13.940000000000001,1.4000000000000001,1.4500000000000002
2018-01-17,14.110000000000001,1.1500000000000001,1.1
2018-01-18,12.750000000000002,1.35,1.3
2018-01-19,14.110000000000001,1.25,1.35
2018-01-20,14.96,1.35,1.05
2018-01-21,14.63,0.9500000000000001,1.44
2018-01-22,15.77,1.1,1.38
2018-01-23,18.05,1.8,2.2199999999999998
2018-01-24,18.05,1.5,2.16
2018-01-25,17.67,1.35,1.74
2018-01-26,17.48,1.2000000000000002,1.7999999999999998
2018-01-27,17.67,1.35,1.6199999999999999
2018-01-28,16.38,8.680000000000001,9.24
2018-01-29,16.2,12.88,11.48
2018-01-30,15.12,14.000000000000002,14.000000000000002
2018-01-31,15.12,9.66,9.100000000000001
2018-02-01,4.859999999999999,1.9600000000000002,1.9600000000000002
2018-02-02,5.04,1.6800000000000002,1.9600000000000002
2018-02-03,4.859999999999999,1.54,1.8200000000000003
2018-02-04,10.73,3.2,3.33
2018-02-05,9.25,4.0,4.07
2018-02-06,20.35,23.200000000000003,21.83
2018-02-07,37.0,40.0,37.0
2018-02-08,27.38,23.6,22.94
2018-02-09,19.98,16.0,14.8
2018-02-10,17.02,14.4,14.06
2018-02-11,10.12,6.29,6.460000000000001
2018-02-12,8.36,4.930000000000001,5.1000000000000005
2018-02-13,7.92,3.5700000000000003,3.91
2018-02-14,6.38,2.3800000000000003,2.89
2018-02-15,6.38,2.04,2.3800000000000003
2018-02-16,5.94,2.04,2.3800000000000003
2018-02-17,6.82,2.04,2.3800000000000003
2018-02-18,5.76,0.99,1.4000000000000001
2018-02-19,5.3999999999999995,0.8099999999999999,1.1
2018-02-20,4.859999999999999,0.99,1.2000000000000002
2018-02-21,4.859999999999999,0.99,1.2000000000000002
2018-02-22,5.04,0.99,1.1
2018-02-23,5.04,0.99,1.1
2018-02-24,5.22,0.8999999999999999,1.2000000000000002
2018-02-25,4.760000000000001,0.6300000000000001,0.88
2018-02-26,4.590000000000001,0.56,0.8
2018-02-27,4.42,0.49000000000000005,0.8
2018-02-28,4.25,0.56,0.72
2018-03-01,9.690000000000001,2.5200000000000005,3.68
2018-03-02,9.690000000000001,2.5900000000000003,4.0
2018-03-03,9.520000000000001,2.8000000000000003,4.0
2018-03-04,9.690000000000001,2.5200000000000005,3.0100000000000002
2018-03-05,9.180000000000001,2.3800000000000003,2.66
2018-03-06,9.690000000000001,2.5900000000000003,3.5000000000000004
2018-03-07,10.200000000000001,2.5200000000000005,2.87
2018-03-08,10.030000000000001,3.7800000000000002,3.5700000000000003
2018-03-09,10.370000000000001,3.5000000000000004,3.7800000000000002
2018-03-10,10.71,3.3600000000000003,3.5000000000000004
2018-03-11,9.120000000000001,7.7,9.0
2018-03-12,9.28,10.0,10.0
2018-03-13,9.44,5.1000000000000005,5.9
2018-03-14,8.8,5.800000000000001,6.1000000000000005
2018-03-15,9.120000000000001,5.300000000000001,6.7
2018-03-16,8.64,4.9,4.800000000000001
2018-03-17,8.32,4.0,3.9000000000000004
2018-03-18,9.520000000000001,3.7600000000000002,2.5200000000000005
2018-03-19,9.690000000000001,3.12,3.0100000000000002
2018-03-20,8.84,3.12,3.3600000000000003
2018-03-21,9.350000000000001,3.12,3.22
2018-03-22,9.180000000000001,3.2,2.7300000000000004
2018-03-23,10.540000000000001,4.16,4.340000000000001
2018-03-24,11.05,4.88,4.0600000000000005
2018-03-25,13.8,5.12,4.4
2018-03-26,14.49,5.44,5.6000000000000005
2018-03-27,17.48,3.52,4.08
2018-03-28,23.0,3.12,3.92
2018-03-29,22.310000000000002,2.96,3.7600000000000002
2018-03-30,20.93,2.96,3.7600000000000002
2018-03-31,20.7,3.2,3.2800000000000002
2018-04-01,17.16,7.36,7.36
2018-04-02,22.0,8.0,8.0
2018-04-03,17.6,6.8,6.72
2018-04-04,14.52,5.92,5.5200000000000005
2018-04-05,14.3,5.92,5.04
2018-04-06,14.52,4.4,4.4
2018-04-07,12.32,4.88,5.36
2018-04-08,9.719999999999999,3.06,4.340000000000001
2018-04-09,10.08,4.08,5.32
2018-04-10,10.98,3.36,5.250000000000001
2018-04-11,10.799999999999999,3.48,4.2700000000000005
2018-04-12,10.98,3.9,4.550000000000001
2018-04-13,10.799999999999999,4.14,5.11
2018-04-14,10.44,3.7199999999999998,4.69
2018-04-15,9.719999999999999,3.12,3.8500000000000005
2018-04-16,10.799999999999999,3.1799999999999997,5.250000000000001
2018-04-17,12.059999999999999,3.36,5.040000000000001
2018-04-18,10.799999999999999,3.54,4.69
2018-04-19,10.44,4.2,5.180000000000001
2018-04-20,10.08,2.6399999999999997,3.6400000000000006
2018-04-21,10.799999999999999,3.12,3.3600000000000003
2018-04-22,10.71,2.15,2.94
2018-04-23,10.030000000000001,3.0500000000000003,3.5999999999999996
2018-04-24,9.350000000000001,2.3000000000000003,2.94
2018-04-25,9.350000000000001,2.9000000000000004,3.7199999999999998
2018-04-26,9.690000000000001,3.0500000000000003,4.02
2018-04-27,9.01,2.5500000000000003,3.3
2018-04-28,9.180000000000001,2.25,2.94
2018-04-29,12.32,4.62,5.84
2018-04-30,12.1,3.8500000000000005,5.04
2018-05-01,12.32,0.8400000000000001,1.12
2018-05-02,16.5,1.05,1.28
2018-05-03,22.0,1.9600000000000002,2.4
2018-05-04,15.4,1.4700000000000002,1.68
2018-05-05,13.42,1.05,1.44
2018-05-06,12.389999999999999,4.6000000000000005,5.0
2018-05-07,13.65,5.6000000000000005,5.6000000000000005
2018-05-08,13.86,20.0,20.0
2018-05-09,13.44,12.4,12.8
2018-05-10,15.33,8.4,8.8
2018-05-11,15.54,7.2,7.2
2018-05-12,16.38,6.2,6.800000000000001
2018-05-13,14.4,1.92,2.0
2018-05-14,14.200000000000001,1.76,2.0
2018-05-15,13.200000000000001,1.52,1.68
2018-05-16,12.200000000000001,1.12,1.36
2018-05-17,12.200000000000001,1.2,1.36
2018-05-18,12.200000000000001,1.36,1.52
2018-05-19,11.8,1.28,1.44
2018-05-20,13.600000000000001,1.84,1.68
2018-05-21,14.8,1.04,1.28
2018-05-22,13.8,1.36,1.36
2018-05-23,11.8,1.36,1.52
2018-05-24,12.4,2.16,2.0
2018-05-25,13.0,1.68,2.0
2018-05-26,12.8,1.52,1.6
2018-05-27,10.44,1.7500000000000002,1.7500000000000002
2018-05-28,10.62,1.4700000000000002,1.54
2018-05-29,9.54,1.33,1.2600000000000002
2018-05-30,10.799999999999999,1.05,1.1900000000000002
2018-05-31,10.799999999999999,1.05,1.12
2018-06-01,13.139999999999999,3.6400000000000006,4.83
2018-06-02,13.68,3.7800000000000002,4.69
2018-06-03,13.5,3.54,4.26
2018-06-04,12.42,3.3,3.9
2018-06-05,13.68,3.48,4.32
2018-06-06,15.84,4.74,5.1
2018-06-07,14.76,3.12,4.5
2018-06-08,14.219999999999999,3.1799999999999997,3.78
2018-06-09,13.139999999999999,3.5999999999999996,4.02
2018-06-10,14.25,4.48,6.4
2018-06-11,14.44,4.48,6.8
2018-06-12,17.1,5.53,7.44
2018-06-13,17.29,4.2,6.5600000000000005
2018-06-14,14.82,5.95,7.28
2018-06-15,14.25,5.250000000000001,7.44
2018-06-16,15.01,6.370000000000001,7.76
2018-06-17,16.15,6.0,7.000000000000001
2018-06-18,17.67,4.02,5.11
2018-06-19,17.29,4.32,6.790000000000001
2018-06-20,14.44,3.9,4.970000000000001
2018-06-21,15.01,3.3,4.62
2018-06-22,14.82,3.6599999999999997,4.48
2018-06-23,14.25,3.36,4.62
2018-06-24,14.200000000000001,2.7,3.84
2018-06-25,15.200000000000001,2.0500000000000003,2.88
2018-06-26,15.4,2.2,3.6599999999999997
2018-06-27,16.0,2.5500000000000003,4.02
2018-06-28,19.0,3.35,5.04
2018-06-29,20.0,3.75,5.279999999999999
2018-06-30,18.400000000000002,2.9000000000000004,3.36
2018-07-01,17.64,1.28,1.52
2018-07-02,21.0,1.28,1.44
2018-07-03,17.43,1.12,1.12
2018-07-04,15.33,1.04,1.36
2018-07-05,16.59,0.8,1.2
2018-07-06,16.169999999999998,3.2,3.2800000000000002
2018-07-07,16.8,5.2,4.48
2018-07-08,16.59,14.82,15.12
2018-07-09,17.009999999999998,14.63,12.78
2018-07-10,17.64,13.11,13.86
2018-07-11,17.43,7.98,7.92
2018-07-12,17.009999999999998,8.93,9.18
2018-07-13,17.009999999999998,6.08,5.58
2018-07-14,16.38,6.84,7.02
2018-07-15,16.2,10.88,11.4
2018-07-16,15.200000000000001,16.0,15.0
2018-07-17,14.200000000000001,8.48,7.5
2018-07-18,15.600000000000001,6.72,6.45
2018-07-19,17.0,3.68,4.05
2018-07-20,16.2,3.84,3.3
2018-07-21,16.400000000000002,4.16,3.75
2018-07-22,17.64,1.7500000000000002,2.08
2018-07-23,17.64,1.61,1.84
2018-07-24,17.64,1.2600000000000002,1.6
2018-07-25,17.22,1.4700000000000002,1.52
2018-07-26,17.22,1.7500000000000002,2.32
2018-07-27,16.38,1.54,1.92
2018-07-28,15.959999999999999,1.33,1.68
2018-07-29,19.2,1.3199999999999998,1.33
2018-07-30,20.16,1.02,1.4700000000000002
2018-07-31,19.68,1.14,1.2600000000000002
2018-08-01,17.04,1.56,1.8900000000000001
2018-08-02,17.04,1.7999999999999998,2.45
2018-08-03,12.959999999999999,1.3199999999999998,1.8200000000000003
2018-08-04,11.04,1.6199999999999999,1.8900000000000001
2018-08-05,12.88,2.2,2.16
2018-08-06,12.88,2.2,1.89
2018-08-07,28.000000000000004,7.6000000000000005,6.029999999999999
2018-08-08,24.64,6.1000000000000005,5.9399999999999995
2018-08-09,17.92,4.2,3.51
2018-08-10,14.840000000000002,3.3000000000000003,2.88
2018-08-11,13.440000000000001,3.2,2.6999999999999997
2018-08-12,11.04,3.6400000000000006,3.9000000000000004
2018-08-13,12.719999999999999,5.74,6.24
2018-08-14,12.48,8.260000000000002,8.06
2018-08-15,11.52,5.880000000000001,5.46
2018-08-16,11.52,4.760000000000001,4.94
2018-08-17,15.6,14.000000000000002,13.0
2018-08-18,13.68,11.9,11.05
2018-08-19,10.34,6.6,7.04
2018-08-20,13.64,6.71,7.04
2018-08-21,11.66,5.5,5.17
2018-08-22,10.12,5.06,5.5
2018-08-23,9.9,4.29,4.73
2018-08-24,11.22,3.3,3.85
2018-08-25,12.1,4.07,4.62
2018-08-26,9.200000000000001,2.1,2.88
2018-08-27,9.8,1.6800000000000002,2.56
2018-08-28,9.4,1.9600000000000002,2.72
2018-08-29,8.8,2.45,3.2800000000000002
2018-08-30,9.0,2.0300000000000002,3.04
2018-08-31,9.200000000000001,1.8900000000000001,2.4
2018-09-01,7.6000000000000005,0.49000000000000005,0.88
2018-09-02,10.14,1.82,2.8600000000000003
2018-09-03,9.88,1.3,2.08
2018-09-04,10.66,1.56,2.34
2018-09-05,11.18,2.34,3.12
2018-09-06,10.66,2.34,2.8600000000000003
2018-09-07,26.0,26.0,26.0
2018-09-08,21.580000000000002,22.880000000000003,24.44
2018-09-09,13.780000000000001,9.68,11.5
2018-09-10,16.64,7.92,9.200000000000001
2018-09-11,16.12,6.16,7.36
2018-09-12,14.56,4.62,5.98
2018-09-13,13.0,4.62,5.5200000000000005
2018-09-14,12.48,4.18,4.37
2018-09-15,11.700000000000001,3.08,3.68
2018-09-16,9.24,1.44,1.7999999999999998
2018-09-17,10.34,1.92,2.28
2018-09-18,11.88,2.76,2.88
2018-09-19,11.66,1.7999999999999998,2.28
2018-09-20,10.78,1.3199999999999998,1.56
2018-09-21,10.34,1.44,1.44
2018-09-22,10.12,1.2,1.2
2018-09-23,10.66,1.2,1.65
2018-09-24,10.92,1.3499999999999999,1.5
2018-09-25,10.92,1.2,1.5
2018-09-26,11.18,1.3499999999999999,1.5
2018-09-27,16.64,3.3,3.4499999999999997
2018-09-28,23.14,5.1,5.7
2018-09-29,17.94,6.45,6.6
2018-09-30,21.75,12.0,13.02
2018-10-01,28.999999999999996,15.8,14.07
2018-10-02,23.779999999999998,9.8,9.45
2018-10-03,19.43,7.2,7.35
2018-10-04,18.27,7.4,7.9799999999999995
2018-10-05,19.43,7.0,6.93
2018-10-06,18.56,5.4,6.3
2018-10-07,12.959999999999999,2.52,2.8000000000000003
2018-10-08,17.04,3.06,4.1000000000000005
2018-10-09,16.56,2.4299999999999997,2.7
2018-10-10,15.6,1.89,2.3000000000000003
2018-10-11,13.92,1.89,2.0
2018-10-12,15.84,1.6199999999999999,2.1
2018-10-13,14.639999999999999,1.6199999999999999,2.0
2018-10-14,13.57,2.52,2.6
2018-10-15,13.110000000000001,2.76,3.38
2018-10-16,14.49,2.76,3.25
2018-10-17,12.88,2.52,2.73
2018-10-18,13.110000000000001,2.16,2.73
2018-10-19,16.560000000000002,4.92,4.68
2018-10-20,14.72,12.0,13.0
2018-10-21,14.82,8.06,7.840000000000001
2018-10-22,15.860000000000001,6.37,6.300000000000001
2018-10-23,18.72,4.94,5.040000000000001
2018-10-24,24.18,3.64,4.2
2018-10-25,22.36,3.5100000000000002,3.6400000000000006
2018-10-26,19.76,4.29,4.340000000000001
2018-10-27,16.38,3.25,3.6400000000000006
2018-10-28,12.76,2.08,2.16
2018-10-29,14.08,2.08,2.34
2018-10-30,12.540000000000001,1.76,2.07
2018-10-31,12.98,1.52,1.71
2018-11-01,19.8,5.6000000000000005,5.85
2018-11-02,22.0,6.640000000000001,6.39
2018-11-03,20.46,6.5600000000000005,6.21
2018-11-04,16.91,4.83,5.28
2018-11-05,16.34,5.390000000000001,5.68
2018-11-06,16.91,4.83,4.96
2018-11-07,14.82,4.550000000000001,5.68
2018-11-08,18.05,6.090000000000001,6.8
2018-11-09,17.29,4.340000000000001,4.88
2018-11-10,16.72,4.340000000000001,8.0
2018-11-11,16.34,4.26,4.550000000000001
2018-11-12,15.96,3.78,3.99
2018-11-13,15.77,4.5,4.760000000000001
2018-11-14,16.72,3.5999999999999996,3.99
2018-11-15,15.77,3.96,3.5000000000000004
2018-11-16,17.48,4.62,3.99
2018-11-17,16.53,3.9,3.7800000000000002
2018-11-18,16.72,3.5999999999999996,3.3
2018-11-19,16.91,4.2,3.12
2018-11-20,15.96,3.5999999999999996,3.06
2018-11-21,16.15,4.26,3.2399999999999998
2018-11-22,15.58,3.48,2.94
2018-11-23,16.15,3.0,2.6399999999999997
2018-11-24,15.2,3.12,2.88
2018-11-25,16.400000000000002,4.8,4.16
2018-11-26,16.2,6.72,5.28
2018-11-27,17.400000000000002,6.96,5.76
2018-11-28,18.0,8.0,6.5600000000000005
2018-11-29,18.400000000000002,7.6000000000000005,6.08
2018-11-30,18.8,6.72,5.6000000000000005
2018-12-01,15.200000000000001,2.08,2.48
2018-12-02,13.49,1.8200000000000003,2.1700000000000004
2018-12-03,14.63,1.9600000000000002,2.45
2018-12-04,14.63,1.9600000000000002,2.5200000000000005
2018-12-05,14.06,1.6800000000000002,2.0300000000000002
2018-12-06,14.25,1.6800000000000002,1.6800000000000002
2018-12-07,14.25,1.8900000000000001,2.0300000000000002
2018-12-08,13.870000000000001,2.3800000000000003,2.9400000000000004
2018-12-09,15.75,4.0,4.0
2018-12-10,18.48,10.0,10.0
2018-12-11,16.59,4.6000000000000005,5.6000000000000005
2018-12-12,15.959999999999999,3.6,3.4000000000000004
2018-12-13,17.43,3.4000000000000004,3.4000000000000004
2018-12-14,17.64,3.3000000000000003,3.8000000000000003
2018-12-15,17.22,3.2,3.4000000000000004
2018-12-16,18.26,2.4299999999999997,2.61
2018-12-17,17.82,2.34,2.52
2018-12-18,17.82,2.4299999999999997,2.6999999999999997
2018-12-19,18.92,5.58,5.58
2018-12-20,19.14,4.41,4.68
2018-12-21,18.92,2.88,3.96
2018-12-22,20.9,3.06,3.69
2018-12-23,22.32,2.0300000000000002,2.7300000000000004
2018-12-24,21.119999999999997,2.31,2.1700000000000004
2018-12-25,20.16,2.24,1.8900000000000001
2018-12-26,21.599999999999998,1.9600000000000002,2.0300000000000002
2018-12-27,24.0,2.1,1.8200000000000003
2018-12-28,21.84,2.1,2.0300000000000002
2018-12-29,22.08,1.61,1.9600000000000002
2018-12-30,19.55,1.38,1.6800000000000002
2018-12-31,19.55,1.38,1.8200000000000003
2019-01-01,16.560000000000002,4.62,4.340000000000001
2019-01-02,23.0,5.46,5.880000000000001
2019-01-03,19.78,4.859999999999999,5.74
2019-01-04,15.870000000000001,6.0,5.32
2019-01-05,18.17,5.819999999999999,5.74
2019-01-06,12.92,5.95,4.970000000000001
2019-01-07,14.25,5.32,5.040000000000001
2019-01-08,13.870000000000001,5.250000000000001,5.460000000000001
2019-01-09,13.3,6.0200000000000005,5.670000000000001
2019-01-10,14.06,5.8100000000000005,5.95
2019-01-11,13.68,6.790000000000001,6.580000000000001
2019-01-12,12.92,5.8100000000000005,5.390000000000001
2019-01-13,14.28,3.48,3.96
2019-01-14,13.65,4.08,4.2
2019-01-15,14.49,4.32,4.14
2019-01-16,14.7,3.6599999999999997,4.02
2019-01-17,14.7,4.14,4.14
2019-01-18,20.58,4.56,4.8
2019-01-19,18.27,4.2,4.26
2019-01-20,14.200000000000001,2.9000000000000004,3.7199999999999998
2019-01-21,13.0,2.6,3.06
2019-01-22,14.200000000000001,2.85,3.3
2019-01-23,14.600000000000001,3.5,4.08
2019-01-24,14.200000000000001,3.8000000000000003,4.32
2019-01-25,14.0,3.2,4.08
2019-01-26,14.200000000000001,3.45,3.54
2019-01-27,14.4,3.6599999999999997,3.99
2019-01-28,14.0,5.46,7.000000000000001
2019-01-29,14.0,5.76,5.95
2019-01-30,16.400000000000002,4.8,5.74
2019-01-31,16.6,4.74,5.6000000000000005
2019-02-01,9.600000000000001,2.28,2.5200000000000005
2019-02-02,9.4,3.12,3.0100000000000002
2019-02-03,9.200000000000001,2.6999999999999997,2.87
2019-02-04,10.4,2.6999999999999997,3.1500000000000004
2019-02-05,10.0,2.46,2.7300000000000004
2019-02-06,12.4,2.46,2.8000000000000003
2019-02-07,10.4,2.52,3.0100000000000002
2019-02-08,9.8,2.46,2.9400000000000004
2019-02-09,10.200000000000001,3.0,2.87
2019-02-10,9.5,2.88,2.6399999999999997
2019-02-11,9.5,2.6999999999999997,2.6999999999999997
2019-02-12,9.5,2.46,2.6399999999999997
2019-02-13,9.31,2.46,2.4
2019-02-14,9.5,2.28,2.2199999999999998
2019-02-15,8.93,2.4,2.28
2019-02-16,9.69,2.46,2.52
2019-02-17,10.8,2.45,3.2800000000000002
2019-02-18,9.0,2.31,2.96
2019-02-19,10.200000000000001,2.7300000000000004,3.36
2019-02-20,10.600000000000001,3.22,3.6
2019-02-21,10.8,3.3600000000000003,3.92
2019-02-22,10.8,4.340000000000001,4.64
2019-02-23,9.600000000000001,5.6000000000000005,5.92
2019-02-24,15.37,8.14,7.4399999999999995
2019-02-25,14.209999999999999,7.81,8.4
2019-02-26,15.95,11.0,12.0
2019-02-27,14.499999999999998,9.35,9.24
2019-02-28,28.999999999999996,9.02,9.6
2019-03-01,22.04,9.35,10.799999999999999
2019-03-02,12.469999999999999,10.12,12.0
2019-03-03,11.48,9.0,8.28
2019-03-04,12.32,6.66,6.84
2019-03-05,10.64,5.67,6.66
2019-03-06,9.8,6.39,7.199999999999999
2019-03-07,9.8,7.109999999999999,7.199999999999999
2019-03-08,9.24,6.4799999999999995,6.029999999999999
2019-03-09,9.520000000000001,5.13,5.85
2019-03-10,11.549999999999999,3.8500000000000005,4.8
2019-03-11,12.6,3.5000000000000004,4.88
2019-03-12,11.549999999999999,4.2700000000000005,5.28
2019-03-13,10.85,3.8500000000000005,4.4
2019-03-14,14.35,3.2900000000000005,4.24
2019-03-15,35.0,4.550000000000001,5.68
2019-03-16,17.849999999999998,3.5700000000000003,4.5600000000000005
2019-03-17,11.48,2.76,3.3600000000000003
2019-03-18,12.040000000000001,2.82,3.6400000000000006
2019-03-19,10.920000000000002,3.6599999999999997,5.040000000000001
2019-03-20,9.8,3.3,4.83
2019-03-21,9.520000000000001,2.94,4.41
2019-03-22,9.8,2.94,3.99
2019-03-23,9.8,2.76,3.7800000000000002
2019-03-24,8.05,2.25,2.58
2019-03-25,7.36,2.0,2.76
2019-03-26,6.67,2.2,3.0
2019-03-27,6.67,2.2,2.94
2019-03-28,6.67,1.9000000000000001,2.6999999999999997
2019-03-29,7.36,2.2,2.28
2019-03-30,7.590000000000001,2.15,2.82
2019-03-31,7.5,9.02,9.24
2019-04-01,15.0,11.0,11.0
2019-04-02,17.0,6.2700000000000005,6.6
2019-04-03,16.75,4.29,4.95
2019-04-04,21.5,5.06,5.17
2019-04-05,18.0,4.4,4.95
2019-04-06,15.5,3.96,3.3
2019-04-07,16.32,1.92,2.24
2019-04-08,15.6,1.68,2.3800000000000003
2019-04-09,13.68,1.68,2.31
2019-04-10,13.92,1.8599999999999999,2.1700000000000004
2019-04-11,14.399999999999999,1.7999999999999998,2.31
2019-04-12,17.04,2.28,2.8000000000000003
2019-04-13,16.8,1.8599999999999999,2.1700000000000004
2019-04-14,13.64,1.68,2.4
2019-04-15,12.540000000000001,1.74,2.64
2019-04-16,13.2,1.68,2.64
2019-04-17,13.2,1.56,2.4
2019-04-18,12.540000000000001,1.68,2.32
2019-04-19,13.2,1.6199999999999999,2.64
2019-04-20,14.96,3.2399999999999998,3.52
2019-04-21,22.94,4.68,4.77
2019-04-22,27.9,3.8699999999999997,3.8699999999999997
2019-04-23,28.21,4.5,4.2299999999999995
2019-04-24,31.0,3.78,4.32
2019-04-25,30.07,3.69,3.96
2019-04-26,22.94,3.15,3.2399999999999998
2019-04-27,21.08,2.6999999999999997,3.33
2019-04-28,17.42,1.74,1.7500000000000002
2019-04-29,17.16,1.98,2.1700000000000004
2019-04-30,17.94,2.1,2.7300000000000004
2019-05-01,20.28,3.3,4.970000000000001
2019-05-02,21.32,3.6599999999999997,4.970000000000001
2019-05-03,21.84,3.96,5.32
2019-05-04,20.28,3.42,3.9200000000000004
2019-05-05,19.5,4.550000000000001,3.99
2019-05-06,17.16,4.130000000000001,4.48
2019-05-07,18.72,4.2700000000000005,4.130000000000001
2019-05-08,18.98,4.130000000000001,4.340000000000001
2019-05-09,19.5,4.9,4.9
2019-05-10,24.96,7.000000000000001,7.000000000000001
2019-05-11,24.44,5.250000000000001,5.460000000000001
2019-05-12,22.0,4.62,4.130000000000001
2019-05-13,18.75,3.96,4.550000000000001
2019-05-14,20.75,3.12,3.99
2019-05-15,18.75,3.7199999999999998,4.0600000000000005
2019-05-16,19.25,3.6599999999999997,4.340000000000001
2019-05-17,22.0,4.26,5.250000000000001
2019-05-18,18.25,4.26,4.340000000000001
2019-05-19,21.28,4.550000000000001,4.96
2019-05-20,23.8,5.32,5.84
2019-05-21,24.92,4.2,5.36
2019-05-22,26.320000000000004,4.69,5.76
2019-05-23,28.000000000000004,4.83,5.44
2019-05-24,23.520000000000003,4.970000000000001,5.92
2019-05-25,22.680000000000003,4.62,4.96
2019-05-26,21.580000000000002,2.9000000000000004,3.6599999999999997
2019-05-27,19.5,2.8000000000000003,3.6599999999999997
2019-05-28,21.84,2.6,3.54
2019-05-29,21.32,2.85,3.3
2019-05-30,21.32,2.8000000000000003,3.2399999999999998
2019-05-31,21.060000000000002,2.5500000000000003,3.3
2019-06-01,19.240000000000002,3.35,3.9
2019-06-02,23.779999999999998,3.1500000000000004,3.0
2019-06-03,27.549999999999997,3.35,3.6
2019-06-04,28.999999999999996,3.5,3.85
2019-06-05,25.81,4.0,3.8000000000000003
2019-06-06,25.52,3.2,3.35
2019-06-07,25.81,2.75,2.9000000000000004
2019-06-08,26.099999999999998,3.0500000000000003,2.9000000000000004
2019-06-09,22.14,2.85,2.75
2019-06-10,21.6,2.5500000000000003,2.75
2019-06-11,22.950000000000003,3.0,2.9000000000000004
2019-06-12,24.840000000000003,3.1500000000000004,2.75
2019-06-13,21.330000000000002,3.0500000000000003,3.45
2019-06-14,20.25,3.1500000000000004,3.5
2019-06-15,22.68,3.1,3.1500000000000004
2019-06-16,22.1,6.0,5.58
2019-06-17,20.54,5.76,6.0
2019-06-18,20.54,5.3999999999999995,5.279999999999999
2019-06-19,19.76,4.68,4.32
2019-06-20,18.98,3.7199999999999998,3.54
2019-06-21,19.5,4.5,3.54
2019-06-22,20.28,3.9,4.2
2019-06-23,21.580000000000002,4.0,3.35
2019-06-24,20.28,3.6,2.95
2019-06-25,19.76,3.35,3.5
2019-06-26,20.28,2.6500000000000004,2.85
2019-06-27,18.98,2.75,2.8000000000000003
2019-06-28,21.060000000000002,4.9,4.65
2019-06-29,20.8,4.15,3.45
2019-06-30,19.76,2.64,2.2800000000000002
2019-07-01,18.98,1.56,1.76
2019-07-02,20.28,1.32,1.76
2019-07-03,23.14,1.6,1.6400000000000001
2019-07-04,19.240000000000002,1.44,1.6400000000000001
2019-07-05,18.72,1.56,1.6
2019-07-06,17.94,1.16,1.6400000000000001
2019-07-07,16.56,1.75,1.8
2019-07-08,15.84,1.6500000000000001,1.85
2019-07-09,16.08,1.9500000000000002,2.35
2019-07-10,18.24,2.2,2.5
2019-07-11,17.28,1.9500000000000002,2.25
2019-07-12,16.32,2.25,2.7
2019-07-13,18.96,3.0,3.5
2019-07-14,19.25,4.0,4.760000000000001
2019-07-15,17.25,4.5600000000000005,3.7800000000000002
2019-07-16,18.75,4.24,3.99
2019-07-17,19.5,8.0,7.000000000000001
2019-07-18,18.0,6.96,6.23
2019-07-19,18.5,5.36,5.670000000000001
2019-07-20,19.0,5.28,5.32
2019-07-21,20.720000000000002,4.2,4.74
2019-07-22,19.32,3.42,4.08
2019-07-23,20.44,2.58,3.12
2019-07-24,26.320000000000004,2.88,3.2399999999999998
2019-07-25,28.000000000000004,2.94,3.9
2019-07-26,22.12,3.3,3.6599999999999997
2019-07-27,22.400000000000002,2.88,3.1799999999999997
2019-07-28,17.759999999999998,2.2,2.4000000000000004
2019-07-29,16.32,2.25,2.3000000000000003
2019-07-30,17.759999999999998,2.2,2.95
2019-07-31,17.28,2.1,2.6
2019-08-01,21.119999999999997,3.5,2.95
2019-08-02,22.56,2.75,3.5500000000000003
2019-08-03,22.56,3.6500000000000004,3.1500000000000004
2019-08-04,21.62,2.92,3.8000000000000003
2019-08-05,20.470000000000002,2.24,3.1500000000000004
2019-08-06,20.7,2.52,3.25
2019-08-07,20.240000000000002,2.6,4.25
2019-08-08,19.55,2.56,3.25
2019-08-09,19.78,2.4,2.75
2019-08-10,21.16,3.56,4.1000000000000005
2019-08-11,21.39,5.0,5.9399999999999995
2019-08-12,21.16,3.6,5.3999999999999995
2019-08-13,19.55,3.95,4.9799999999999995
2019-08-14,20.240000000000002,3.25,4.62
2019-08-15,20.470000000000002,3.3000000000000003,4.4399999999999995
2019-08-16,20.240000000000002,3.6500000000000004,4.5
2019-08-17,22.77,4.45,4.92
2019-08-18,23.0,3.35,4.74
2019-08-19,22.080000000000002,3.25,4.68
2019-08-20,21.16,3.5,4.62
2019-08-21,22.080000000000002,4.0,5.22
2019-08-22,21.39,4.3500000000000005,5.16
2019-08-23,20.93,4.3,5.16
2019-08-24,21.85,3.7,4.859999999999999
2019-08-25,19.74,3.3000000000000003,3.9
2019-08-26,17.22,3.6500000000000004,4.5
2019-08-27,16.59,4.3500000000000005,6.0
2019-08-28,17.849999999999998,3.75,5.58
2019-08-29,19.529999999999998,3.8000000000000003,5.7
2019-08-30,18.48,3.8000000000000003,5.52
2019-08-31,17.849999999999998,3.2,4.4399999999999995
2019-09-01,15.62,2.24,4.32
2019-09-02,15.4,2.2800000000000002,4.2
2019-09-03,15.62,1.84,3.96
2019-09-04,16.5,2.0,3.9
2019-09-05,15.18,2.04,4.2
2019-09-06,14.96,2.24,3.96
2019-09-07,15.4,1.92,3.78
2019-09-08,14.96,2.12,2.5500000000000003
2019-09-09,15.84,2.12,3.25
2019-09-10,17.6,2.52,3.1500000000000004
2019-09-11,16.5,2.2,3.2
2019-09-12,17.6,2.12,3.3000000000000003
2019-09-13,16.06,2.24,3.2
2019-09-14,17.6,1.84,2.5500000000000003
2019-09-15,17.71,2.6500000000000004,3.48
2019-09-16,16.330000000000002,3.0500000000000003,4.02
2019-09-17,16.330000000000002,3.35,4.2
2019-09-18,17.94,2.7,3.6599999999999997
2019-09-19,17.48,2.85,3.96
2019-09-20,17.25,3.1,4.2
2019-09-21,17.48,2.2,4.5
2019-09-22,20.5,2.5,3.36
2019-09-23,19.25,2.75,3.96
2019-09-24,20.25,2.85,4.2
2019-09-25,20.0,3.0500000000000003,3.84
2019-09-26,21.25,2.6500000000000004,4.32
2019-09-27,22.75,2.6,3.5999999999999996
2019-09-28,25.0,3.2,4.5
2019-09-29,24.18,6.0,7.000000000000001
2019-09-30,21.32,5.64,6.930000000000001
2019-10-01,17.16,1.8599999999999999,2.45
2019-10-02,18.72,1.8599999999999999,2.5200000000000005
2019-10-03,17.68,1.68,2.24
2019-10-04,17.68,1.38,2.0300000000000002
2019-10-05,17.16,1.5,2.24
2019-10-06,14.639999999999999,1.2000000000000002,1.7999999999999998
2019-10-07,14.399999999999999,1.3,1.68
2019-10-08,14.879999999999999,1.25,1.92
2019-10-09,15.12,1.3,1.68
2019-10-10,15.36,1.1500000000000001,1.7999999999999998
2019-10-11,14.879999999999999,1.1500000000000001,1.68
2019-10-12,15.84,1.0,1.8599999999999999
2019-10-13,14.399999999999999,4.08,4.95
2019-10-14,16.32,8.0,9.0
2019-10-15,14.879999999999999,3.6,4.32
2019-10-16,14.879999999999999,2.56,2.88
2019-10-17,15.6,2.24,3.06
2019-10-18,14.879999999999999,2.16,2.07
2019-10-19,16.8,1.84,2.61
2019-10-20,19.43,1.3,1.35
2019-10-21,17.689999999999998,1.05,1.25
2019-10-22,17.689999999999998,1.35,1.4500000000000002
2019-10-23,23.2,1.25,1.3
2019-10-24,28.999999999999996,1.35,1.5
2019-10-25,24.36,1.1500000000000001,1.4000000000000001
2019-10-26,23.2,1.2000000000000002,1.35
2019-10-27,20.02,1.61,2.48
2019-10-28,19.76,1.8900000000000001,2.48
2019-10-29,17.68,2.24,2.72
2019-10-30,16.64,4.69,5.44
2019-10-31,14.56,3.2900000000000005,3.7600000000000002
2019-11-01,1.56,1.2600000000000002,2.0
2019-11-02,1.82,1.33,1.76
2019-11-03,1.68,0.9500000000000001,1.26
2019-11-04,1.68,0.8500000000000001,1.38
2019-11-05,1.44,0.8,1.2
2019-11-06,1.68,1.0,1.26
2019-11-07,1.68,0.7000000000000001,1.2
2019-11-08,1.68,0.75,1.3199999999999998
2019-11-09,1.68,0.65,1.2
2019-11-10,1.5,0.65,1.33
2019-11-11,1.75,0.75,1.33
2019-11-12,1.75,0.8,1.54
2019-11-13,1.75,1.0,1.4700000000000002
2019-11-14,2.0,0.9,1.4700000000000002
2019-11-15,1.75,0.7000000000000001,1.33
2019-11-16,1.75,0.8500000000000001,2.24
2019-11-17,7.0,1.7999999999999998,2.3800000000000003
2019-11-18,8.0,2.04,2.66
2019-11-19,8.0,1.7999999999999998,2.5200000000000005
2019-11-20,8.0,2.16,3.08
2019-11-21,13.0,2.76,7.000000000000001
2019-11-22,100.0,11.52,13.72
2019-11-23,63.0,12.0,14.000000000000002
2019-11-24,36.9,12.32,13.120000000000001
2019-11-25,30.6,11.200000000000001,11.68
2019-11-26,24.3,8.48,9.44
2019-11-27,20.7,7.04,8.32
2019-11-28,21.6,6.4,6.4
2019-11-29,15.3,5.6000000000000005,5.6000000000000005
2019-11-30,11.700000000000001,4.64,4.96
2019-12-01,34.0,6.4799999999999995,7.5
2019-12-02,30.26,6.21,7.9
2019-12-03,29.580000000000002,6.66,8.0
2019-12-04,28.220000000000002,6.66,8.0
2019-12-05,26.860000000000003,7.6499999999999995,8.8
2019-12-06,25.840000000000003,8.82,10.0
2019-12-07,27.880000000000003,9.0,9.5
2019-12-08,22.12,5.12,5.85
2019-12-09,20.160000000000004,5.28,6.569999999999999
2019-12-10,19.32,5.68,7.02
2019-12-11,18.76,6.16,6.75
2019-12-12,19.6,4.64,6.21
2019-12-13,19.6,5.76,7.02
2019-12-14,21.28,6.4,6.12
2019-12-15,19.43,3.96,3.5999999999999996
2019-12-16,19.72,2.88,2.88
2019-12-17,19.139999999999997,2.88,3.42
2019-12-18,20.009999999999998,3.0,3.42
2019-12-19,21.75,2.46,2.46
2019-12-20,20.59,2.94,3.42
2019-12-21,22.04,3.0,3.12
2019-12-22,29.049999999999997,3.2399999999999998,4.130000000000001
2019-12-23,33.25,4.02,4.2
2019-12-24,32.199999999999996,3.42,4.130000000000001
2019-12-25,30.45,3.84,4.41
2019-12-26,28.349999999999998,3.06,3.5700000000000003
2019-12-27,29.4,2.6399999999999997,3.2900000000000005
2019-12-28,27.299999999999997,4.5,4.83
2019-12-29,20.4,4.83,4.48
2019-12-30,23.099999999999998,4.62,4.62
2019-12-31,23.099999999999998,3.6400000000000006,3.9200000000000004
2020-01-01,15.899999999999999,1.8900000000000001,1.6800000000000002
2020-01-02,17.7,1.4700000000000002,1.6800000000000002
2020-01-03,18.599999999999998,1.4000000000000001,1.7500000000000002
2020-01-04,15.6,1.33,1.4700000000000002
2020-01-05,14.499999999999998,2.16,2.8600000000000003
2020-01-06,14.499999999999998,1.92,2.6
2020-01-07,17.689999999999998,3.12,4.03
2020-01-08,17.98,4.32,5.33
2020-01-09,18.56,12.0,13.0
2020-01-10,15.95,7.319999999999999,9.49
2020-01-11,14.209999999999999,5.04,6.24
2020-01-12,14.399999999999999,2.1700000000000004,2.32
2020-01-13,19.5,1.9600000000000002,2.64
2020-01-14,20.4,1.7500000000000002,2.24
2020-01-15,18.3,1.8200000000000003,2.32
2020-01-16,18.3,1.6800000000000002,2.16
2020-01-17,16.5,1.61,2.16
2020-01-18,14.7,1.8900000000000001,2.24
2020-01-19,14.7,1.8900000000000001,1.8200000000000003
2020-01-20,15.6,1.54,1.7500000000000002
2020-01-21,17.099999999999998,1.33,1.8200000000000003
2020-01-22,20.4,1.9600000000000002,2.31
2020-01-23,19.5,2.24,2.1700000000000004
2020-01-24,17.4,2.1700000000000004,2.0300000000000002
2020-01-25,16.2,1.61,1.7500000000000002
2020-01-26,15.84,1.36,1.6
2020-01-27,16.17,1.36,1.84
2020-01-28,17.490000000000002,1.6,1.92
2020-01-29,24.75,1.76,2.16
2020-01-30,33.0,2.08,2.32
2020-01-31,23.43,3.36,3.6
2020-02-01,12.540000000000001,7.5200000000000005,7.04
2020-02-02,17.82,8.4,8.36
2020-02-03,29.700000000000003,6.4,7.04
2020-02-04,54.0,10.0,11.0
2020-02-05,49.14,7.800000000000001,8.36
2020-02-06,35.64,6.9,7.48
2020-02-07,27.540000000000003,5.7,6.71
2020-02-08,19.98,5.7,6.49
2020-02-09,12.24,4.2700000000000005,4.5600000000000005
2020-02-10,15.3,4.0600000000000005,5.04
2020-02-11,14.620000000000001,3.6400000000000006,4.16
2020-02-12,13.260000000000002,3.43,4.08
2020-02-13,15.3,3.6400000000000006,4.32
2020-02-14,13.940000000000001,3.7800000000000002,4.4
2020-02-15,12.24,3.3600000000000003,4.16
2020-02-16,11.9,3.6400000000000006,3.52
2020-02-17,11.56,3.0100000000000002,3.84
2020-02-18,13.940000000000001,3.8500000000000005,4.24
2020-02-19,15.98,3.7100000000000004,4.0
2020-02-20,15.64,3.43,3.6
2020-02-21,13.600000000000001,3.99,4.64
2020-02-22,11.9,3.2900000000000005,4.24
2020-02-23,10.88,4.340000000000001,4.16
2020-02-24,14.620000000000001,4.0600000000000005,4.8
2020-02-25,14.620000000000001,3.9200000000000004,4.4
2020-02-26,13.940000000000001,3.2900000000000005,3.84
2020-02-27,14.96,3.08,3.52
2020-02-28,16.66,3.7100000000000004,4.08
2020-02-29,12.58,3.5000000000000004,3.84
2020-03-01,22.63,4.0600000000000005,3.7100000000000004
2020-03-02,29.45,3.43,3.6400000000000006
2020-03-03,27.9,3.1500000000000004,3.8500000000000005
2020-03-04,25.73,3.2900000000000005,3.5000000000000004
2020-03-05,24.8,3.7800000000000002,4.41
2020-03-06,24.8,4.550000000000001,5.040000000000001
2020-03-07,22.94,7.000000000000001,6.580000000000001
2020-03-08,20.77,6.5600000000000005,7.12
2020-03-09,31.0,5.92,6.8
2020-03-10,27.9,6.88,8.0
2020-03-11,26.04,5.04,6.5600000000000005
2020-03-12,28.21,4.5600000000000005,5.5200000000000005
2020-03-13,26.97,3.2,3.6
2020-03-14,21.08,4.24,4.0
2020-03-15,17.7,3.22,3.43
2020-03-16,24.3,3.0100000000000002,2.66
2020-03-17,24.3,3.08,3.08
2020-03-18,29.7,3.22,3.9200000000000004
2020-03-19,27.9,5.040000000000001,5.250000000000001
2020-03-20,24.599999999999998,4.83,4.970000000000001
2020-03-21,17.099999999999998,4.970000000000001,5.390000000000001
2020-03-22,13.44,6.72,6.08
2020-03-23,17.759999999999998,4.96,4.8
2020-03-24,18.0,7.28,6.8
2020-03-25,18.24,4.64,5.2
2020-03-26,17.28,5.76,5.36
2020-03-27,15.36,6.48,6.4
2020-03-28,12.719999999999999,6.08,5.28
2020-03-29,9.200000000000001,3.48,3.36
2020-03-30,10.8,3.12,3.3
2020-03-31,11.4,2.88,2.76
2020-04-01,12.600000000000001,1.6199999999999999,1.8599999999999999
2020-04-02,14.8,2.16,2.1
2020-04-03,14.4,2.1,2.04
2020-04-04,9.4,1.7999999999999998,1.8599999999999999
2020-04-05,8.93,1.35,1.4000000000000001
2020-04-06,11.78,1.05,1.25
2020-04-07,11.21,1.05,1.4500000000000002
2020-04-08,12.540000000000001,1.35,1.4500000000000002
2020-04-09,11.21,0.9,1.25
2020-04-10,10.83,1.1,1.25
2020-04-11,9.5,0.9500000000000001,0.9
2020-04-12,10.08,1.38,1.26
2020-04-13,14.49,1.14,1.3199999999999998
2020-04-14,16.59,1.14,1.44
2020-04-15,15.12,1.26,1.26
2020-04-16,14.7,1.98,2.16
2020-04-17,14.7,2.1,2.2199999999999998
2020-04-18,12.809999999999999,2.1,2.28
2020-04-19,10.83,2.04,2.1
2020-04-20,12.73,1.3199999999999998,1.8599999999999999
2020-04-21,12.92,1.68,1.98
2020-04-22,12.540000000000001,1.44,1.7999999999999998
2020-04-23,11.78,1.68,1.98
2020-04-24,10.64,1.68,1.8599999999999999
2020-04-25,9.5,1.68,1.74
2020-04-26,13.780000000000001,6.2700000000000005,6.46
2020-04-27,17.68,7.98,10.07
2020-04-28,19.240000000000002,6.46,7.41
2020-04-29,24.44,12.16,12.73
2020-04-30,26.0,19.0,19.0
2020-05-01,26.0,3.8,3.61
2020-05-02,22.880000000000003,4.18,4.18
2020-05-03,14.72,12.0,12.0
2020-05-04,16.1,9.0,9.0
2020-05-05,16.79,62.0,60.0
2020-05-06,15.870000000000001,100.0,100.0
2020-05-07,15.64,84.0,84.0
2020-05-08,16.560000000000002,61.0,60.0
