,Unnamed: 0,date,open_spx,high_spx,low_spx,sp500,sp500_adj,volume_spx,divid,split coef,crisis,USA,Chinese,Trump,dynamic_corr,dynamic_corr2
252,252,2018-01-03,2697.8501,2714.3701,2697.77,2713.0601,2713.0601,3538660000.0,0.0,1.0,23.49,40.05,42.09,11.44,0.41635852677089796,-0.853177651892232
253,253,2018-01-04,2719.3101,2729.29,2719.0701,2723.99,2723.99,3695260000.0,0.0,1.0,24.94,39.6,44.16,11.0,0.255944268916932,-0.80728415172744
254,254,2018-01-05,2731.3301,2743.45,2727.9199,2743.1499,2743.1499,3236620000.0,0.0,1.0,22.04,38.7,44.85,10.78,0.101374706311513,-0.8059735181566929
255,255,2018-01-08,2742.6699,2748.51,2737.6001,2747.71,2747.71,3242650000.0,0.0,1.0,26.24,37.35,34.22,15.079999999999998,-0.24279712218093696,-0.809953424705228
256,256,2018-01-09,2751.1499,2759.1399,2747.8601,2751.29,2751.29,3453480000.0,0.0,1.0,24.64,37.35,33.059999999999995,16.24,0.33810202758612395,-0.6301903215663499
257,257,2018-01-10,2745.55,2750.8,2736.0601,2748.23,2748.23,3576350000.0,0.0,1.0,24.32,40.05,34.22,12.76,0.523206787857088,-0.391817610078359
258,258,2018-01-11,2752.97,2767.5601,2752.78,2767.5601,2767.5601,3641320000.0,0.0,1.0,28.48,37.35,34.22,13.05,0.30844590588880105,-0.5390968880095479
259,259,2018-01-12,2770.1799,2787.8501,2769.6399,2786.24,2786.24,3573970000.0,0.0,1.0,21.76,36.45,37.12,29.0,0.304863451801578,-0.609480036903227
260,260,2018-01-16,2798.96,2807.54,2768.6399,2776.4199,2776.4199,4325970000.0,0.0,1.0,27.88000000000001,37.8,32.48,12.0,0.755783551124126,0.440225483115316
261,261,2018-01-17,2784.99,2807.04,2778.3799,2802.5601,2802.5601,3778050000.0,0.0,1.0,30.94,38.25,33.64,13.5,0.541033428578118,0.141252897676401
262,262,2018-01-18,2802.3999,2805.8301,2792.5601,2798.03,2798.03,3681470000.0,0.0,1.0,28.9,38.7,34.8,12.75,0.40164320125184705,-0.0501773234420758
263,263,2018-01-19,2802.6001,2810.3301,2798.0801,2810.3,2810.3,3639430000.0,0.0,1.0,29.24,37.8,36.54,12.0,0.30866128263254805,-0.24835431041276604
264,264,2018-01-22,2809.1599,2833.03,2808.1201,2832.97,2832.97,3471780000.0,0.0,1.0,31.45,40.89,31.9,9.46,0.126592845309925,-0.44345454038643606
265,265,2018-01-23,2835.05,2842.24,2830.5901,2839.1299,2839.1299,3519650000.0,0.0,1.0,36.26,41.83,35.37999999999999,9.02,-0.430267628659493,-0.646507859432092
266,266,2018-01-24,2845.4199,2852.97,2824.8101,2837.54,2837.54,4014070000.0,0.0,1.0,37.0,41.83,34.22,8.8,-0.590035867076922,-0.73745861809169
267,267,2018-01-25,2846.24,2848.5601,2830.9399,2839.25,2839.25,3835150000.0,0.0,1.0,37.0,41.83,35.37999999999999,8.8,-0.6500579093702541,-0.78193035124677
268,268,2018-01-26,2847.48,2872.8701,2846.1799,2872.8701,2872.8701,3443230000.0,0.0,1.0,35.89,39.01,35.37999999999999,9.9,-0.6729055265883189,-0.8052785984225609
269,269,2018-01-29,2867.23,2870.6201,2851.48,2853.53,2853.53,3573830000.0,0.0,1.0,37.72,43.24,36.58,9.6,-0.614951717703421,-0.805861728953785
270,270,2018-01-30,2832.74,2837.75,2818.27,2822.4299,2822.4299,3990650000.0,0.0,1.0,39.77,40.48,37.82,10.56,-0.627349539518855,-0.8094774687560881
271,271,2018-01-31,2832.4099,2839.26,2813.04,2823.8101,2823.8101,4261280000.0,0.0,1.0,40.59,46.0,36.58,20.16,-0.5493954699055871,-0.7765611063487691
272,272,2018-02-01,2816.45,2835.96,2812.7,2821.98,2821.98,3938450000.0,0.0,1.0,14.76,23.92,23.56,24.0,0.47609321360044204,-0.16903683903346803
273,273,2018-02-02,2808.9199,2808.9199,2759.97,2762.1299,2762.1299,4301130000.0,0.0,1.0,13.12,23.92,26.04,22.56,0.6090838216741961,0.37615114569235397
274,274,2018-02-05,2741.0601,2763.3899,2638.1699,2648.9399,2648.9399,5283460000.0,0.0,1.0,12.48,25.48,21.76,17.6,0.504415994128836,0.527959992402685
275,275,2018-02-06,2614.78,2701.04,2593.0701,2695.1399,2695.1399,5891660000.0,0.0,1.0,12.87,24.99,23.68,17.0,-0.11436212425842998,0.450065889182166
276,276,2018-02-07,2690.95,2727.6699,2681.3301,2681.6599,2681.6599,4626570000.0,0.0,1.0,12.48,26.46,25.6,18.2,-0.288750520493093,0.34038571525391104
277,277,2018-02-08,2685.01,2685.27,2580.5601,2581.0,2581.0,5305440000.0,0.0,1.0,12.09,26.46,25.6,17.400000000000002,-0.5839073925450831,0.391254326722565
278,278,2018-02-09,2601.78,2638.6699,2532.6899,2619.55,2619.55,5680070000.0,0.0,1.0,11.7,29.89,27.52,16.6,-0.6550545327374591,0.339633501128384
279,279,2018-02-12,2636.75,2672.6101,2622.45,2656.0,2656.0,4055790000.0,0.0,1.0,12.92,43.31,39.99,16.6,-0.624268481190292,0.243046963823994
280,280,2018-02-13,2646.27,2668.8401,2637.0801,2662.9399,2662.9399,3472870000.0,0.0,1.0,12.54,42.09,39.99,15.8,-0.58919186942764,0.202993302546558
281,281,2018-02-14,2651.21,2702.1001,2648.8701,2698.6299,2698.6299,4003740000.0,0.0,1.0,11.78,42.7,44.64,15.8,-0.603123830986346,0.0657674344385495
282,282,2018-02-15,2713.46,2731.51,2689.8201,2731.2,2731.2,3684910000.0,0.0,1.0,11.78,43.31,59.52,18.0,-0.529386781308941,-0.0186184103882338
283,283,2018-02-16,2727.1399,2754.4199,2725.1101,2732.22,2732.22,3637460000.0,0.0,1.0,12.54,42.09,93.0,20.0,-0.16298375292573097,0.288577621784441
284,284,2018-02-20,2722.99,2737.6001,2706.76,2716.26,2716.26,3627610000.0,0.0,1.0,38.28,46.08,26.22,17.2,0.0420397213324915,0.5364808749924951
285,285,2018-02-21,2720.53,2747.75,2701.29,2701.3301,2701.3301,3779400000.0,0.0,1.0,66.0,48.64,24.84,15.8,-0.198532924045313,0.45719953397802504
286,286,2018-02-22,2710.4199,2731.26,2697.77,2703.96,2703.96,3701270000.0,0.0,1.0,44.88,64.0,25.53,17.2,-0.47299446931093797,0.210510436171901
287,287,2018-02-23,2715.8,2747.76,2713.74,2747.3,2747.3,3189190000.0,0.0,1.0,27.72,41.6,28.29,16.400000000000002,-0.608245128747825,0.275937748789657
288,288,2018-02-26,2757.3701,2780.6399,2753.78,2779.6001,2779.6001,3424650000.0,0.0,1.0,19.35,29.14,21.83,14.06,-0.00954023358962449,0.18432682132978498
289,289,2018-02-27,2780.45,2789.1499,2744.22,2744.28,2744.28,3745080000.0,0.0,1.0,17.1,25.38,19.47,15.01,0.257755896465709,-0.315261742911387
290,290,2018-02-28,2753.78,2761.52,2713.54,2713.8301,2713.8301,4230660000.0,0.0,1.0,17.55,25.38,20.65,14.44,0.25131715948391603,-0.38180598329318105
291,291,2018-03-01,2715.22,2730.8899,2659.6499,2677.6699,2677.6699,4503970000.0,0.0,1.0,40.95,42.77,46.02,13.11,-0.0387727895747451,-0.479903251336655
292,292,2018-03-02,2658.8899,2696.25,2647.3201,2691.25,2691.25,3882450000.0,0.0,1.0,35.1,40.89,47.79,13.3,-0.268741384574439,-0.609315502565126
293,293,2018-03-05,2681.0601,2728.0901,2675.75,2720.9399,2720.9399,3710810000.0,0.0,1.0,34.4,44.18,40.88,10.62,-0.356393011331495,-0.678372211407293
294,294,2018-03-06,2730.1799,2732.0801,2711.26,2728.1201,2728.1201,3370690000.0,0.0,1.0,33.6,44.18,39.76000000000001,11.34,-0.20437306748317302,-0.782761830379355
295,295,2018-03-07,2710.1799,2730.6001,2701.74,2726.8,2726.8,3393270000.0,0.0,1.0,32.4,43.71,40.32000000000001,12.6,-0.19255768265055898,-0.807189515855487
296,296,2018-03-08,2732.75,2740.45,2722.6499,2738.97,2738.97,3212320000.0,0.0,1.0,30.4,46.53,42.00000000000001,12.24,-0.161254666265855,-0.783486247716368
297,297,2018-03-09,2752.9099,2786.5701,2751.54,2786.5701,2786.5701,3364100000.0,0.0,1.0,36.4,44.18,42.56,12.06,-0.0913680391500488,-0.7862650012766379
298,298,2018-03-12,2790.54,2796.98,2779.26,2783.02,2783.02,3185020000.0,0.0,1.0,31.98,41.71,39.6,13.2,-0.0374768147071219,-0.7979623323887131
299,299,2018-03-13,2792.3101,2801.8999,2758.6799,2765.3101,2765.3101,3301650000.0,0.0,1.0,35.1,41.28,40.15000000000001,17.16,0.14571789409817001,-0.751883699198174
300,300,2018-03-14,2774.0601,2777.1101,2744.3799,2749.48,2749.48,3391360000.0,0.0,1.0,31.20000000000001,38.27,38.5,16.5,0.37829546386044705,-0.32228017168421896
301,301,2018-03-15,2754.27,2763.03,2741.47,2747.3301,2747.3301,3500330000.0,0.0,1.0,30.03,38.27,38.5,17.6,0.37949229220952,-0.11006199714915801
302,302,2018-03-16,2750.5701,2761.8501,2749.97,2752.01,2752.01,5372340000.0,0.0,1.0,28.86,36.98,41.8,22.0,0.448625943491529,0.197768932024654
303,303,2018-03-19,2741.3799,2741.3799,2694.5901,2712.9199,2712.9199,3302130000.0,0.0,1.0,40.85,40.48,38.5,15.84,0.614068180707409,0.5946253349866889
304,304,2018-03-20,2715.05,2724.22,2710.05,2716.9399,2716.9399,3261030000.0,0.0,1.0,43.0,40.04,37.40000000000001,16.94,0.262451648201898,0.394593642509246
305,305,2018-03-21,2714.99,2739.1399,2709.79,2711.9299,2711.9299,3415510000.0,0.0,1.0,34.83,38.28,38.5,16.94,-0.134168892115001,0.358261522135183
306,306,2018-03-22,2691.3601,2695.6799,2641.5901,2643.6899,2643.6899,3739800000.0,0.0,1.0,35.26,39.16,39.6,18.04,-0.40959617466822995,0.344405215562091
307,307,2018-03-23,2646.71,2657.6699,2585.8899,2588.26,2588.26,3815080000.0,0.0,1.0,33.11,38.72,42.90000000000001,21.12,-0.7182962672768399,0.43184080631441496
308,308,2018-03-26,2619.3501,2661.3601,2601.8101,2658.55,2658.55,3511100000.0,0.0,1.0,36.49,40.95,42.92,17.400000000000002,-0.7932681919355509,0.5533138283119909
309,309,2018-03-27,2667.5701,2674.78,2596.1201,2612.6201,2612.6201,3706350000.0,0.0,1.0,37.72,45.0,42.92,13.6,-0.7095889001208221,0.46106282353143496
310,310,2018-03-28,2611.3,2632.6499,2593.0601,2605.0,2605.0,3864500000.0,0.0,1.0,40.18,40.05,41.76,13.6,-0.5586920724908969,-0.0072267799856878
311,311,2018-03-29,2614.4099,2659.0701,2609.72,2640.8701,2640.8701,3565990000.0,0.0,1.0,29.52,42.3,44.66,13.2,-0.553640904807536,-0.32274151052954403
312,312,2018-04-02,2633.45,2638.3,2553.8,2581.8799,2581.8799,3598520000.0,0.0,1.0,25.6,41.28,52.29,9.18,-0.49296437437786494,-0.545736945891632
313,313,2018-04-03,2592.1699,2619.1399,2575.49,2614.45,2614.45,3392810000.0,0.0,1.0,27.20000000000001,40.85,40.95,9.35,0.38160762614948995,-0.620258667010283
314,314,2018-04-04,2584.04,2649.8601,2573.6101,2644.6899,2644.6899,3350340000.0,0.0,1.0,24.0,41.71,39.69,8.84,0.43737730422498206,-0.7530962267195541
315,315,2018-04-05,2657.3601,2672.0801,2649.5801,2662.8401,2662.8401,3178970000.0,0.0,1.0,26.4,40.85,37.17,7.82,0.46441327978256797,-0.815609052556465
316,316,2018-04-06,2645.8201,2656.8799,2586.27,2604.47,2604.47,3299700000.0,0.0,1.0,25.20000000000001,41.71,41.58,8.16,0.504219164031004,-0.8436434667183141
317,317,2018-04-09,2617.1799,2653.55,2610.79,2613.1599,2613.1599,3062960000.0,0.0,1.0,35.04,42.68,31.8,14.16,0.5937717279324161,-0.818285039715117
318,318,2018-04-10,2638.4099,2665.45,2635.78,2656.8701,2656.8701,3543930000.0,0.0,1.0,41.76,41.8,29.68,17.04,0.0577588709538341,-0.648762984938756
319,319,2018-04-11,2643.8899,2661.4299,2639.25,2642.1899,2642.1899,3020760000.0,0.0,1.0,48.0,40.48,30.21,16.08,-0.357350678477617,-0.262294034659858
320,320,2018-04-12,2653.8301,2674.72,2653.8301,2663.99,2663.99,3021320000.0,0.0,1.0,39.84,40.48,31.270000000000003,15.36,-0.5223458830212151,-0.14974735449542
321,321,2018-04-13,2676.8999,2680.26,2645.05,2656.3,2656.3,2960910000.0,0.0,1.0,35.04,40.92,32.86,16.08,-0.567366513507535,-0.14943536109450303
322,322,2018-04-16,2670.1001,2686.49,2665.1599,2677.8401,2677.8401,3019700000.0,0.0,1.0,36.96,39.9,30.74,11.4,-0.671460547427551,-0.0516077242479153
323,323,2018-04-17,2692.74,2713.3401,2692.05,2706.3899,2706.3899,3234360000.0,0.0,1.0,38.88,40.74,30.21,10.26,-0.364933128089242,-0.506183141068253
324,324,2018-04-18,2710.1101,2717.49,2703.6299,2708.6399,2708.6399,3383410000.0,0.0,1.0,40.8,40.32,29.68,11.02,-0.0817723155712853,-0.696080130357507
325,325,2018-04-19,2701.1599,2702.8401,2681.8999,2693.1299,2693.1299,3349370000.0,0.0,1.0,38.88,39.48,32.33,9.5,0.0162287686916145,-0.7446550320057971
326,326,2018-04-20,2692.5601,2693.9399,2660.6101,2670.1399,2670.1399,3388590000.0,0.0,1.0,37.44,36.96,33.39,9.69,0.441745141595742,-0.7774950780176979
327,327,2018-04-23,2675.3999,2682.8601,2657.99,2670.29,2670.29,3017480000.0,0.0,1.0,38.07,41.28,30.74,10.5,0.519677556757742,-0.790788892013222
328,328,2018-04-24,2680.8,2683.55,2617.3201,2634.5601,2634.5601,3706740000.0,0.0,1.0,37.6,40.42,29.15,11.97,0.44614236126743706,-0.791257299779489
329,329,2018-04-25,2634.9199,2645.3,2612.6699,2639.3999,2639.3999,3499440000.0,0.0,1.0,37.6,41.28,30.74,12.81,0.15670214994954598,-0.7537778851163541
330,330,2018-04-26,2651.6499,2676.48,2647.1599,2666.9399,2666.9399,3665720000.0,0.0,1.0,34.78,38.7,30.21,14.07,-0.115698085587033,-0.698097887871803
331,331,2018-04-27,2675.47,2677.3501,2659.01,2669.9099,2669.9099,3219030000.0,0.0,1.0,33.84,38.7,33.39,14.91,-0.3569120723871911,-0.57775144700249
332,332,2018-04-30,2682.51,2682.8701,2648.04,2648.05,2648.05,3734530000.0,0.0,1.0,37.72,40.32,31.86000000000001,9.0,-0.537618453891056,-0.43754533685222496
333,333,2018-05-01,2642.96,2655.27,2625.4099,2654.8,2654.8,3559850000.0,0.0,1.0,41.86,29.82,41.040000000000006,13.68,0.22711160307935202,-0.634828965181646
334,334,2018-05-02,2654.24,2660.8701,2631.7,2635.6699,2635.6699,4010770000.0,0.0,1.0,46.0,29.82,41.58000000000001,14.04,-0.13682818607614902,-0.575753547415538
335,335,2018-05-03,2628.0801,2637.1399,2594.6201,2629.73,2629.73,3851470000.0,0.0,1.0,38.64,30.24,43.74,17.099999999999998,-0.44832735381919,-0.52724928780514
336,336,2018-05-04,2621.45,2670.9299,2615.3201,2663.4199,2663.4199,3327220000.0,0.0,1.0,40.94000000000001,28.56,44.28,15.48,-0.688015067875856,-0.11248114635195801
337,337,2018-05-07,2680.3401,2683.3501,2664.7,2672.6299,2672.6299,3237960000.0,0.0,1.0,41.85,29.11,38.16,14.22,-0.6391493306947621,-0.0639395094571807
338,338,2018-05-08,2670.26,2676.3401,2655.2,2671.9199,2671.9199,3717570000.0,0.0,1.0,42.75,29.52,37.1,18.0,-0.581360923865363,-0.251432539405044
339,339,2018-05-09,2678.1201,2701.27,2674.1399,2697.79,2697.79,3909500000.0,0.0,1.0,45.0,27.88,37.1,14.94,-0.706554192775464,0.23519464828574
340,340,2018-05-10,2705.02,2726.1101,2704.54,2723.0701,2723.0701,3333050000.0,0.0,1.0,36.45,29.52,39.22,14.76,-0.600449733071449,0.0450042755834119
341,341,2018-05-11,2722.7,2732.8601,2717.45,2727.72,2727.72,2862700000.0,0.0,1.0,31.95,27.88,42.93,14.22,-0.406462834152503,-0.10663651274150901
342,342,2018-05-14,2738.47,2742.1001,2725.47,2730.1299,2730.1299,2972660000.0,0.0,1.0,34.800000000000004,33.58,40.15000000000001,14.28,-0.22977022395423002,-0.285863935608104
343,343,2018-05-15,2718.5901,2718.5901,2701.9099,2711.45,2711.45,3290680000.0,0.0,1.0,28.4,35.42,39.6,14.11,-0.0605746872763887,-0.37573149251893895
344,344,2018-05-16,2712.6201,2727.76,2712.1699,2722.46,2722.46,3202670000.0,0.0,1.0,31.6,35.88,37.40000000000001,12.750000000000002,-0.361028886436639,-0.442948138236072
345,345,2018-05-17,2719.71,2731.96,2711.3601,2720.1299,2720.1299,3475400000.0,0.0,1.0,31.20000000000001,32.660000000000004,40.7,13.43,-0.285762312973497,-0.615372372543741
346,346,2018-05-18,2717.3501,2719.5,2709.1799,2712.97,2712.97,3368690000.0,0.0,1.0,30.8,33.120000000000005,42.90000000000001,14.11,-0.30514356348210697,-0.645340454233021
347,347,2018-05-21,2735.3899,2739.1899,2725.7,2733.01,2733.01,3019890000.0,0.0,1.0,31.59,36.19,38.76,10.4,-0.45964247777123707,-0.590672955258697
348,348,2018-05-22,2738.3401,2742.24,2721.8799,2724.4399,2724.4399,3366310000.0,0.0,1.0,32.76,47.0,34.17,11.04,-0.40034983979797206,-0.7270711976313271
349,349,2018-05-23,2713.98,2733.3301,2709.54,2733.29,2733.29,3326290000.0,0.0,1.0,29.25,42.3,35.19,11.36,-0.24534239188729398,-0.774023373842523
350,350,2018-05-24,2730.9399,2731.97,2707.3799,2727.76,2727.76,3256030000.0,0.0,1.0,31.20000000000001,34.309999999999995,36.72,14.4,-0.259014208665215,-0.7903174517094169
351,351,2018-05-25,2723.6001,2727.3601,2714.99,2721.3301,2721.3301,2995260000.0,0.0,1.0,24.96,32.9,39.27,12.0,-0.09400430132352301,-0.6306739788203499
352,352,2018-05-29,2705.1101,2710.6699,2676.8101,2689.8601,2689.8601,3736890000.0,0.0,1.0,35.2,34.2,35.64,13.32,-0.11758290521105699,-0.697316231217902
353,353,2018-05-30,2702.4299,2729.3401,2702.4299,2724.01,2724.01,3561050000.0,0.0,1.0,36.0,32.85,40.5,17.099999999999998,-0.415789016474576,-0.660181309014114
354,354,2018-05-31,2720.98,2722.5,2700.6799,2705.27,2705.27,4235370000.0,0.0,1.0,30.8,32.85,39.96,17.46,-0.19246459751470302,-0.0749997939307893
355,355,2018-06-01,2718.7,2736.9299,2718.7,2734.6201,2734.6201,3684130000.0,0.0,1.0,36.4,38.25,45.36,8.64,-0.46201937818255107,0.24274094741487898
356,356,2018-06-04,2741.6699,2749.1599,2740.54,2746.8701,2746.8701,3376510000.0,0.0,1.0,40.0,37.4,39.52,7.79,-0.43130474674048797,-0.46782322330082393
357,357,2018-06-05,2748.46,2752.6101,2739.51,2748.8,2748.8,3517790000.0,0.0,1.0,36.8,35.64,37.44,9.12,-0.613595609549886,-0.669207421387423
358,358,2018-06-06,2753.25,2772.3899,2748.46,2772.3501,2772.3501,3651640000.0,0.0,1.0,35.2,37.84,39.0,8.93,-0.593881814636176,-0.731228826093489
359,359,2018-06-07,2774.8401,2779.8999,2760.1599,2770.3701,2770.3701,3711330000.0,0.0,1.0,40.0,36.08,40.04,8.55,-0.673884526365437,-0.7745053395413041
360,360,2018-06-08,2765.8401,2779.3899,2763.5901,2779.03,2779.03,3123210000.0,0.0,1.0,35.2,35.64,42.12000000000001,8.74,-0.686265404937201,-0.787081701062185
361,361,2018-06-11,2780.1799,2790.21,2780.1699,2782.0,2782.0,3232330000.0,0.0,1.0,30.1,45.39,40.56,17.55,-0.6916821122244909,-0.8020138123073609
362,362,2018-06-12,2785.6001,2789.8,2778.78,2786.8501,2786.8501,3401010000.0,0.0,1.0,29.05,46.41,40.04,27.0,0.23482154259043803,-0.38295603394081196
363,363,2018-06-13,2787.9399,2791.47,2774.6499,2775.6299,2775.6299,3779230000.0,0.0,1.0,32.2,48.45,41.6,15.39,0.6315714368874189,0.37041869668155797
364,364,2018-06-14,2783.21,2789.0601,2776.52,2782.49,2782.49,3526890000.0,0.0,1.0,28.0,50.49,39.0,15.93,0.461660827682094,0.26702590565623197
365,365,2018-06-15,2777.78,2782.8101,2761.73,2779.6599,2779.6599,5428790000.0,0.0,1.0,25.2,49.98,42.64,14.580000000000002,0.52973196806552,0.212590316424102
366,366,2018-06-18,2765.79,2774.99,2757.1201,2773.75,2773.75,3287150000.0,0.0,1.0,26.6,45.6,39.52,12.22,0.48202708853126897,0.0851332444196281
367,367,2018-06-19,2752.01,2765.05,2743.1899,2762.5901,2762.5901,3661470000.0,0.0,1.0,31.85,44.64,38.48,14.56,0.23727413804678302,-0.206259202445103
368,368,2018-06-20,2769.73,2774.8601,2763.9099,2767.3201,2767.3201,3327600000.0,0.0,1.0,34.3,44.64,37.96,20.54,0.389656673108937,-0.198331429590429
369,369,2018-06-21,2769.28,2769.28,2744.3899,2749.76,2749.76,3300060000.0,0.0,1.0,28.7,42.24,40.04,21.32,0.649538060081696,0.347288365895416
370,370,2018-06-22,2760.79,2764.1699,2752.6799,2754.8799,2754.8799,5450550000.0,0.0,1.0,28.35,41.28,42.12000000000001,20.8,0.5757989586952579,0.5500603645262161
371,371,2018-06-25,2742.9399,2742.9399,2698.6699,2717.0701,2717.0701,3655080000.0,0.0,1.0,24.0,39.6,41.34,9.6,0.571742645031973,0.628538632234235
372,372,2018-06-26,2722.1201,2732.9099,2715.6001,2723.0601,2723.0601,3555090000.0,0.0,1.0,28.48,38.7,39.75,10.6,0.370574435116835,0.0288493211339506
373,373,2018-06-27,2728.45,2746.0901,2699.3799,2699.6299,2699.6299,3776090000.0,0.0,1.0,24.0,39.6,40.81,10.2,0.173438181848644,-0.30118770895681896
374,374,2018-06-28,2698.6899,2724.3401,2691.99,2716.3101,2716.3101,3428140000.0,0.0,1.0,27.2,40.05,40.81,9.6,0.38263557802104897,-0.4927906856237079
375,375,2018-06-29,2727.1299,2743.26,2718.03,2718.3701,2718.3701,3565620000.0,0.0,1.0,23.68,39.6,43.46,9.0,0.287663442494083,-0.6354694716725889
376,376,2018-07-02,2704.95,2727.26,2698.95,2726.71,2726.71,3073650000.0,0.0,1.0,21.06,42.14,39.96,6.3,0.247805431759322,-0.707812985972289
377,377,2018-07-03,2733.27,2736.5801,2711.1599,2713.22,2713.22,1911470000.0,0.0,1.0,20.02,41.65,41.58000000000001,6.48,0.0105625745593512,-0.769120379225431
378,378,2018-07-05,2724.1899,2737.8301,2716.02,2736.6101,2736.6101,2953420000.0,0.0,1.0,22.1,43.61,42.12000000000001,7.92,0.278167090273732,-0.799236119298693
379,379,2018-07-06,2737.6799,2764.4099,2733.52,2759.8201,2759.8201,2554780000.0,0.0,1.0,20.02,41.65,45.36,7.7399999999999975,-0.131178941698567,-0.797968525752403
380,380,2018-07-09,2775.6201,2784.6499,2770.73,2784.1699,2784.1699,3050040000.0,0.0,1.0,22.96,39.1,39.75,8.19,-0.5776272305611629,-0.8067531726027758
381,381,2018-07-10,2788.5601,2795.5801,2786.24,2793.8401,2793.8401,3063850000.0,0.0,1.0,23.520000000000003,38.64,38.16,9.66,-0.670855281602871,-0.806000646870085
382,382,2018-07-11,2779.8201,2785.9099,2770.77,2774.02,2774.02,2964740000.0,0.0,1.0,21.000000000000004,41.4,38.69000000000001,8.61,-0.630464630398656,-0.780570341981403
383,383,2018-07-12,2783.1399,2799.22,2781.53,2798.29,2798.29,2821690000.0,0.0,1.0,22.4,39.1,39.75,9.66,-0.621747102108795,-0.7761811240782199
384,384,2018-07-13,2796.9299,2804.53,2791.6899,2801.3101,2801.3101,2614000000.0,0.0,1.0,25.480000000000004,39.1,42.93,13.86,-0.6077757053239771,-0.7629473962527429
385,385,2018-07-16,2797.3601,2801.1899,2793.3899,2798.4299,2798.4299,2812230000.0,0.0,1.0,23.2,40.5,40.81,21.6,-0.0404021326446226,-0.573924579778679
386,386,2018-07-17,2789.3401,2814.1899,2789.24,2809.55,2809.55,3050730000.0,0.0,1.0,24.07,39.15,39.22,30.0,0.5556579324469662,0.17807746874353897
387,387,2018-07-18,2811.3501,2816.76,2805.8899,2815.6201,2815.6201,3089780000.0,0.0,1.0,25.23,38.25,39.22,21.0,0.697139964084709,0.605045100932564
388,388,2018-07-19,2809.3701,2812.05,2799.77,2804.49,2804.49,3266700000.0,0.0,1.0,22.62,38.7,39.22,17.4,0.561878971643054,0.594080072376913
389,389,2018-07-20,2804.55,2809.7,2800.01,2801.8301,2801.8301,3230210000.0,0.0,1.0,23.78,36.9,43.99,16.2,0.516944403386557,0.49737797880701795
390,390,2018-07-23,2799.1699,2808.6101,2795.1399,2806.98,2806.98,2907430000.0,0.0,1.0,25.52,43.0,43.45,11.5,0.526962948171102,0.378309410699082
391,391,2018-07-24,2820.6799,2829.99,2811.1201,2820.3999,2820.3999,3417530000.0,0.0,1.0,29.0,42.0,41.25,11.04,0.15413469179709302,-0.0698331232878956
392,392,2018-07-25,2817.73,2848.03,2817.73,2846.0701,2846.0701,3553010000.0,0.0,1.0,24.65,42.0,45.65000000000001,14.49,-0.19135572351874802,-0.36922407362732
393,393,2018-07-26,2835.49,2845.5701,2835.26,2837.4399,2837.4399,3653330000.0,0.0,1.0,19.72,44.0,43.45,11.73,0.367150407604127,-0.273395709850911
394,394,2018-07-27,2842.3501,2843.1699,2808.3401,2818.8201,2818.8201,3415710000.0,0.0,1.0,19.72,47.0,44.0,11.5,0.10577022812266901,-0.453950721199201
395,395,2018-07-30,2819.0,2821.74,2798.1101,2802.6001,2802.6001,3245770000.0,0.0,1.0,19.6,38.25,39.96,7.8000000000000025,-0.0966965871291737,-0.553089197172181
396,396,2018-07-31,2809.73,2824.46,2808.0601,2816.29,2816.29,3892100000.0,0.0,1.0,23.8,38.25,40.5,8.200000000000001,-0.519598505533226,-0.6776968385210199
397,397,2018-08-01,2821.1699,2825.8301,2805.8501,2813.3601,2813.3601,3496990000.0,0.0,1.0,23.24,44.1,41.58000000000001,11.6,-0.615857329412562,-0.7506803186001909
398,398,2018-08-02,2800.48,2829.9099,2796.3401,2827.22,2827.22,3467380000.0,0.0,1.0,17.64,45.0,44.28,11.4,-0.4093010677367879,-0.694445759393918
399,399,2018-08-03,2829.6201,2840.3799,2827.3701,2840.3501,2840.3501,3030390000.0,0.0,1.0,21.28,44.1,46.98,11.0,-0.35708133475408504,-0.6835195090037111
400,400,2018-08-06,2840.29,2853.29,2835.98,2850.3999,2850.3999,2874540000.0,0.0,1.0,21.840000000000003,42.14,42.93,11.2,-0.414351807085212,-0.702967296290026
401,401,2018-08-07,2855.9199,2863.4299,2855.9199,2858.45,2858.45,3162770000.0,0.0,1.0,24.36000000000001,42.57,40.28,12.4,-0.39750577567648404,-0.708653387820805
402,402,2018-08-08,2856.79,2862.4399,2853.0901,2857.7,2857.7,2972200000.0,0.0,1.0,19.040000000000006,41.71,39.22,10.2,-0.13436954409313098,-0.661351528946582
403,403,2018-08-09,2857.1899,2862.48,2851.98,2853.5801,2853.5801,3047050000.0,0.0,1.0,22.4,42.14,41.87000000000001,9.6,-0.439274259163767,-0.7196607098522549
404,404,2018-08-10,2838.8999,2842.2,2825.8101,2833.28,2833.28,3256040000.0,0.0,1.0,21.840000000000003,39.13,43.99,10.4,-0.572989478752515,-0.757158649165397
405,405,2018-08-13,2835.46,2843.3999,2819.8799,2821.9299,2821.9299,3158450000.0,0.0,1.0,27.84,43.0,42.40000000000001,9.31,-0.539406813445195,-0.759216771732015
406,406,2018-08-14,2827.8799,2843.1101,2826.5801,2839.96,2839.96,2976970000.0,0.0,1.0,24.36,42.14,39.75,10.45,-0.616431092361572,-0.777712833646134
407,407,2018-08-15,2827.95,2827.95,2802.49,2818.3701,2818.3701,3645070000.0,0.0,1.0,20.01,42.57,40.28,10.26,-0.545273090107644,-0.773500228716466
408,408,2018-08-16,2831.4399,2850.49,2831.4399,2840.6899,2840.6899,3219880000.0,0.0,1.0,21.46,40.42,41.87000000000001,11.4,-0.5534230683587591,-0.771970958919631
409,409,2018-08-17,2838.3201,2855.6299,2833.73,2850.1299,2850.1299,3024100000.0,0.0,1.0,21.75,41.71,44.52,11.4,-0.40039209777184204,-0.7429385519290771
410,410,2018-08-20,2853.9299,2859.76,2850.6201,2857.05,2857.05,2748020000.0,0.0,1.0,23.2,42.68,40.81,12.0,-0.35609100355382795,-0.734702545312322
411,411,2018-08-21,2861.51,2873.23,2861.3201,2862.96,2862.96,3147140000.0,0.0,1.0,19.14,42.68,38.16,15.25,-0.20712938851576101,-0.7037615205062091
412,412,2018-08-22,2860.99,2867.54,2856.05,2861.8201,2861.8201,2689560000.0,0.0,1.0,25.52,42.68,37.1,23.5,0.41402685919430204,-0.38335410525379604
413,413,2018-08-23,2860.29,2868.78,2854.03,2856.98,2856.98,2713910000.0,0.0,1.0,24.36,43.12,41.87000000000001,19.25,0.6603428796035329,0.44431955436496007
414,414,2018-08-24,2862.3501,2876.1599,2862.3501,2874.6899,2874.6899,2596190000.0,0.0,1.0,20.59,42.24,43.99,18.75,0.568240371710154,0.534017802036665
415,415,2018-08-27,2884.6899,2898.25,2884.6899,2896.74,2896.74,2854080000.0,0.0,1.0,25.5,42.57,42.12000000000001,20.520000000000003,0.6015510871416091,0.5898731691687691
416,416,2018-08-28,2901.45,2903.77,2893.5,2897.52,2897.52,2683190000.0,0.0,1.0,30.0,41.71,41.040000000000006,23.49,0.6883012697571049,0.6921385876323212
417,417,2018-08-29,2900.6201,2916.5,2898.3999,2914.04,2914.04,2791860000.0,0.0,1.0,29.7,40.42,41.040000000000006,18.09,0.7157461247046422,0.7557759952936891
418,418,2018-08-30,2908.9399,2912.46,2895.22,2901.1299,2901.1299,2802180000.0,0.0,1.0,27.6,40.85,42.12000000000001,17.55,0.592232379671391,0.6695995184538841
419,419,2018-08-31,2898.3701,2906.3201,2891.73,2901.52,2901.52,2880260000.0,0.0,1.0,26.7,39.99,45.36,17.82,0.6007803720991179,0.6094113052844929
420,420,2018-09-04,2896.96,2900.1799,2885.1299,2896.72,2896.72,3077060000.0,0.0,1.0,21.7,27.9,37.8,16.79,0.629745527674783,0.5970201752273591
421,421,2018-09-05,2891.5901,2894.21,2876.9199,2888.6001,2888.6001,3241250000.0,0.0,1.0,24.18,28.35,38.88,19.09,0.6017314086806329,0.532790940994617
422,422,2018-09-06,2888.6399,2892.05,2867.29,2878.05,2878.05,3139590000.0,0.0,1.0,25.73,28.35,42.12000000000001,23.0,0.660499305520455,0.629954412414602
423,423,2018-09-07,2868.26,2883.8101,2864.1201,2871.6799,2871.6799,2946270000.0,0.0,1.0,17.669999999999995,27.45,43.2,21.39,0.694806083895047,0.717008579010526
424,424,2018-09-10,2881.3899,2886.9299,2875.9399,2877.1299,2877.1299,2731400000.0,0.0,1.0,27.36,32.83,37.74,12.8,0.644413841124441,0.742902366083332
425,425,2018-09-11,2871.5701,2892.52,2866.78,2887.8899,2887.8899,2899660000.0,0.0,1.0,32.76,35.28,37.23,15.0,0.34782269120590503,0.297648894643996
426,426,2018-09-12,2888.29,2894.6499,2879.2,2888.9199,2888.9199,3264930000.0,0.0,1.0,28.44,49.0,37.74,14.2,0.534909921422782,0.175290196826569
427,427,2018-09-13,2896.8501,2906.76,2896.3899,2904.1799,2904.1799,3254930000.0,0.0,1.0,32.76,33.32,38.25,14.4,0.49360764946638597,-0.00452426532869626
428,428,2018-09-14,2906.3799,2908.3,2895.77,2904.98,2904.98,3149800000.0,0.0,1.0,24.84,30.87,42.33,13.8,0.5240559207370421,-0.10227006806745802
429,429,2018-09-17,2903.8301,2904.6499,2886.1599,2888.8,2888.8,2947760000.0,0.0,1.0,30.96,28.16,43.2,10.62,0.46686214754601896,-0.246693693952288
430,430,2018-09-18,2890.74,2911.1699,2890.4299,2904.3101,2904.3101,3074610000.0,0.0,1.0,29.16,29.04,42.12000000000001,11.16,-0.0603063870724564,-0.562334574343922
431,431,2018-09-19,2906.6001,2912.3601,2903.8201,2907.95,2907.95,3280020000.0,0.0,1.0,29.88,27.28,41.58000000000001,11.7,-0.24711098986848604,-0.675953721099976
432,432,2018-09-20,2919.73,2934.8,2919.73,2930.75,2930.75,3337730000.0,0.0,1.0,25.92,26.4,42.12000000000001,10.8,-0.22771049679623398,-0.7073070233437919
433,433,2018-09-21,2936.76,2940.9099,2927.1101,2929.6699,2929.6699,5607610000.0,0.0,1.0,24.84,26.84,46.44000000000001,11.88,-0.40619364498431293,-0.7588202822557071
434,434,2018-09-24,2921.8301,2923.79,2912.6299,2919.3701,2919.3701,3372210000.0,0.0,1.0,33.44,27.09,44.8,10.64,-0.26053136263659804,-0.7441139551739692
435,435,2018-09-25,2921.75,2923.95,2913.7,2915.5601,2915.5601,3285480000.0,0.0,1.0,30.02,27.09,44.24,14.25,-0.42637210857693797,-0.7668646160049369
436,436,2018-09-26,2916.98,2931.1499,2903.28,2905.97,2905.97,3388620000.0,0.0,1.0,38.0,27.09,45.36000000000001,17.29,0.17695483453478303,-0.569818524993281
437,437,2018-09-27,2911.6499,2927.22,2909.27,2914.0,2914.0,3060850000.0,0.0,1.0,29.26,25.37,43.12000000000001,14.25,0.542257260108695,0.00208420123091134
438,438,2018-09-28,2910.03,2920.53,2907.5,2913.98,2913.98,3432300000.0,0.0,1.0,32.3,25.8,48.16,12.35,0.4364807084624939,-0.10607228933322199
439,439,2018-10-01,2926.29,2937.0601,2917.9099,2924.5901,2924.5901,3364190000.0,0.0,1.0,27.65,36.12,43.2,10.92,0.229474297513643,-0.427258504768436
440,440,2018-10-02,2923.8,2931.4199,2919.3701,2923.4299,2923.4299,3401880000.0,0.0,1.0,29.4,39.56,41.58000000000001,13.65,-0.176287597004458,-0.645702852228219
441,441,2018-10-03,2931.6899,2939.8601,2921.3601,2925.51,2925.51,3598710000.0,0.0,1.0,29.05,39.99,42.66,21.0,0.190383815071108,-0.5673605308708879
442,442,2018-10-04,2919.3501,2919.78,2883.9199,2901.6101,2901.6101,3496860000.0,0.0,1.0,31.15,37.84,44.82,15.75,0.628854360886319,0.347565040544073
443,443,2018-10-05,2902.54,2909.6399,2869.29,2885.5701,2885.5701,3328980000.0,0.0,1.0,27.65,38.27,47.52,13.65,0.496962533988757,0.30465320952570696
444,444,2018-10-08,2877.53,2889.45,2862.0801,2884.4299,2884.4299,3330320000.0,0.0,1.0,29.97,39.6,42.40000000000001,9.18,0.39325292691087393,0.0392710859434629
445,445,2018-10-09,2882.51,2894.8301,2874.27,2880.3401,2880.3401,3520500000.0,0.0,1.0,31.08,41.36,40.81,9.72,-0.250727947934638,-0.501242893844116
446,446,2018-10-10,2873.8999,2874.02,2784.8601,2785.6799,2785.6799,4501250000.0,0.0,1.0,34.78,40.92,41.34,10.08,-0.442403332077912,-0.660555538689484
447,447,2018-10-11,2776.8701,2795.1399,2710.51,2728.3701,2728.3701,4890630000.0,0.0,1.0,37.0,41.8,44.52,11.7,-0.429328152789614,-0.685256523237146
448,448,2018-10-12,2770.54,2775.77,2729.4399,2767.1299,2767.1299,3966040000.0,0.0,1.0,28.86,43.56,46.11,13.14,-0.313862986229146,-0.6614141410609681
449,449,2018-10-15,2763.8301,2775.99,2749.03,2750.79,2750.79,3300140000.0,0.0,1.0,32.76,39.6,41.6,12.35,0.0481294629666696,-0.5641739763437961
450,450,2018-10-16,2767.05,2813.46,2766.9099,2809.9199,2809.9199,3428340000.0,0.0,1.0,30.24,42.24,39.52,12.73,0.0038888095773339203,-0.602723662781927
451,451,2018-10-17,2811.6699,2816.9399,2781.8101,2809.21,2809.21,3321710000.0,0.0,1.0,30.6,44.0,40.04,12.54,0.18936567539546698,-0.60637786470966
452,452,2018-10-18,2802.0,2806.04,2755.1799,2768.78,2768.78,3616440000.0,0.0,1.0,33.48,39.6,41.6,11.59,0.155034959535389,-0.6320567387540079
453,453,2018-10-19,2775.6599,2797.77,2760.27,2767.78,2767.78,3566490000.0,0.0,1.0,29.16,38.28,44.72,11.59,-0.0200863144335382,-0.6647676510776441
454,454,2018-10-22,2773.9399,2778.9399,2749.22,2755.8799,2755.8799,3307140000.0,0.0,1.0,38.22,39.9,41.08,11.16,-0.147239577658216,-0.7047999456474441
455,455,2018-10-23,2721.03,2753.5901,2691.4299,2740.6899,2740.6899,4348580000.0,0.0,1.0,36.27,37.8,39.0,11.34,-0.26922962032520803,-0.73571702120543
456,456,2018-10-24,2737.8701,2742.5901,2651.8899,2656.1001,2656.1001,4709310000.0,0.0,1.0,35.88,37.38,39.0,10.98,-0.27328979510830803,-0.743163666879037
457,457,2018-10-25,2674.8799,2722.7,2667.8401,2705.5701,2705.5701,4634770000.0,0.0,1.0,38.22,37.38,42.12000000000001,11.34,0.24686530382300897,-0.667349197295667
458,458,2018-10-26,2667.8601,2692.3799,2628.1599,2658.6899,2658.6899,4803150000.0,0.0,1.0,30.42,35.7,45.24,11.52,0.14951657081776998,-0.7177311051080981
459,459,2018-10-29,2682.6499,2706.8501,2603.54,2641.25,2641.25,4673700000.0,0.0,1.0,36.63,39.56,43.12000000000001,14.08,0.158681725518948,-0.696817667659665
460,460,2018-10-30,2640.6799,2685.4299,2635.3401,2682.6299,2682.6299,5106380000.0,0.0,1.0,35.52,39.56,43.12000000000001,20.24,-0.378965633733459,-0.530364690492777
461,461,2018-10-31,2705.6001,2736.6899,2705.6001,2711.74,2711.74,5112420000.0,0.0,1.0,32.93,35.69,44.24,16.94,-0.438236378986403,0.528801077844579
462,462,2018-11-01,2717.5801,2741.6699,2708.8501,2740.3701,2740.3701,4708420000.0,0.0,1.0,29.97,38.27,40.32000000000001,13.64,-0.40984539713158297,0.540720693344148
463,463,2018-11-02,2745.45,2756.55,2700.4399,2723.0601,2723.0601,4237930000.0,0.0,1.0,27.38,36.12,51.52,13.2,-0.21947237227451605,0.189643124193744
464,464,2018-11-05,2726.3701,2744.27,2717.9399,2738.3101,2738.3101,3623320000.0,0.0,1.0,33.54,42.78,41.58000000000001,14.75,-0.210698470629636,-0.0704284814643513
465,465,2018-11-06,2738.3999,2756.8201,2737.0801,2755.45,2755.45,3510860000.0,0.0,1.0,34.32,43.24,39.42,19.5,0.19623742820131,-0.0421314442383874
466,466,2018-11-07,2774.1299,2815.1499,2774.1299,2813.8899,2813.8899,3914750000.0,0.0,1.0,34.71,46.0,33.480000000000004,25.0,0.70454080728754,0.51414179335946
467,467,2018-11-08,2806.3799,2814.75,2794.99,2806.8301,2806.8301,3630490000.0,0.0,1.0,35.1,40.48,39.96,18.75,0.81607814295817,0.766341160283751
468,468,2018-11-09,2794.1001,2794.1001,2764.24,2781.01,2781.01,4019090000.0,0.0,1.0,31.59,38.18,44.28,15.25,0.720735455641937,0.712083662370802
469,469,2018-11-12,2773.9299,2775.99,2722.0,2726.22,2726.22,3670930000.0,0.0,1.0,28.12,34.86,39.42,11.4,0.5913002700032349,0.5430620714808889
470,470,2018-11-13,2730.05,2754.6001,2714.98,2722.1799,2722.1799,4091440000.0,0.0,1.0,30.71,36.54,36.72,11.8,0.35393500768302394,0.13155827923555902
471,471,2018-11-14,2737.8999,2746.8,2685.75,2701.5801,2701.5801,4402370000.0,0.0,1.0,36.26,34.44,38.88,10.8,0.14253544894007097,-0.19959712702613602
472,472,2018-11-15,2693.52,2735.3799,2670.75,2730.2,2730.2,4179140000.0,0.0,1.0,35.52,36.96,38.88,10.2,0.264237417594013,-0.457692038049858
473,473,2018-11-16,2718.54,2746.75,2712.1599,2736.27,2736.27,3975180000.0,0.0,1.0,29.23,35.7,41.040000000000006,10.0,-0.008349095725241859,-0.659992613664438
474,474,2018-11-19,2730.74,2733.1599,2681.0901,2690.73,2690.73,3772900000.0,0.0,1.0,25.76,34.4,41.34,8.84,-0.273766890688398,-0.733192396082676
475,475,2018-11-20,2654.6001,2669.4399,2631.52,2641.8899,2641.8899,4357900000.0,0.0,1.0,20.44,35.2,38.69000000000001,9.86,0.480545565869556,-0.719769445963773
476,476,2018-11-21,2657.74,2670.73,2649.8201,2649.9299,2649.9299,3233550000.0,0.0,1.0,14.28,34.800000000000004,41.34,9.01,0.495687033047374,-0.669221978666443
477,477,2018-11-23,2633.3601,2647.55,2631.0901,2632.5601,2632.5601,1651650000.0,0.0,1.0,9.52,34.4,35.51000000000001,7.1400000000000015,0.523736083396088,-0.716948080297354
478,478,2018-11-26,2649.97,2674.3501,2649.97,2673.45,2673.45,3443950000.0,0.0,1.0,36.0,36.96,37.8,6.9700000000000015,0.642844249491172,-0.7238092065130791
479,479,2018-11-27,2663.75,2682.53,2655.8899,2682.1699,2682.1699,3485220000.0,0.0,1.0,36.4,36.54,38.88,8.33,0.558775828616889,-0.802461750953917
480,480,2018-11-28,2691.45,2744.0,2684.3799,2743.79,2743.79,3951670000.0,0.0,1.0,40.0,36.54,41.040000000000006,8.33,0.495668105622812,-0.807957199827042
481,481,2018-11-29,2736.97,2753.75,2722.9399,2737.8,2737.8,3560770000.0,0.0,1.0,33.2,34.86,41.58000000000001,9.18,0.0224496524312479,-0.813474681642757
482,482,2018-11-30,2737.76,2760.8799,2732.76,2760.1699,2760.1699,4658580000.0,0.0,1.0,35.2,35.28,44.82,9.86,-0.19597517102645698,-0.575426464506163
483,483,2018-12-03,2790.5,2800.1799,2773.3799,2790.3701,2790.3701,4186060000.0,0.0,1.0,28.98,36.4,26.79,12.2,-0.456084510288832,-0.647212037155254
484,484,2018-12-04,2782.4299,2785.9299,2697.1799,2700.0601,2700.0601,4499840000.0,0.0,1.0,29.4,38.40000000000001,26.79,12.8,-0.15079324706585,-0.565603248073518
485,485,2018-12-06,2663.51,2696.1499,2621.53,2695.95,2695.95,5141470000.0,0.0,1.0,30.24,36.0,27.36,15.0,-0.20353061050083898,-0.4511163577315179
486,486,2018-12-07,2691.26,2708.54,2623.1399,2633.0801,2633.0801,4216690000.0,0.0,1.0,26.88,34.800000000000004,28.5,14.6,-0.472781196393871,-0.326565504283288
487,487,2018-12-10,2630.8601,2647.51,2583.23,2637.72,2637.72,4151030000.0,0.0,1.0,27.14,38.54,27.84,14.49,-0.584130724948379,-0.19542690801803198
488,488,2018-12-11,2664.4399,2674.3501,2621.3,2636.78,2636.78,3905870000.0,0.0,1.0,35.88,36.49,26.1,15.75,-0.59930666706796,-0.142201070437148
489,489,2018-12-12,2658.23,2685.4399,2650.26,2651.0701,2651.0701,3958890000.0,0.0,1.0,46.0,37.31,27.84,18.06,-0.6616256600116021,-0.291142685265363
490,490,2018-12-13,2658.7,2670.1899,2637.27,2650.54,2650.54,3927720000.0,0.0,1.0,38.18,35.26,27.84,17.43,-0.6884006686892471,-0.46735939107105
491,491,2018-12-14,2629.6799,2635.0701,2593.8401,2599.95,2599.95,4035020000.0,0.0,1.0,27.6,36.9,28.42,16.169999999999998,-0.695602262372817,-0.554113144299754
492,492,2018-12-17,2590.75,2601.1299,2530.54,2545.9399,2545.9399,4616350000.0,0.0,1.0,22.1,40.0,28.91,14.3,-0.6786787675487049,-0.4955497474115779
493,493,2018-12-18,2559.8999,2573.99,2528.71,2546.1599,2546.1599,4470880000.0,0.0,1.0,19.72,36.4,28.32,14.74,-0.6085142331774399,-0.22741893613143
494,494,2018-12-19,2547.05,2585.29,2488.96,2506.96,2506.96,5127940000.0,0.0,1.0,19.040000000000006,36.4,28.91,16.06,-0.644726779092126,-0.19688326887853802
495,495,2018-12-20,2496.77,2509.6299,2441.1799,2467.4199,2467.4199,5585780000.0,0.0,1.0,20.06,34.800000000000004,30.09,18.26,-0.729241305528335,-0.38775444628790207
496,496,2018-12-21,2465.3799,2504.4099,2408.55,2416.6201,2416.6201,7609010000.0,0.0,1.0,15.3,34.0,31.27,22.0,-0.786157928217448,-0.636410641719186
497,497,2018-12-24,2400.5601,2410.3401,2351.1001,2351.1001,2351.1001,2613930000.0,0.0,1.0,8.75,31.20000000000001,51.2,17.38,-0.823088676145032,-0.7929686557878042
498,498,2018-12-26,2363.1201,2467.76,2346.5801,2467.7,2467.7,4233990000.0,0.0,1.0,12.0,37.44,53.6,16.94,-0.703216789598103,-0.739643683381957
499,499,2018-12-27,2442.5,2489.1001,2397.9399,2488.8301,2488.8301,4096610000.0,0.0,1.0,10.0,39.0,49.6,16.5,-0.675533092605298,-0.6991966270755561
500,500,2018-12-28,2498.77,2520.27,2472.8899,2485.74,2485.74,3702620000.0,0.0,1.0,10.25,35.88,56.8,14.74,-0.674750720488669,-0.654263196855955
501,501,2018-12-31,2498.9399,2509.24,2482.8201,2506.8501,2506.8501,3442870000.0,0.0,1.0,8.32,34.02,58.40000000000001,11.97,-0.61851265922186,-0.45348982525058
502,502,2019-01-02,2476.96,2519.49,2467.47,2510.03,2510.03,3733160000.0,0.0,1.0,14.3,39.48,57.6,7.35,-0.338045066594343,0.0595507537633177
503,503,2019-01-03,2491.9199,2493.1399,2443.96,2447.8899,2447.8899,3822860000.0,0.0,1.0,16.12,39.48,53.6,7.979999999999999,0.44772932887563704,0.5446505522044229
504,504,2019-01-04,2474.3301,2538.0701,2474.3301,2531.9399,2531.9399,4213410000.0,0.0,1.0,17.42,39.48,52.8,9.66,0.535941781559209,0.730738767374484
505,505,2019-01-07,2535.6101,2566.1599,2524.5601,2549.6899,2549.6899,4104710000.0,0.0,1.0,27.36,37.84,34.77,11.31,0.46516759690549103,0.654516752707619
506,506,2019-01-08,2568.1101,2579.8201,2547.5601,2574.4099,2574.4099,4083030000.0,0.0,1.0,30.4,39.13,34.77,14.79,0.299796585422407,0.584345487472961
507,507,2019-01-09,2580.0,2595.3201,2568.8899,2584.96,2584.96,4052480000.0,0.0,1.0,38.0,38.27,35.38,29.0,-0.328668534035265,0.400239917551695
508,508,2019-01-10,2573.51,2597.8201,2562.02,2596.6399,2596.6399,3704500000.0,0.0,1.0,37.24,37.84,34.16,16.529999999999998,-0.659457102305351,0.10367150344547699
509,509,2019-01-11,2588.1101,2596.27,2577.3999,2596.26,2596.26,3434490000.0,0.0,1.0,34.58,38.7,37.21,14.21,-0.481978943496528,0.10353727587300901
510,510,2019-01-14,2580.3101,2589.3201,2570.4099,2582.6101,2582.6101,3664450000.0,0.0,1.0,28.35,39.13,35.4,13.5,-0.42562892359526394,0.018032674175967
511,511,2019-01-15,2585.1001,2613.0801,2585.1001,2610.3,2610.3,3572330000.0,0.0,1.0,29.4,38.27,33.629999999999995,15.6,-0.425939187105651,0.00874678676067183
512,512,2019-01-16,2614.75,2625.76,2612.6799,2616.1001,2616.1001,3863770000.0,0.0,1.0,27.3,39.56,33.04,15.3,-0.592440270257591,0.13830322589158803
513,513,2019-01-17,2609.28,2645.0601,2606.3601,2635.96,2635.96,3772270000.0,0.0,1.0,26.6,37.84,34.22,15.6,-0.626159601175849,0.149480304859511
514,514,2019-01-18,2651.27,2675.47,2647.5801,2670.71,2670.71,3986730000.0,0.0,1.0,25.2,37.84,34.809999999999995,17.7,-0.6488361745868759,0.218311718613795
515,515,2019-01-22,2657.8799,2657.8799,2617.27,2632.8999,2632.8999,3908030000.0,0.0,1.0,25.2,39.56,34.65,11.34,-0.624891388330499,0.521389721812846
516,516,2019-01-23,2643.48,2653.1899,2612.8601,2638.7,2638.7,3335610000.0,0.0,1.0,24.12,39.99,35.28,11.61,-0.21205561769798997,0.0955772941928966
517,517,2019-01-24,2638.8401,2647.2,2627.01,2642.3301,2642.3301,3433250000.0,0.0,1.0,29.52,39.56,37.8,11.88,-0.06680835962017,-0.268268685330015
518,518,2019-01-25,2657.4399,2672.3799,2657.3301,2664.76,2664.76,3814080000.0,0.0,1.0,33.12,39.99,43.47,16.200000000000006,-0.0423760348555618,-0.474115382396669
519,519,2019-01-28,2644.97,2644.97,2624.0601,2643.8501,2643.8501,3612810000.0,0.0,1.0,30.4,44.0,44.73,6.65,-0.47481488967322705,0.0357887303853993
520,520,2019-01-29,2644.8899,2650.9299,2631.05,2640.0,2640.0,3504200000.0,0.0,1.0,30.02,40.48,44.02,6.65,0.298773940418052,-0.423869216674523
521,521,2019-01-30,2653.6201,2690.4399,2648.3401,2681.05,2681.05,3867810000.0,0.0,1.0,27.74,41.36,44.73,6.84,0.500061456506375,-0.614284852003287
522,522,2019-01-31,2685.49,2708.95,2678.6499,2704.1001,2704.1001,4917650000.0,0.0,1.0,30.78,43.56,50.41,6.65,0.465778312787052,-0.754879606695204
523,523,2019-02-01,2702.3201,2716.6599,2696.8799,2706.53,2706.53,3759270000.0,0.0,1.0,30.4,40.04,29.11,8.74,0.38451509522183003,-0.657274257825933
524,524,2019-02-04,2706.49,2724.99,2698.75,2724.8701,2724.8701,3359840000.0,0.0,1.0,27.36,39.48,53.0,9.2,0.33087098317498603,-0.6916897380830122
525,525,2019-02-05,2728.3401,2738.98,2724.03,2737.7,2737.7,3560430000.0,0.0,1.0,34.58,39.06,100.0,9.4,0.119965566587383,-0.7161621790500401
526,526,2019-02-06,2735.05,2738.0801,2724.1499,2731.6101,2731.6101,3472690000.0,0.0,1.0,29.26,40.32,58.0,20.0,-0.25386053824610105,-0.7211381945469999
527,527,2019-02-07,2717.53,2719.3201,2687.26,2706.05,2706.05,4099490000.0,0.0,1.0,32.3,39.48,42.0,10.4,0.130748085839918,-0.0772255999235447
528,528,2019-02-08,2692.3601,2708.0701,2681.8301,2707.8799,2707.8799,3622330000.0,0.0,1.0,31.16,37.8,39.0,9.2,0.11400032025241802,-0.28414172929406895
529,529,2019-02-11,2712.3999,2718.05,2703.79,2709.8,2709.8,3361970000.0,0.0,1.0,32.0,37.8,20.79,10.5,0.312508213163721,-0.5262218901829651
530,530,2019-02-12,2722.6101,2748.1899,2722.6101,2744.73,2744.73,3827770000.0,0.0,1.0,30.0,40.74,19.53,12.6,0.27101572357404,-0.5934550149582679
531,531,2019-02-13,2750.3,2761.8501,2748.6299,2753.03,2753.03,3670770000.0,0.0,1.0,34.800000000000004,39.06,19.53,10.08,0.16276693160744501,-0.49395099439216905
532,532,2019-02-14,2743.5,2757.8999,2731.23,2745.73,2745.73,3836700000.0,0.0,1.0,33.2,34.86,20.16,10.71,-0.373383634807317,-0.61563253941836
533,533,2019-02-15,2760.24,2775.6599,2760.24,2775.6001,2775.6001,3641370000.0,0.0,1.0,34.0,39.06,22.05,18.06,-0.40411516634155,-0.634331150221489
534,534,2019-02-19,2769.28,2787.3301,2767.29,2779.76,2779.76,3533710000.0,0.0,1.0,31.92,40.74,17.7,10.08,0.6795187820715619,0.0671733065515607
535,535,2019-02-20,2779.05,2789.8799,2774.0601,2784.7,2784.7,3835450000.0,0.0,1.0,29.26,40.32,17.7,8.82,0.251042963088591,-0.349327839112349
536,536,2019-02-21,2780.24,2781.5801,2764.55,2774.8799,2774.8799,3559710000.0,0.0,1.0,34.2,39.06,17.11,8.1,-0.300532903256649,-0.5861924605053139
537,537,2019-02-22,2780.6699,2794.2,2779.1101,2792.6699,2792.6699,3427810000.0,0.0,1.0,34.2,38.64,19.47,8.64,-0.509957233416865,-0.674659876324421
538,538,2019-02-25,2804.3501,2813.49,2794.99,2796.1101,2796.1101,3804380000.0,0.0,1.0,42.14,39.56,16.8,8.6,-0.613539894678895,-0.726569926579993
539,539,2019-02-26,2792.3601,2803.1201,2789.47,2793.8999,2793.8999,3645680000.0,0.0,1.0,43.0,40.42,17.4,9.2,-0.667012696043453,-0.7544470754358721
540,540,2019-02-27,2787.5,2795.76,2775.1299,2792.3799,2792.3799,3767130000.0,0.0,1.0,40.42,40.85,18.6,14.6,-0.6525585057434871,-0.73004311931161
541,541,2019-02-28,2788.1101,2793.73,2782.51,2784.49,2784.49,4396930000.0,0.0,1.0,41.71,39.99,18.0,13.6,0.0013119253480931,-0.43395683312093103
542,542,2019-03-01,2798.22,2808.02,2787.3799,2803.6899,2803.6899,3972280000.0,0.0,1.0,32.68,37.84,51.0,18.8,0.172848116114632,-0.33876187008941194
543,543,2019-03-04,2814.3701,2816.8799,2767.6599,2792.8101,2792.8101,3919810000.0,0.0,1.0,35.2,38.54,44.46,13.6,0.674545022008452,0.310057157207278
544,544,2019-03-05,2794.4099,2796.4399,2782.97,2789.6499,2789.6499,3585690000.0,0.0,1.0,33.6,38.13,42.18,13.76,0.475338022271457,0.0659485948076722
545,545,2019-03-06,2790.27,2790.27,2768.6899,2771.45,2771.45,3786600000.0,0.0,1.0,32.800000000000004,37.31,43.88999999999999,12.96,0.43948701972511,-0.0701340103096506
546,546,2019-03-07,2766.53,2767.25,2739.0901,2748.9299,2748.9299,3904860000.0,0.0,1.0,35.2,36.08,42.74999999999999,12.16,0.314186071900651,-0.233768382477001
547,547,2019-03-08,2730.79,2744.1299,2722.27,2743.0701,2743.0701,3423130000.0,0.0,1.0,28.4,36.49,46.17,13.28,0.12354358298556,-0.371366768108424
548,548,2019-03-11,2747.6101,2784.0,2747.6101,2783.3,2783.3,3749030000.0,0.0,1.0,27.74,41.16,42.56,11.25,0.152364698097057,-0.323735824028951
549,549,2019-03-12,2787.3401,2798.3201,2786.73,2791.52,2791.52,3414230000.0,0.0,1.0,29.64,37.38,44.24,11.85,-0.223310379629553,-0.638635537119846
550,550,2019-03-13,2799.78,2821.24,2799.78,2810.9199,2810.9199,3766150000.0,0.0,1.0,33.06,39.48,39.2,12.3,-0.18383027379387804,-0.635922532570036
551,551,2019-03-14,2810.3799,2815.0,2803.46,2808.48,2808.48,3469730000.0,0.0,1.0,25.84,37.8,42.00000000000001,12.0,-0.0500628392504473,-0.615049318879693
552,552,2019-03-15,2810.79,2830.73,2810.79,2822.48,2822.48,5962730000.0,0.0,1.0,26.6,36.96,45.36000000000001,13.35,-0.0758420523099255,-0.613024297389029
553,553,2019-03-18,2822.6101,2835.4099,2821.99,2832.9399,2832.9399,3552190000.0,0.0,1.0,28.5,37.8,41.25,14.45,0.226283256394184,-0.48823288109122
554,554,2019-03-19,2840.76,2852.4199,2823.27,2832.5701,2832.5701,3620220000.0,0.0,1.0,33.82,39.48,41.25,14.45,0.461470483639544,-0.237443642448157
555,555,2019-03-20,2831.3401,2843.54,2812.4299,2824.23,2824.23,3771200000.0,0.0,1.0,30.02,39.06,41.8,14.96,0.49865835228749106,-0.0999661841832242
556,556,2019-03-21,2819.72,2860.3101,2817.3799,2854.8799,2854.8799,3546800000.0,0.0,1.0,28.5,37.38,41.25,14.28,0.5348111402811729,0.0729372682772032
557,557,2019-03-22,2844.52,2846.1599,2800.47,2800.71,2800.71,4237200000.0,0.0,1.0,28.5,39.48,44.55,15.47,0.515625978722594,0.0322570678421579
558,558,2019-03-25,2796.01,2809.79,2785.02,2798.3601,2798.3601,3376580000.0,0.0,1.0,35.26,37.38,40.32000000000001,13.6,0.483818942904573,0.16880872786599901
559,559,2019-03-26,2812.6599,2829.8701,2803.99,2818.46,2818.46,3266050000.0,0.0,1.0,41.0,40.32,42.00000000000001,12.96,0.379594124267804,-0.0606652204645319
560,560,2019-03-27,2819.72,2825.5601,2787.72,2805.3701,2805.3701,3372930000.0,0.0,1.0,36.49,42.0,40.32000000000001,11.04,0.29848642922905894,-0.327859018183641
561,561,2019-03-28,2809.3999,2819.71,2798.77,2815.4399,2815.4399,3158170000.0,0.0,1.0,35.66999999999999,36.54,43.68000000000001,12.64,-0.097144178088606,-0.5413277662196979
562,562,2019-03-29,2828.27,2836.03,2819.23,2834.3999,2834.3999,3740700000.0,0.0,1.0,30.75,36.12,43.12000000000001,12.48,0.049749147282004996,-0.54535318251138
563,563,2019-04-01,2848.6299,2869.3999,2848.6299,2867.1899,2867.1899,3500760000.0,0.0,1.0,31.82,39.77,40.7,9.38,0.0863747679633268,-0.571692081845219
564,564,2019-04-02,2868.24,2872.8999,2858.75,2867.24,2867.24,3246900000.0,0.0,1.0,37.84,39.77,43.45,10.080000000000002,-0.51402181849116,-0.737083282078161
565,565,2019-04-03,2876.0901,2885.25,2865.1699,2873.3999,2873.3999,3550240000.0,0.0,1.0,35.26,40.59,42.90000000000001,11.2,-0.5477604485886179,-0.752763565972604
566,566,2019-04-04,2873.99,2881.28,2867.1399,2879.3899,2879.3899,3015180000.0,0.0,1.0,35.69,39.77,44.55,11.2,-0.447823290405526,-0.72523179173464
567,567,2019-04-05,2884.1599,2893.24,2882.99,2892.74,2892.74,3146820000.0,0.0,1.0,30.96,39.77,46.75000000000001,12.04,-0.41376621944554903,-0.712031690633254
568,568,2019-04-08,2888.46,2895.95,2880.78,2895.77,2895.77,3054030000.0,0.0,1.0,37.8,40.0,41.58000000000001,9.1,-0.2219416389595,-0.659558824941231
569,569,2019-04-09,2886.5801,2886.8799,2873.3301,2878.2,2878.2,3007980000.0,0.0,1.0,40.05,39.2,41.58000000000001,8.84,-0.5709902639707459,-0.5857827356811701
570,570,2019-04-10,2881.3701,2889.71,2879.1299,2888.21,2888.21,3062380000.0,0.0,1.0,36.45,39.6,39.42,9.49,-0.6329498659812939,-0.609200093053516
571,571,2019-04-11,2891.9199,2893.4199,2881.99,2888.3201,2888.3201,2938540000.0,0.0,1.0,36.0,37.2,39.96,9.1,-0.6285824783636639,-0.593024534990112
572,572,2019-04-12,2900.8601,2910.54,2898.3701,2907.4099,2907.4099,3688490000.0,0.0,1.0,32.4,38.40000000000001,46.44000000000001,8.84,-0.665576296735732,-0.627119517140418
573,573,2019-04-15,2908.3201,2909.6001,2896.48,2905.5801,2905.5801,3088330000.0,0.0,1.0,33.21,38.8,42.90000000000001,13.92,-0.6936822806626719,-0.649310237539867
574,574,2019-04-16,2912.26,2916.0601,2900.71,2907.0601,2907.0601,3402210000.0,0.0,1.0,35.66999999999999,38.0,41.8,12.48,-0.11922932137396303,-0.132609569794442
575,575,2019-04-17,2916.04,2918.0,2895.45,2900.45,2900.45,3602300000.0,0.0,1.0,33.21,38.0,40.7,11.36,-0.0189645183829427,-0.0580675830785108
576,576,2019-04-18,2904.8101,2908.3999,2891.8999,2905.03,2905.03,3506850000.0,0.0,1.0,31.16,38.0,42.90000000000001,16.0,-0.19744711467103002,-0.26958157258818305
577,577,2019-04-22,2898.78,2909.51,2896.3501,2907.97,2907.97,2997950000.0,0.0,1.0,34.2,38.8,42.66,11.4,0.45698453244723103,0.42472895615405
578,578,2019-04-23,2909.99,2936.3101,2908.53,2933.6799,2933.6799,3635030000.0,0.0,1.0,41.4,39.6,41.58000000000001,12.0,0.12972802728581098,0.0705316276491933
579,579,2019-04-24,2934.0,2936.8301,2926.05,2927.25,2927.25,3448960000.0,0.0,1.0,44.55,37.6,39.96,11.7,0.0110271781941973,-0.0717843360184651
580,580,2019-04-25,2928.99,2933.1001,2912.8401,2926.1699,2926.1699,3425280000.0,0.0,1.0,45.0,38.0,42.66,11.7,-0.113012115413086,-0.19523436719514198
581,581,2019-04-26,2925.8101,2939.8799,2917.5601,2939.8799,2939.8799,3248500000.0,0.0,1.0,34.2,36.8,44.82,12.45,-0.17260967715309697,-0.24682534472659498
582,582,2019-04-29,2940.5801,2949.52,2939.3501,2943.03,2943.03,3118780000.0,0.0,1.0,45.6,42.14,38.88,8.84,-0.0175608249814894,-0.088276966943247
583,583,2019-04-30,2937.1399,2948.22,2924.1101,2945.8301,2945.8301,3919330000.0,0.0,1.0,47.52,41.71,40.5,9.49,-0.532356352615633,-0.549191195676322
584,584,2019-05-01,2952.3301,2954.1299,2923.3601,2923.73,2923.73,3645850000.0,0.0,1.0,48.0,31.82,36.18,9.1,-0.5845732588070389,-0.561644253022732
585,585,2019-05-02,2922.1599,2931.6799,2900.5,2917.52,2917.52,3778890000.0,0.0,1.0,41.28,33.11,36.18,8.97,-0.635410955631203,-0.5992706572852261
586,586,2019-05-03,2929.21,2947.8501,2929.21,2945.6399,2945.6399,3338120000.0,0.0,1.0,36.0,43.0,38.34,8.58,-0.6600869691434561,-0.6199533039555191
587,587,2019-05-06,2908.8899,2937.3201,2898.21,2932.47,2932.47,3181520000.0,0.0,1.0,42.3,31.92,38.5,10.8,-0.701855428676669,-0.66043426228174
588,588,2019-05-07,2913.03,2913.03,2862.6001,2884.05,2884.05,3767100000.0,0.0,1.0,43.24,32.34,35.75,10.65,-0.54913167144871,-0.510252096329911
589,589,2019-05-08,2879.6101,2897.96,2873.28,2879.4199,2879.4199,3485790000.0,0.0,1.0,39.01,31.08,37.40000000000001,15.0,-0.5191168758146011,-0.486754349270246
590,590,2019-05-09,2859.8401,2875.97,2836.3999,2870.72,2870.72,3638820000.0,0.0,1.0,43.24,30.24,37.95,13.2,0.21532490721309402,0.23801980456640098
591,591,2019-05-10,2863.1001,2891.3101,2825.3899,2881.3999,2881.3999,3529600000.0,0.0,1.0,39.95,28.98,41.25,12.3,0.22328193193717102,0.214424291093549
592,592,2019-05-13,2840.1899,2840.1899,2801.4299,2811.8701,2811.8701,3894030000.0,0.0,1.0,34.76,31.98,41.04,8.97,0.10755162528169,0.0748964792606088
593,593,2019-05-14,2820.1201,2852.54,2820.1201,2834.4099,2834.4099,3322720000.0,0.0,1.0,38.28,30.75,36.48,9.62,-0.319598986980256,-0.333402072810582
594,594,2019-05-15,2820.3799,2858.6799,2815.0801,2850.96,2850.96,3125950000.0,0.0,1.0,33.44,30.75,38.76,9.23,-0.48735163541195603,-0.478499556084584
595,595,2019-05-16,2855.8,2892.1499,2855.8,2876.3201,2876.3201,3338060000.0,0.0,1.0,34.76,30.34,37.05,9.75,-0.6212555913004051,-0.592611061689908
596,596,2019-05-17,2858.6001,2885.48,2854.23,2859.53,2859.53,3257950000.0,0.0,1.0,34.76,29.93,39.33,9.49,-0.6223668337002879,-0.586746444569691
597,597,2019-05-20,2841.9399,2853.8601,2831.29,2840.23,2840.23,3288870000.0,0.0,1.0,33.6,29.93,36.3,10.8,-0.636515128506291,-0.591290040299418
598,598,2019-05-21,2854.02,2868.8799,2854.02,2864.3601,2864.3601,3218700000.0,0.0,1.0,31.6,31.57,36.3,10.5,-0.5326817566788039,-0.48480852090822996
599,599,2019-05-22,2856.0601,2865.47,2851.1101,2856.27,2856.27,3192510000.0,0.0,1.0,32.0,31.57,34.65000000000001,12.6,-0.54818455671039,-0.523584002279333
600,600,2019-05-23,2836.7,2836.7,2805.49,2822.24,2822.24,3891980000.0,0.0,1.0,30.0,30.34,36.3,13.05,-0.192250326380912,-0.182475077858745
601,601,2019-05-24,2832.4099,2841.3601,2820.1899,2826.0601,2826.0601,2887390000.0,0.0,1.0,22.8,31.16,38.5,12.75,0.0381410341563633,0.05505643833445901
602,602,2019-05-28,2830.03,2840.51,2801.5801,2802.3899,2802.3899,4121410000.0,0.0,1.0,24.48,33.11,34.56,10.65,0.117283376283754,0.13048943966120402
603,603,2019-05-29,2790.25,2792.03,2766.0601,2783.02,2783.02,3700050000.0,0.0,1.0,28.08,32.68,35.1,11.7,-0.24446006579783602,-0.244527378761399
604,604,2019-05-30,2786.9399,2799.0,2776.74,2788.8601,2788.8601,3273790000.0,0.0,1.0,28.44,32.25,36.72,13.95,-0.228607206750707,-0.21987827245822303
605,605,2019-05-31,2766.1499,2768.98,2750.52,2752.0601,2752.0601,3981020000.0,0.0,1.0,19.8,31.82,37.26000000000001,13.05,0.256847006318256,0.28954883390033903
606,606,2019-06-03,2751.53,2763.0701,2728.8101,2744.45,2744.45,3943810000.0,0.0,1.0,23.76,19.35,44.0,16.15,0.174704968450866,0.19714519124011104
607,607,2019-06-04,2762.6399,2804.49,2762.6399,2803.27,2803.27,3810430000.0,0.0,1.0,22.32,20.25,42.35,19.0,0.31979519945872303,0.436745028185229
608,608,2019-06-05,2818.0901,2827.28,2800.9199,2826.1499,2826.1499,3548830000.0,0.0,1.0,21.6,20.25,44.0,16.15,0.739201816158864,0.745027277767822
609,609,2019-06-06,2828.51,2852.1001,2822.45,2843.49,2843.49,3396410000.0,0.0,1.0,21.96,20.25,41.8,13.49,0.6501850645245539,0.638054768174861
610,610,2019-06-07,2852.8701,2884.97,2852.8701,2873.3401,2873.3401,3220250000.0,0.0,1.0,21.24,18.9,44.0,11.97,0.491868427199015,0.45473805513717397
611,611,2019-06-10,2885.8301,2904.77,2885.51,2886.73,2886.73,3209210000.0,0.0,1.0,27.20000000000001,21.93,42.66,7.1400000000000015,0.19573373465628602,0.11733679045195401
612,612,2019-06-11,2903.27,2910.6101,2878.53,2885.72,2885.72,3548420000.0,0.0,1.0,26.8,32.64,38.88,7.98,-0.525533997534552,-0.5680694924917671
613,613,2019-06-12,2882.73,2888.5701,2874.6799,2879.8401,2879.8401,3034130000.0,0.0,1.0,27.20000000000001,26.52,42.66,8.260000000000002,-0.600501591136255,-0.581765539812924
614,614,2019-06-13,2886.24,2895.24,2881.99,2891.6399,2891.6399,3069810000.0,0.0,1.0,33.2,23.97,41.58000000000001,8.680000000000001,-0.648885113541868,-0.6056670318736489
615,615,2019-06-14,2886.8201,2894.45,2879.6201,2886.98,2886.98,2922330000.0,0.0,1.0,40.0,22.44,45.36,9.24,-0.668395221722053,-0.615932412991469
616,616,2019-06-17,2889.75,2897.27,2887.3,2889.6699,2889.6699,2810140000.0,0.0,1.0,23.8,26.88000000000001,43.2,10.2,-0.654348801225525,-0.594365611557376
617,617,2019-06-18,2906.71,2930.79,2905.4399,2917.75,2917.75,3437620000.0,0.0,1.0,24.85,27.44,40.5,13.43,-0.592932044433344,-0.528131640921394
618,618,2019-06-19,2920.55,2931.74,2911.4299,2926.46,2926.46,3287890000.0,0.0,1.0,24.5,28.56,41.58000000000001,14.79,-0.0197604153560223,0.0567068720271847
619,619,2019-06-20,2949.6001,2958.0601,2931.5,2954.1799,2954.1799,3905940000.0,0.0,1.0,19.6,36.96,41.58000000000001,11.22,0.39331793464263,0.43000996791786106
620,620,2019-06-21,2952.71,2964.1499,2946.8701,2950.46,2950.46,5000120000.0,0.0,1.0,19.25,26.320000000000004,43.74,11.56,0.01513805467445,-0.00554353997282649
621,621,2019-06-24,2951.4199,2954.9199,2944.05,2945.3501,2945.3501,3136250000.0,0.0,1.0,22.44,49.5,43.2,8.64,-0.13295265442475698,-0.155252239653691
622,622,2019-06-25,2945.78,2946.52,2916.01,2917.3799,2917.3799,3578050000.0,0.0,1.0,18.15,34.980000000000004,39.96,10.08,-0.551934954975996,-0.572551911972543
623,623,2019-06-26,2926.0701,2932.5901,2912.99,2913.78,2913.78,3478130000.0,0.0,1.0,25.41,32.34,42.12000000000001,10.4,-0.5369177364997221,-0.50201531500132
624,624,2019-06-27,2919.6599,2929.3,2918.5701,2924.9199,2924.9199,3122920000.0,0.0,1.0,20.46,36.3,42.66,11.84,-0.53683059684587,-0.493755856017444
625,625,2019-06-28,2932.9399,2943.98,2929.05,2941.76,2941.76,5420700000.0,0.0,1.0,17.82,66.0,44.28,12.16,-0.322957019403545,-0.260072506818571
626,626,2019-07-01,2971.4099,2977.9299,2952.22,2964.3301,2964.3301,3513270000.0,0.0,1.0,24.92,29.64,40.5,10.6,-0.151356675313375,-0.0924956806020973
627,627,2019-07-02,2964.6599,2973.21,2955.9199,2973.01,2973.01,3206840000.0,0.0,1.0,28.000000000000004,56.24,40.5,10.2,-0.41154526934129104,-0.39740710173810206
628,628,2019-07-03,2978.0801,2995.8401,2977.96,2995.8201,2995.8201,1963720000.0,0.0,1.0,25.20000000000001,33.44,42.12000000000001,10.6,-0.5300790857072439,-0.50384783707592
629,629,2019-07-05,2984.25,2994.03,2967.97,2990.4099,2990.4099,2434210000.0,0.0,1.0,17.360000000000007,28.12,44.82,20.0,-0.522988668893,-0.483646286551976
630,630,2019-07-08,2979.77,2980.76,2970.0901,2975.95,2975.95,2904550000.0,0.0,1.0,19.72,58.5,37.96,9.86,0.483966333894284,0.5187165061603339
631,631,2019-07-09,2965.52,2981.8999,2963.4399,2979.6299,2979.6299,3028210000.0,0.0,1.0,28.13,24.0,40.56,9.01,0.17360184267653198,0.14456853229758
632,632,2019-07-10,2989.3,3002.98,2984.6201,2993.0701,2993.0701,3154240000.0,0.0,1.0,23.78,22.5,37.96,8.67,-0.28537768411512104,-0.376472712600341
633,633,2019-07-11,2999.6201,3002.3301,2988.8,2999.9099,2999.9099,3154620000.0,0.0,1.0,25.52,22.5,41.08,8.84,-0.5282942489467379,-0.5607924358978321
634,634,2019-07-12,3003.3601,3013.9199,3001.8701,3013.77,3013.77,2974960000.0,0.0,1.0,24.36,21.75,41.08,9.01,-0.616709331340457,-0.591078211869514
635,635,2019-07-15,3017.8,3017.8,3008.77,3014.3,3014.3,2874970000.0,0.0,1.0,26.97,13.63,40.28,15.18,-0.6534337623805789,-0.594330757326745
636,636,2019-07-16,3012.1299,3015.02,3001.1499,3004.04,3004.04,3290650000.0,0.0,1.0,26.1,14.1,37.63,16.06,0.0723261088372097,0.23048186664012196
637,637,2019-07-17,3005.1001,3005.26,2984.25,2984.4199,2984.4199,3181600000.0,0.0,1.0,28.42,13.63,37.63,16.94,0.419424636319509,0.488031597210548
638,638,2019-07-18,2978.8701,2998.28,2973.0901,2995.1101,2995.1101,3296580000.0,0.0,1.0,24.36,12.69,38.69000000000001,16.06,0.553588900047292,0.5398606395233471
639,639,2019-07-19,3004.26,3006.02,2975.8601,2976.6101,2976.6101,3260360000.0,0.0,1.0,25.52,12.69,42.40000000000001,13.86,0.563423236985181,0.49601112101445793
640,640,2019-07-22,2981.9299,2990.71,2976.6499,2985.03,2985.03,3003720000.0,0.0,1.0,27.9,12.6,41.58000000000001,8.33,0.44370888471951203,0.294035169173094
641,641,2019-07-23,2994.74,3005.8999,2988.5601,3005.47,3005.47,3313660000.0,0.0,1.0,30.0,12.6,42.12000000000001,9.18,-0.36505183568644894,-0.586138337073875
642,642,2019-07-24,2998.77,3019.5901,2996.8201,3019.5601,3019.5601,3428980000.0,0.0,1.0,28.5,13.05,40.5,11.56,-0.517783412581127,-0.541498463159927
643,643,2019-07-25,3016.26,3016.3101,2997.24,3003.6699,3003.6699,3645270000.0,0.0,1.0,27.9,13.05,39.42,9.35,-0.36464368740773107,-0.251884186065021
644,644,2019-07-26,3013.25,3027.98,3012.5901,3025.8601,3025.8601,3257590000.0,0.0,1.0,22.8,11.7,43.74,8.84,-0.579639311593596,-0.582325409566557
645,645,2019-07-29,3024.47,3025.6101,3014.3,3020.97,3020.97,3203710000.0,0.0,1.0,23.520000000000003,11.18,42.12000000000001,9.18,-0.663206248074786,-0.6140129930645121
646,646,2019-07-30,3007.6599,3017.1899,3000.9399,3013.1799,3013.1799,3634330000.0,0.0,1.0,21.840000000000003,12.04,41.58000000000001,10.03,-0.6604586026063279,-0.5615006889125099
647,647,2019-07-31,3016.22,3017.3999,2958.0801,2980.3799,2980.3799,4623430000.0,0.0,1.0,23.520000000000003,12.04,40.5,9.18,-0.6086816286384978,-0.4864009343095139
648,648,2019-08-01,2980.3201,3013.5901,2945.23,2953.5601,2953.5601,4762300000.0,0.0,1.0,19.32,38.27,44.28,13.260000000000002,-0.648234596514241,-0.5696057016310401
649,649,2019-08-02,2943.8999,2945.5,2914.1101,2932.05,2932.05,3874660000.0,0.0,1.0,21.56,37.84,45.90000000000001,13.090000000000002,-0.19352450354914497,0.0617038429242173
650,650,2019-08-05,2898.0701,2898.0701,2822.1201,2844.74,2844.74,4513730000.0,0.0,1.0,30.0,44.16,43.46,21.0,0.0596111642509189,0.201563129960926
651,651,2019-08-06,2861.1799,2884.3999,2847.4199,2881.77,2881.77,4154240000.0,0.0,1.0,24.0,45.54,42.93,17.64,0.418141986452998,0.488980709168981
652,652,2019-08-07,2858.6499,2892.1699,2825.71,2883.98,2883.98,4491750000.0,0.0,1.0,21.6,46.0,39.75,20.16,0.40281314769226595,0.37868388350726095
653,653,2019-08-08,2896.21,2938.72,2894.47,2938.0901,2938.0901,4106370000.0,0.0,1.0,23.7,44.16,40.28,17.849999999999994,0.5941233130017459,0.590853589130462
654,654,2019-08-09,2930.51,2935.75,2900.1499,2918.6499,2918.6499,3350640000.0,0.0,1.0,25.8,41.86,44.52,18.06,0.573044033595886,0.51109728728065
655,655,2019-08-12,2907.0701,2907.5801,2873.1399,2882.7,2882.7,2851630000.0,0.0,1.0,24.07,44.62000000000001,41.58000000000001,13.68,0.6120812977854351,0.518606983804188
656,656,2019-08-13,2880.72,2943.3101,2877.05,2926.3201,2926.3201,3853600000.0,0.0,1.0,24.36,42.32,42.12000000000001,13.14,0.43470369619533894,0.22843632770077602
657,657,2019-08-14,2894.1499,2894.1499,2839.6399,2840.6001,2840.6001,4312530000.0,0.0,1.0,24.65,44.62000000000001,42.66,13.32,0.35438154217551,0.26939988078543
658,658,2019-08-15,2846.2,2856.6699,2825.51,2847.6001,2847.6001,4038000000.0,0.0,1.0,24.07,43.24,42.66,13.68,0.301919952742175,0.215102727629696
659,659,2019-08-16,2864.74,2893.6299,2864.74,2888.6799,2888.6799,3498150000.0,0.0,1.0,22.91,40.48,44.28,14.76,0.36374150040109904,0.35800930231952205
660,660,2019-08-19,2913.48,2931.0,2913.48,2923.6499,2923.6499,3212880000.0,0.0,1.0,23.49,42.75,42.40000000000001,11.7,0.5581702235572149,0.556021620717415
661,661,2019-08-20,2919.01,2923.6299,2899.6001,2900.51,2900.51,3066300000.0,0.0,1.0,21.75,41.4,40.81,12.06,0.157599069834779,0.0103180922332715
662,662,2019-08-21,2922.04,2928.73,2917.9099,2924.4299,2924.4299,3011190000.0,0.0,1.0,26.68,41.4,39.22,16.02,0.0394427574698879,-0.0517561093364501
663,663,2019-08-22,2930.9399,2939.0801,2904.51,2922.95,2922.95,2890880000.0,0.0,1.0,25.81,44.1,40.28,16.02,0.54072495969618,0.602167701750898
664,664,2019-08-23,2911.0701,2927.01,2834.97,2847.1101,2847.1101,3937300000.0,0.0,1.0,24.94,40.5,44.52,14.94,0.5813150035066129,0.543167553688217
665,665,2019-08-26,2866.7,2879.27,2856.0,2878.3799,2878.3799,2857600000.0,0.0,1.0,29.4,38.22,37.74,12.920000000000002,0.49412976779486606,0.382055918087714
666,666,2019-08-27,2893.1399,2898.79,2860.5901,2869.1599,2869.1599,3533630000.0,0.0,1.0,26.1,38.64,37.74,12.24,0.315886221300148,0.195831433439758
667,667,2019-08-28,2861.28,2890.03,2853.05,2887.9399,2887.9399,3097420000.0,0.0,1.0,23.4,38.64,38.25,13.260000000000002,0.14074085120691102,0.0276113943926547
668,668,2019-08-29,2910.3701,2930.5,2905.6699,2924.5801,2924.5801,3176190000.0,0.0,1.0,26.1,37.8,38.25,12.58,0.28653693927242896,0.270993465373914
669,669,2019-08-30,2937.0901,2940.4299,2913.3201,2926.46,2926.46,3008450000.0,0.0,1.0,25.2,34.44,40.29,11.39,0.19975872904979602,0.139272108819216
670,670,2019-09-03,2909.01,2914.3899,2891.8501,2906.27,2906.27,3426790000.0,0.0,1.0,20.7,34.08,40.28,4.05,-0.10057232115862699,-0.21879684849744
671,671,2019-09-04,2924.6699,2938.8401,2921.8601,2937.78,2937.78,3163260000.0,0.0,1.0,25.2,30.72,41.34,4.35,-0.5944074783001689,-0.6697809717333439
672,672,2019-09-05,2960.6001,2985.8601,2960.6001,2976.0,2976.0,3890700000.0,0.0,1.0,29.7,31.68,40.81,5.25,-0.641164191650045,-0.613638854114775
673,673,2019-09-06,2980.3301,2985.03,2972.51,2978.71,2978.71,3208280000.0,0.0,1.0,23.4,33.12,42.40000000000001,4.8,-0.680874628212759,-0.638294579903719
674,674,2019-09-09,2988.4299,2989.4299,2969.3899,2978.4299,2978.4299,4002890000.0,0.0,1.0,24.0,28.81,39.0,5.12,-0.7293488183408608,-0.6639344782779301
675,675,2019-09-10,2971.01,2979.3899,2957.01,2979.3899,2979.3899,4390770000.0,0.0,1.0,26.24,27.95,37.0,5.6000000000000005,-0.736588235790014,-0.65381908365307
676,676,2019-09-11,2981.4099,3000.9299,2975.3101,3000.9299,3000.9299,3927550000.0,0.0,1.0,28.8,33.97,36.0,5.76,-0.734969009550455,-0.6499120221173
677,677,2019-09-12,3009.0801,3020.74,3000.9199,3009.5701,3009.5701,3791860000.0,0.0,1.0,29.76,29.67,40.5,5.12,-0.7447163239638049,-0.6689550502526259
678,678,2019-09-13,3012.21,3017.3301,3002.8999,3007.3899,3007.3899,3520060000.0,0.0,1.0,24.64,26.23,44.0,5.12,-0.75951557340802,-0.687896882238187
679,679,2019-09-16,2996.4099,3002.1899,2990.6699,2997.96,2997.96,4274640000.0,0.0,1.0,33.25,25.42,39.5,3.640000000000001,-0.753250724396318,-0.677613575906096
680,680,2019-09-17,2995.6699,3006.21,2993.73,3005.7,3005.7,3671840000.0,0.0,1.0,35.0,26.24,37.0,4.48,-0.7635064226298149,-0.698311375693505
681,681,2019-09-18,3001.5,3007.8301,2978.5701,3006.73,3006.73,3435540000.0,0.0,1.0,28.7,26.24,38.0,4.340000000000002,-0.7456242105438671,-0.674290686123651
682,682,2019-09-19,3010.3601,3021.99,3003.1599,3006.79,3006.79,3251290000.0,0.0,1.0,35.0,25.01,39.5,4.2,-0.7511081795559041,-0.685756728191701
683,683,2019-09-20,3008.4199,3016.3701,2984.6799,2992.0701,2992.0701,6094740000.0,0.0,1.0,30.1,24.6,40.5,3.92,-0.7531928402723481,-0.6904908292737049
684,684,2019-09-23,2983.5,2999.1499,2982.23,2991.78,2991.78,3186590000.0,0.0,1.0,37.0,28.38,41.08,9.0,-0.7502436338527779,-0.6867804854244449
685,685,2019-09-24,3002.4299,3007.98,2957.73,2966.6001,2966.6001,3868160000.0,0.0,1.0,35.52,26.66,40.56,18.9,-0.607200309277269,-0.482950670415323
686,686,2019-09-25,2968.3501,2989.8201,2952.8601,2984.8701,2984.8701,3318870000.0,0.0,1.0,36.63,27.95,41.6,30.0,0.32342514167703,0.49666991494156504
687,687,2019-09-26,2985.73,2987.28,2963.71,2977.6201,2977.6201,3077240000.0,0.0,1.0,34.78,29.67,41.6,24.0,0.6658078328217839,0.717284895047192
688,688,2019-09-27,2985.47,2987.3101,2945.53,2961.79,2961.79,3243650000.0,0.0,1.0,34.04,26.23,44.2,19.2,0.5789463334540401,0.519826639393783
689,689,2019-09-30,2967.0701,2983.8501,2967.0701,2976.74,2976.74,3247610000.0,0.0,1.0,36.63,24.8,45.1,13.0,0.527431545303741,0.4361175285829961
690,690,2019-10-01,2983.6899,2992.53,2938.7,2940.25,2940.25,3558040000.0,0.0,1.0,31.45,37.2,43.45,20.5,0.30919607951561,0.180777734249553
691,691,2019-10-02,2924.78,2924.78,2874.9299,2887.6101,2887.6101,3912520000.0,0.0,1.0,30.71,35.6,44.55,23.25,0.5968150262221539,0.606141793454139
692,692,2019-10-03,2885.3799,2911.1299,2855.9399,2910.6299,2910.6299,3503640000.0,0.0,1.0,28.12,36.4,47.3,23.5,0.610957519687756,0.572225023432741
693,693,2019-10-04,2918.5601,2953.74,2918.5601,2952.01,2952.01,2990830000.0,0.0,1.0,28.86,33.2,50.6,20.75,0.6282594068524581,0.5939757707401071
694,694,2019-10-07,2944.23,2959.75,2935.6799,2938.79,2938.79,2940140000.0,0.0,1.0,33.15,39.9,42.35,18.96,0.608231839936708,0.56449020054848
695,695,2019-10-08,2920.3999,2925.47,2892.6599,2893.0601,2893.0601,3356450000.0,0.0,1.0,36.27,39.48,42.90000000000001,19.68,0.602351076944208,0.535062122124175
696,696,2019-10-09,2911.1001,2929.3201,2907.4099,2919.3999,2919.3999,2726820000.0,0.0,1.0,34.32,36.96,44.55,18.72,0.602160011391173,0.5442904348448321
697,697,2019-10-10,2918.55,2948.46,2917.1201,2938.1299,2938.1299,3217250000.0,0.0,1.0,35.1,39.06,45.1,20.64,0.618756876733258,0.576962971753423
698,698,2019-10-11,2963.0701,2993.28,2963.0701,2970.27,2970.27,3580460000.0,0.0,1.0,28.86,39.48,50.05,22.56,0.693385893012314,0.65889949309212
699,699,2019-10-14,2965.8101,2972.8401,2962.9399,2966.1499,2966.1499,2557020000.0,0.0,1.0,32.4,38.95,45.90000000000001,18.48,0.7261476470656819,0.6849754850194761
700,700,2019-10-15,2973.6101,3003.28,2973.6101,2995.6799,2995.6799,3340740000.0,0.0,1.0,34.0,38.95,43.2,15.18,0.6257904024781821,0.5437950121032771
701,701,2019-10-16,2989.6799,2997.54,2985.2,2989.6899,2989.6899,3222570000.0,0.0,1.0,36.8,41.0,43.74,16.94,0.520016255751739,0.438224626781253
702,702,2019-10-17,3000.77,3008.29,2991.79,2997.95,2997.95,3115960000.0,0.0,1.0,35.2,37.72,43.74,21.12,0.622809785946746,0.5992407355014671
703,703,2019-10-18,2996.8401,3000.0,2976.3101,2986.2,2986.2,3264290000.0,0.0,1.0,32.0,36.49,45.90000000000001,18.04,0.706737544667422,0.697129277450461
704,704,2019-10-21,2996.48,3007.3301,2995.3501,3006.72,3006.72,3271620000.0,0.0,1.0,34.4,38.0,42.12000000000001,11.21,0.615535526062462,0.5543405431998211
705,705,2019-10-22,3010.73,3014.5701,2995.04,2995.99,2995.99,3523890000.0,0.0,1.0,40.0,36.0,41.58000000000001,12.16,0.21462573649757602,0.0540236334895493
706,706,2019-10-23,2994.01,3004.78,2991.21,3004.52,3004.52,3392870000.0,0.0,1.0,35.6,36.4,42.66,13.3,0.0890671382237535,-0.0331483319726998
707,707,2019-10-24,3014.78,3016.0701,3000.4199,3010.29,3010.29,3692600000.0,0.0,1.0,35.6,36.0,43.74,12.73,0.256262308384121,0.24704581541026202
708,708,2019-10-25,3003.3201,3027.3899,3001.9399,3022.55,3022.55,3370370000.0,0.0,1.0,28.8,35.6,48.06,11.78,0.210882317768732,0.170562792259091
709,709,2019-10-28,3032.1201,3044.0801,3032.1201,3039.4199,3039.4199,3521230000.0,0.0,1.0,31.16,35.2,39.22,24.0,-0.0156890886975163,-0.15207368637631302
710,710,2019-10-29,3035.3899,3047.8701,3034.8101,3036.8899,3036.8899,3589930000.0,0.0,1.0,33.44,35.6,40.81,18.48,0.642675161653812,0.663330569225556
711,711,2019-10-30,3039.74,3050.1001,3025.96,3046.77,3046.77,3776030000.0,0.0,1.0,31.54,35.6,41.87000000000001,16.08,0.5180015908441471,0.48811040022606605
712,712,2019-10-31,3046.8999,3046.8999,3023.1899,3037.5601,3037.5601,4139280000.0,0.0,1.0,28.12,34.4,39.22,19.2,0.476001167466813,0.445477827264922
713,713,2019-11-01,3050.72,3066.95,3050.72,3066.9099,3066.9099,3930200000.0,0.0,1.0,23.94,34.800000000000004,45.58000000000001,18.24,0.6310037114949301,0.636869224842816
714,714,2019-11-04,3078.96,3085.2,3074.8701,3078.27,3078.27,4146850000.0,0.0,1.0,32.8,39.77,41.87000000000001,14.3,0.6201450194224439,0.606652332370651
715,715,2019-11-05,3080.8,3083.95,3072.1499,3074.6201,3074.6201,4486130000.0,0.0,1.0,32.8,39.36,39.22,16.06,0.469042114971526,0.415932962661908
716,716,2019-11-06,3075.1001,3078.3401,3065.8899,3076.78,3076.78,4458190000.0,0.0,1.0,29.93,38.13,40.28,17.16,0.5960686892251329,0.5938193723784
717,717,2019-11-07,3087.02,3097.77,3080.23,3085.1799,3085.1799,4144640000.0,0.0,1.0,35.26,38.95,40.81,17.16,0.644891622732355,0.643271961596931
718,718,2019-11-08,3081.25,3093.0901,3073.5801,3093.0801,3093.0801,3499150000.0,0.0,1.0,32.39,38.95,45.05,17.82,0.6426613424338511,0.632680324587912
719,719,2019-11-11,3080.3301,3088.3301,3075.8201,3087.01,3087.01,3035530000.0,0.0,1.0,29.20000000000001,40.0,42.40000000000001,13.86,0.661282181302224,0.65136169249154
720,720,2019-11-12,3089.28,3102.6101,3084.73,3091.8401,3091.8401,3466010000.0,0.0,1.0,32.4,37.6,38.16,12.6,0.4664571469533979,0.403362410469168
721,721,2019-11-13,3084.1799,3098.0601,3078.8,3094.04,3094.04,3509280000.0,0.0,1.0,32.800000000000004,36.4,40.28,17.43,0.28242608808603903,0.16013407877966598
722,722,2019-11-14,3090.75,3098.2,3083.26,3096.6299,3096.6299,3276070000.0,0.0,1.0,30.8,35.2,41.34,15.75,0.6134757275029621,0.6210546667032261
723,723,2019-11-15,3107.9199,3120.46,3104.6001,3120.46,3120.46,3335650000.0,0.0,1.0,26.8,35.6,42.40000000000001,19.32,0.5572870963068841,0.53947012476565
724,724,2019-11-18,3117.9099,3124.1699,3112.0601,3122.03,3122.03,3436690000.0,0.0,1.0,36.98,35.88,41.040000000000006,16.330000000000002,0.6917640727415619,0.7008288815070981
725,725,2019-11-19,3127.45,3127.6399,3113.47,3120.1799,3120.1799,3590070000.0,0.0,1.0,35.26,34.32,40.5,18.4,0.585567367978946,0.564436203173039
726,726,2019-11-20,3114.6599,3118.97,3091.4099,3108.46,3108.46,4034890000.0,0.0,1.0,43.0,37.05,41.58000000000001,23.0,0.6622623220315921,0.666676608702889
727,727,2019-11-21,3108.49,3110.1101,3094.55,3103.54,3103.54,3720560000.0,0.0,1.0,33.97,33.93,42.66,21.85,0.7114517441110021,0.7196153848750619
728,728,2019-11-22,3111.4099,3112.8701,3099.26,3110.29,3110.29,3226780000.0,0.0,1.0,31.39,34.71,45.90000000000001,17.94,0.6653903521869611,0.6595017431292111
729,729,2019-11-25,3117.4399,3133.8301,3117.4399,3133.6399,3133.6399,3511530000.0,0.0,1.0,25.500000000000004,35.2,39.75,9.86,0.5795972876588511,0.558008528811352
730,730,2019-11-26,3134.8501,3142.6899,3131.0,3140.52,3140.52,4595590000.0,0.0,1.0,26.180000000000003,36.0,40.81,10.71,0.0500497401102868,-0.10275373701656598
731,731,2019-11-27,3145.49,3154.26,3143.4099,3153.6299,3153.6299,3033090000.0,0.0,1.0,24.82,35.6,42.40000000000001,12.41,-0.23271774436553896,-0.374252942599694
732,732,2019-11-29,3147.1799,3150.3,3139.3401,3140.98,3140.98,1743020000.0,0.0,1.0,15.64,35.6,35.51000000000001,9.01,-0.0729950714135392,-0.18560530297852498
733,733,2019-12-02,3143.8501,3144.3101,3110.78,3113.8701,3113.8701,3268740000.0,0.0,1.0,18.700000000000006,39.0,21.06,1.02,-0.519005467780921,-0.6071319556628499
734,734,2019-12-03,3087.4099,3094.97,3070.3301,3093.2,3093.2,3653390000.0,0.0,1.0,20.35,37.44,22.68,1.1900000000000002,-0.6953984692531789,-0.7290770102509591
735,735,2019-12-04,3103.5,3119.3799,3102.53,3112.76,3112.76,3695030000.0,0.0,1.0,26.4,35.88,22.14,1.7000000000000002,-0.6903150046858131,-0.68471594666937
736,736,2019-12-05,3119.21,3119.45,3103.76,3117.4299,3117.4299,3355750000.0,0.0,1.0,25.85,34.32,23.76,1.87,-0.708482207926292,-0.6962229718579399
737,737,2019-12-06,3134.6201,3150.6001,3134.6201,3145.9099,3145.9099,3479480000.0,0.0,1.0,20.35,34.71,23.22,1.53,-0.733396572422059,-0.715983870890578
738,738,2019-12-09,3141.8601,3148.8701,3135.46,3135.96,3135.96,3345990000.0,0.0,1.0,91.0,36.48,23.1,1.76,-0.7578036384214071,-0.7385057241024241
739,739,2019-12-10,3135.3601,3142.1201,3126.0901,3132.52,3132.52,3343790000.0,0.0,1.0,85.0,34.2,23.65,2.2,-0.7555749053586981,-0.7306861946044592
740,740,2019-12-11,3135.75,3143.98,3133.21,3141.6299,3141.6299,3252540000.0,0.0,1.0,100.0,33.06,23.1,2.2,-0.7513085179258101,-0.7276659897837299
741,741,2019-12-12,3141.23,3176.28,3138.47,3168.5701,3168.5701,3990690000.0,0.0,1.0,71.0,33.06,24.750000000000004,2.2,-0.756551554646395,-0.7361841648751409
742,742,2019-12-13,3166.6499,3182.6799,3156.51,3168.8,3168.8,3736870000.0,0.0,1.0,47.0,31.92,25.85,2.86,-0.763234160584604,-0.744819997895182
743,743,2019-12-16,3183.6299,3197.71,3183.6299,3191.45,3191.45,4051790000.0,0.0,1.0,17.02,32.68,25.76,4.88,-0.753911976510696,-0.7336544616184391
744,744,2019-12-17,3195.3999,3198.22,3191.03,3192.52,3192.52,3837540000.0,0.0,1.0,15.18,35.34,25.20000000000001,5.49,-0.727407457799475,-0.709083764215616
745,745,2019-12-18,3195.21,3198.48,3191.1399,3191.1399,3191.1399,4014080000.0,0.0,1.0,16.1,36.1,24.64,17.69,-0.7305105243820541,-0.7088933412317758
746,746,2019-12-19,3192.3201,3205.48,3192.3201,3205.3701,3205.3701,3720450000.0,0.0,1.0,13.8,35.34,24.64,61.0,0.0428203858270583,0.135733301496401
747,747,2019-12-20,3223.3301,3225.6499,3216.03,3221.22,3221.22,6454270000.0,0.0,1.0,11.5,35.34,26.88000000000001,13.42,0.654174388623758,0.6905854061134801
748,748,2019-12-23,3226.05,3227.78,3222.3,3224.01,3224.01,3060610000.0,0.0,1.0,6.67,32.3,40.28,1.71,0.40786297505122704,0.400942410521133
749,749,2019-12-24,3225.45,3226.4299,3220.51,3223.3799,3223.3799,1296540000.0,0.0,1.0,5.51,30.4,47.88,1.71,-0.0647091632393194,-0.16830229058587398
750,750,2019-12-26,3227.2,3240.0801,3227.2,3239.9099,3239.9099,2160680000.0,0.0,1.0,6.09,38.0,47.12,1.33,-0.29955094841401597,-0.399586341526798
751,751,2019-12-27,3247.23,3247.9299,3234.3701,3240.02,3240.02,2428670000.0,0.0,1.0,5.8,34.96,41.8,1.52,-0.5028625009708739,-0.5885418105266441
752,752,2019-12-30,3240.0901,3240.9199,3216.5701,3221.29,3221.29,3013290000.0,0.0,1.0,5.78,38.95,39.75,1.47,-0.626307587907789,-0.673635554618219
753,753,2019-12-31,3215.1799,3231.72,3212.03,3230.78,3230.78,2893810000.0,0.0,1.0,7.48,34.03,48.75,1.26,-0.695240091044288,-0.708334834226425
754,754,2020-01-02,3244.6699,3258.1399,3235.53,3257.8501,3257.8501,3458250000.0,0.0,1.0,11.22,29.52,27.75,5.25,-0.734552235530251,-0.7299796708243659
755,755,2020-01-03,3226.3601,3246.1499,3222.3401,3234.8501,3234.8501,3461290000.0,0.0,1.0,10.88,33.62,25.5,13.44,-0.6843439780676651,-0.658327023204581
756,756,2020-01-06,3217.55,3246.8401,3214.6399,3246.28,3246.28,3674070000.0,0.0,1.0,20.68,37.26000000000001,19.52,15.95,-0.28172887376940603,-0.182112338608061
757,757,2020-01-07,3241.8601,3244.9099,3232.4299,3237.1799,3237.1799,3420380000.0,0.0,1.0,24.91,34.96,19.52,13.34,0.381890271064618,0.50977274673206
758,758,2020-01-08,3238.5901,3267.0701,3236.6699,3253.05,3253.05,3720890000.0,0.0,1.0,23.97,41.4,18.91,29.0,0.30920693855537396,0.36006478324352204
759,759,2020-01-09,3266.03,3275.5801,3263.6699,3274.7,3274.7,3638390000.0,0.0,1.0,17.86,34.04,20.13,12.47,0.672514299405182,0.7144012642754771
760,760,2020-01-10,3281.8101,3282.99,3260.8601,3265.3501,3265.3501,3212970000.0,0.0,1.0,18.33,31.28,21.35,10.44,0.40839638194602007,0.39002990292823797
761,761,2020-01-13,3271.1299,3288.1299,3268.4299,3288.1299,3288.1299,3456380000.0,0.0,1.0,27.3,28.0,20.48,5.04,0.10597250795975,0.00594031889819587
762,762,2020-01-14,3285.3501,3294.25,3277.1899,3283.1499,3283.1499,3665130000.0,0.0,1.0,31.20000000000001,29.20000000000001,20.48,6.48,-0.499752941379411,-0.630948997040223
763,763,2020-01-15,3282.27,3298.6599,3280.6899,3289.29,3289.29,3716840000.0,0.0,1.0,65.0,28.8,21.12,6.84,-0.5558666550741711,-0.618943626357165
764,764,2020-01-16,3302.97,3317.1101,3302.8201,3316.8101,3316.8101,3535080000.0,0.0,1.0,38.35,27.6,21.12,6.66,-0.634527764175156,-0.6662075310166721
765,765,2020-01-17,3323.6599,3329.8799,3318.8601,3329.6201,3329.6201,3698170000.0,0.0,1.0,31.85,27.20000000000001,22.4,6.48,-0.698389990594709,-0.7077387874760981
766,766,2020-01-21,3321.03,3329.79,3316.6101,3320.79,3320.79,4105340000.0,0.0,1.0,17.2,31.39,36.26,6.84,-0.727188916835192,-0.719783797007865
767,767,2020-01-22,3330.02,3337.77,3320.04,3321.75,3321.75,3619850000.0,0.0,1.0,15.91,33.54,41.16,7.22,-0.7245551089956,-0.7064895288538471
768,768,2020-01-23,3315.77,3326.8799,3301.8701,3325.54,3325.54,3764860000.0,0.0,1.0,17.63,33.11,48.02,7.79,-0.720091595553032,-0.7005129212063239
769,769,2020-01-24,3333.1001,3333.1799,3281.53,3295.47,3295.47,3707130000.0,0.0,1.0,14.19,34.83,66.64,7.6,-0.7085243653497378,-0.6881708453517729
770,770,2020-01-27,3247.1599,3258.8501,3234.5,3243.6299,3243.6299,3823100000.0,0.0,1.0,14.44,54.88,33.54,8.74,-0.7148136476052199,-0.698427493682784
771,771,2020-01-28,3255.3501,3285.78,3253.22,3276.24,3276.24,3526720000.0,0.0,1.0,13.68,54.88,30.42,9.43,-0.670261073266755,-0.644667201098535
772,772,2020-01-29,3289.46,3293.47,3271.8899,3273.3999,3273.3999,3584500000.0,0.0,1.0,13.3,53.2,28.86,9.66,-0.64473582561006,-0.625615031317516
773,773,2020-01-30,3256.45,3285.9099,3242.8,3283.6599,3283.6599,3787250000.0,0.0,1.0,12.16,56.00000000000001,28.08,8.97,-0.636442185960771,-0.6206908266047769
774,774,2020-01-31,3282.3301,3282.3301,3214.6799,3225.52,3225.52,4527830000.0,0.0,1.0,12.92,50.40000000000001,28.08,11.04,-0.680953607974083,-0.6761936709430711
775,775,2020-02-03,3235.6599,3268.4399,3235.6599,3248.9199,3248.9199,3757910000.0,0.0,1.0,32.0,37.26000000000001,43.66,17.849999999999994,-0.5200169432796989,-0.46383060218626293
776,776,2020-02-04,3280.6101,3306.9199,3280.6101,3297.5901,3297.5901,3995320000.0,0.0,1.0,36.8,36.8,42.48,14.0,0.454876093235214,0.588402734875735
777,777,2020-02-05,3324.9099,3337.5801,3313.75,3334.6899,3334.6899,4117730000.0,0.0,1.0,38.40000000000001,35.42,41.3,35.0,0.36084526780247705,0.418688833034066
778,778,2020-02-06,3344.9199,3347.96,3334.3899,3345.78,3345.78,3868370000.0,0.0,1.0,36.4,34.5,43.07,23.45,0.693009056540402,0.732945587413428
779,779,2020-02-07,3335.54,3341.4199,3322.1201,3327.71,3327.71,3730650000.0,0.0,1.0,34.800000000000004,34.5,49.56,14.0,0.5142326704274279,0.497519797681098
780,780,2020-02-10,3318.28,3352.26,3317.77,3352.0901,3352.0901,3450350000.0,0.0,1.0,34.03,34.2,42.74999999999999,6.2,0.35377999639018604,0.307213737960333
781,781,2020-02-11,3365.8701,3375.6299,3352.72,3357.75,3357.75,3760550000.0,0.0,1.0,39.77,35.1,41.61,6.4,-0.272868858190196,-0.48608173894956797
782,782,2020-02-12,3370.5,3381.47,3369.72,3379.45,3379.45,3926380000.0,0.0,1.0,41.0,33.75,40.47,6.6000000000000005,-0.47377113688151395,-0.624045529371888
783,783,2020-02-13,3365.8999,3385.0901,3360.52,3373.9399,3373.9399,3498240000.0,0.0,1.0,36.49,31.95,40.47,5.8000000000000025,-0.605561792739126,-0.683657086061045
784,784,2020-02-14,3378.0801,3380.6899,3366.1499,3380.1599,3380.1599,3398040000.0,0.0,1.0,32.8,31.05,43.88999999999999,5.8000000000000025,-0.6968783489321869,-0.723957087830472
785,785,2020-02-18,3369.04,3375.01,3355.6101,3370.29,3370.29,3746720000.0,0.0,1.0,36.1,32.68,37.95,5.8000000000000025,-0.72399657664657,-0.723368706969866
786,786,2020-02-19,3380.3899,3393.52,3378.8301,3386.1499,3386.1499,3600150000.0,0.0,1.0,37.24,31.82,36.85,6.6000000000000005,-0.734051159206585,-0.721056034202389
787,787,2020-02-20,3380.45,3389.1499,3341.02,3373.23,3373.23,4007320000.0,0.0,1.0,34.96,30.96,37.40000000000001,7.4,-0.7231158069391741,-0.702158036512226
788,788,2020-02-21,3360.5,3360.76,3328.45,3337.75,3337.75,3899270000.0,0.0,1.0,32.68,30.1,39.6,6.6000000000000005,-0.7088213856568628,-0.683652955534051
789,789,2020-02-24,3257.6101,3259.8101,3214.6499,3225.8899,3225.8899,4842960000.0,0.0,1.0,44.62000000000001,44.82,39.76000000000001,5.32,-0.7293544176615709,-0.7166156583338492
790,790,2020-02-25,3238.9399,3246.99,3118.77,3128.21,3128.21,5591510000.0,0.0,1.0,46.0,48.6,38.64,5.32,-0.724703617335968,-0.7153529523339051
791,791,2020-02-26,3139.8999,3182.51,3108.99,3116.3899,3116.3899,5478110000.0,0.0,1.0,41.86,54.0,38.64,5.89,-0.705349488875049,-0.6972361839602039
792,792,2020-02-27,3062.54,3097.0701,2977.3899,2978.76,2978.76,7058840000.0,0.0,1.0,38.18,52.38,38.64,5.51,-0.7034352374637071,-0.7015537746365529
793,793,2020-02-28,2916.8999,2959.72,2855.8401,2954.22,2954.22,8563850000.0,0.0,1.0,45.08000000000001,50.76000000000001,41.44000000000001,5.32,-0.66915227951193,-0.657906250646724
794,794,2020-03-02,2974.28,3090.96,2945.1899,3090.23,3090.23,6376400000.0,0.0,1.0,21.42,31.32,42.12000000000001,4.6000000000000005,-0.682493656878545,-0.688156014539314
795,795,2020-03-03,3096.46,3136.72,2976.6299,3003.3701,3003.3701,6355940000.0,0.0,1.0,22.26,31.9,39.52,5.2,-0.7602013284975849,-0.782792149588106
796,796,2020-03-04,3045.75,3130.97,3034.3799,3130.1201,3130.1201,5035480000.0,0.0,1.0,20.16,30.74,39.52,6.6000000000000005,-0.727280196402784,-0.7080299878850691
797,797,2020-03-05,3075.7,3083.04,2999.8301,3023.9399,3023.9399,5575550000.0,0.0,1.0,23.52,30.16,40.04,5.2,-0.7168005167708761,-0.7111853537997009
798,798,2020-03-06,2954.2,2985.9299,2901.54,2972.3701,2972.3701,6552140000.0,0.0,1.0,21.42,30.74,41.6,5.0,-0.7015898503246879,-0.676512234322916
799,799,2020-03-09,2863.8899,2863.8899,2734.4299,2746.5601,2746.5601,8423050000.0,0.0,1.0,28.62,47.790000000000006,38.76,11.31,-0.6988671843586829,-0.686718472575223
800,800,2020-03-10,2813.48,2882.5901,2734.0,2882.23,2882.23,7635960000.0,0.0,1.0,29.15,51.03,37.74,11.31,-0.529657609566036,-0.420218161037112
801,801,2020-03-11,2825.6001,2825.6001,2707.22,2741.3799,2741.3799,7374110000.0,0.0,1.0,29.15,55.08000000000001,37.23,12.48,-0.39813949233681606,-0.270682665146101
802,802,2020-03-12,2630.8601,2660.95,2478.8601,2480.6399,2480.6399,8829380000.0,0.0,1.0,38.16,72.9,38.76,28.08,-0.276574792695916,-0.27958005386677504
803,803,2020-03-13,2569.99,2711.3301,2492.3701,2711.02,2711.02,8258670000.0,0.0,1.0,38.69000000000001,68.85000000000001,39.27,39.0,-0.945151104378549,-0.966710053315015
804,804,2020-03-16,2508.5901,2562.98,2380.9399,2386.1299,2386.1299,7781540000.0,0.0,1.0,68.73,100.0,39.76000000000001,27.45,-0.801035202817948,-0.839465430339147
805,805,2020-03-17,2425.6599,2553.9299,2367.04,2529.1899,2529.1899,8358500000.0,0.0,1.0,71.10000000000002,89.0,42.00000000000001,23.4,-0.5157526713866359,-0.507307099988363
806,806,2020-03-18,2436.5,2453.5701,2280.52,2398.1001,2398.1001,8755780000.0,0.0,1.0,79.0,88.0,48.72000000000001,29.25,-0.534959887420695,-0.529311704206286
807,807,2020-03-19,2393.48,2466.97,2319.78,2409.3899,2409.3899,7946710000.0,0.0,1.0,77.42,89.0,52.08000000000001,27.45,-0.728876153001228,-0.742054700106532
808,808,2020-03-20,2431.9399,2453.01,2295.5601,2304.9199,2304.9199,9044690000.0,0.0,1.0,73.47,85.0,53.2,23.85,-0.738462127628798,-0.7439036401094209
809,809,2020-03-23,2290.71,2300.73,2191.8601,2237.3999,2237.3999,7402180000.0,0.0,1.0,73.5,76.8,47.040000000000006,15.3,-0.7309828636468739,-0.730844705514135
810,810,2020-03-24,2344.4399,2449.71,2344.4399,2447.3301,2447.3301,7547350000.0,0.0,1.0,72.0,80.64,47.6,16.66,-0.571881442637553,-0.560245935735961
811,811,2020-03-25,2457.77,2571.4199,2407.53,2475.5601,2475.5601,8285670000.0,0.0,1.0,63.75,79.67999999999998,44.24,14.62,-0.570633529679615,-0.565346558918978
812,812,2020-03-26,2501.29,2637.01,2500.72,2630.0701,2630.0701,7753160000.0,0.0,1.0,63.75,89.28,45.36000000000001,12.920000000000002,-0.550366939773545,-0.547393505706771
813,813,2020-03-27,2555.8701,2615.9099,2520.02,2541.47,2541.47,6194330000.0,0.0,1.0,64.5,89.28,47.6,14.28,-0.436226339864602,-0.4266943899323761
814,814,2020-03-30,2558.98,2631.8,2545.28,2626.6499,2626.6499,5746220000.0,0.0,1.0,53.040000000000006,72.16,41.58000000000001,11.48,-0.6024774374602521,-0.6194866269531489
815,815,2020-03-31,2614.6899,2641.3899,2571.1499,2584.5901,2584.5901,6568290000.0,0.0,1.0,50.32,66.88,44.82,9.24,-0.31455546974031606,-0.31841463332109005
816,816,2020-04-01,2498.0801,2522.75,2447.49,2470.5,2470.5,5947900000.0,0.0,1.0,67.32000000000001,88.0,45.90000000000001,26.6,0.385647106184547,0.38093528729086296
817,817,2020-04-02,2458.54,2533.22,2455.79,2526.8999,2526.8999,6454990000.0,0.0,1.0,68.0,85.36,46.44000000000001,25.480000000000004,-0.788847923973375,-0.7885326409118879
818,818,2020-04-03,2514.9199,2538.1799,2459.96,2488.6499,2488.6499,6087190000.0,0.0,1.0,63.24,78.32000000000002,46.98,24.92,-0.755247563232961,-0.755107157228366
819,819,2020-04-06,2578.28,2676.8501,2574.5701,2663.6799,2663.6799,6391860000.0,0.0,1.0,53.4,71.2,44.0,23.25,-0.740297094749079,-0.740297473442633
