date,apple,iphone,apple watch,airpods
2017-01-01,32.55,46.0,31.0,0.54
2017-01-02,35.0,46.0,28.21,0.87
2017-01-03,32.55,41.4,26.04,0.87
2017-01-04,30.799999999999997,40.940000000000005,25.11,0.8099999999999999
2017-01-05,30.799999999999997,39.56,30.69,0.8999999999999999
2017-01-06,30.799999999999997,39.1,25.73,0.9299999999999999
2017-01-07,33.599999999999994,45.54,25.419999999999998,0.75
2017-01-08,31.68,40.18,21.060000000000002,0.57
2017-01-09,28.380000000000003,34.03,17.68,0.84
2017-01-10,28.05,34.03,21.060000000000002,0.9299999999999999
2017-01-11,27.060000000000002,32.8,20.02,0.78
2017-01-12,25.41,32.8,18.46,0.75
2017-01-13,26.400000000000002,32.8,17.16,0.78
2017-01-14,30.360000000000003,37.72,20.54,1.3199999999999998
2017-01-15,28.48,38.129999999999995,19.78,6.0
2017-01-16,27.84,34.85,14.72,4.5
2017-01-17,26.560000000000002,33.21,14.030000000000001,3.06
2017-01-18,25.6,32.39,14.26,2.58
2017-01-19,25.28,32.8,12.190000000000001,1.92
2017-01-20,22.72,29.93,12.88,1.7999999999999998
2017-01-21,25.92,35.26,16.330000000000002,1.98
2017-01-22,26.35,34.71,14.52,3.0
2017-01-23,24.49,30.03,12.98,3.6500000000000004
2017-01-24,24.49,28.86,12.76,1.6
2017-01-25,24.18,28.080000000000002,12.540000000000001,1.9000000000000001
2017-01-26,24.49,28.86,13.2,1.9500000000000002
2017-01-27,22.63,29.64,12.540000000000001,2.2
2017-01-28,26.97,33.93,16.72,2.75
2017-01-29,27.59,33.82,14.28,1.6
2017-01-30,23.56,28.5,11.549999999999999,1.44
2017-01-31,26.04,28.88,12.389999999999999,1.24
2017-02-01,30.07,31.92,14.49,2.8000000000000003
2017-02-02,27.9,32.3,13.44,2.72
2017-02-03,26.97,33.44,12.389999999999999,2.6
2017-02-04,30.38,36.1,17.22,2.8000000000000003
2017-02-05,29.4,35.519999999999996,22.8,2.44
2017-02-06,24.9,29.6,16.08,2.64
2017-02-07,26.4,29.97,16.56,3.04
2017-02-08,26.4,30.34,17.52,2.8000000000000003
2017-02-09,26.099999999999998,31.82,18.0,2.6
2017-02-10,26.099999999999998,31.45,18.96,2.52
2017-02-11,29.099999999999998,36.26,22.08,2.36
2017-02-12,29.4,35.89,24.0,1.92
2017-02-13,26.7,30.34,19.68,3.0
2017-02-14,26.4,29.97,18.96,2.2199999999999998
2017-02-15,26.4,31.08,18.72,1.89
2017-02-16,25.5,28.86,17.52,1.8299999999999998
2017-02-17,25.8,31.08,17.759999999999998,2.13
2017-02-18,28.5,36.63,20.64,2.1
2017-02-19,31.0,36.1,18.27,2.04
2017-02-20,27.9,34.2,14.49,1.74
2017-02-21,26.66,33.06,14.07,1.5899999999999999
2017-02-22,26.97,33.06,14.28,1.74
2017-02-23,26.97,31.54,14.07,1.98
2017-02-24,28.21,32.3,15.33,1.8599999999999999
2017-02-25,30.07,38.0,17.009999999999998,1.8299999999999998
2017-02-26,28.13,37.24,16.15,1.6199999999999999
2017-02-27,24.939999999999998,30.78,12.35,1.89
2017-02-28,24.939999999999998,32.3,11.02,1.77
2017-03-01,23.2,29.26,15.96,2.1
2017-03-02,23.49,29.26,15.39,2.34
2017-03-03,22.91,28.5,15.01,2.58
2017-03-04,26.099999999999998,33.82,16.15,1.98
2017-03-05,27.9,34.71,16.72,2.37
2017-03-06,25.5,31.200000000000003,15.58,2.04
2017-03-07,24.3,29.64,14.44,1.7999999999999998
2017-03-08,24.0,30.03,13.68,2.07
2017-03-09,24.0,28.86,15.2,2.13
2017-03-10,24.0,30.03,14.82,1.8299999999999998
2017-03-11,26.099999999999998,35.88,17.48,1.98
2017-03-12,26.7,34.58,16.2,1.72
2017-03-13,25.5,29.26,14.219999999999999,1.42
2017-03-14,24.0,29.64,12.6,1.0
2017-03-15,24.0,28.88,12.42,1.18
2017-03-16,24.0,29.64,12.959999999999999,1.1400000000000001
2017-03-17,23.7,29.26,12.959999999999999,1.58
2017-03-18,26.7,33.82,15.479999999999999,1.26
2017-03-19,29.12,36.08,17.8,1.26
2017-03-20,26.560000000000002,31.569999999999997,14.600000000000001,1.4000000000000001
2017-03-21,32.0,37.309999999999995,15.8,1.46
2017-03-22,29.76,37.309999999999995,16.2,1.22
2017-03-23,27.2,35.26,15.600000000000001,1.4000000000000001
2017-03-24,28.8,36.08,16.0,1.3
2017-03-25,28.48,41.0,18.8,1.28
2017-03-26,30.72,41.58,21.0,1.7999999999999998
2017-03-27,27.84,36.96,18.9,2.46
2017-03-28,28.8,36.12,19.11,3.0
2017-03-29,27.2,34.44,18.27,2.28
2017-03-30,26.88,36.12,17.009999999999998,1.98
2017-03-31,26.560000000000002,36.54,17.009999999999998,1.92
2017-04-01,31.04,42.0,19.11,2.94
2017-04-02,30.0,39.0,20.9,2.61
2017-04-03,27.599999999999998,32.76,20.02,2.94
2017-04-04,27.599999999999998,32.76,20.68,2.52
2017-04-05,27.599999999999998,32.370000000000005,18.48,2.34
2017-04-06,26.7,32.370000000000005,17.82,2.19
2017-04-07,25.8,31.59,16.28,2.6399999999999997
2017-04-08,27.9,37.050000000000004,18.92,3.0
2017-04-09,27.9,37.050000000000004,19.0,2.9699999999999998
2017-04-10,27.599999999999998,33.54,15.8,2.46
2017-04-11,25.8,32.370000000000005,15.4,2.58
2017-04-12,26.4,32.370000000000005,16.0,2.55
2017-04-13,28.2,32.370000000000005,16.400000000000002,2.6399999999999997
2017-04-14,27.599999999999998,33.93,16.400000000000002,2.6399999999999997
2017-04-15,30.0,36.660000000000004,17.0,2.52
2017-04-16,28.2,34.96,18.0,2.4299999999999997
2017-04-17,27.599999999999998,32.68,15.4,2.37
2017-04-18,26.7,31.16,15.4,2.85
2017-04-19,25.5,30.78,16.2,2.37
2017-04-20,27.0,31.54,16.0,1.92
2017-04-21,26.099999999999998,32.68,15.4,2.79
2017-04-22,29.099999999999998,36.480000000000004,17.8,2.76
2017-04-23,28.799999999999997,37.83,21.0,1.7
2017-04-24,27.0,32.370000000000005,16.8,1.58
2017-04-25,25.8,31.98,15.54,1.46
2017-04-26,25.2,31.98,16.59,1.72
2017-04-27,25.2,31.200000000000003,17.43,1.4000000000000001
2017-04-28,25.8,30.810000000000002,14.91,1.72
2017-04-29,27.599999999999998,35.49,20.16,1.82
2017-04-30,29.4,34.96,21.12,1.3
2017-05-01,26.7,30.02,11.44,1.34
2017-05-02,27.599999999999998,29.26,11.22,2.0
2017-05-03,27.599999999999998,30.78,11.88,1.68
2017-05-04,26.099999999999998,30.78,12.540000000000001,1.6600000000000001
2017-05-05,25.2,30.78,11.88,1.34
2017-05-06,27.0,34.58,13.86,1.62
2017-05-07,30.07,36.800000000000004,18.98,1.58
2017-05-08,29.14,33.6,17.94,1.8800000000000001
2017-05-09,28.52,33.2,16.900000000000002,1.58
2017-05-10,27.59,32.0,16.900000000000002,1.68
2017-05-11,27.28,33.2,16.64,1.4000000000000001
2017-05-12,27.9,34.0,17.16,1.72
2017-05-13,31.0,38.800000000000004,21.580000000000002,1.96
2017-05-14,31.36,39.0,26.0,1.44
2017-05-15,30.400000000000002,32.370000000000005,18.72,1.6
2017-05-16,29.44,31.98,15.600000000000001,1.68
2017-05-17,27.84,31.59,13.780000000000001,1.4000000000000001
2017-05-18,27.2,31.200000000000003,14.040000000000001,1.6
2017-05-19,26.560000000000002,31.59,13.26,1.5
2017-05-20,29.12,35.49,17.16,1.36
2017-05-21,27.0,37.83,16.5,1.46
2017-05-22,25.8,32.370000000000005,12.540000000000001,1.4000000000000001
2017-05-23,25.5,31.200000000000003,11.44,1.16
2017-05-24,25.5,31.59,11.22,1.34
2017-05-25,24.9,32.76,10.78,1.3800000000000001
2017-05-26,25.8,33.54,12.1,1.52
2017-05-27,27.0,37.44,13.86,1.54
2017-05-28,28.799999999999997,38.0,15.4,1.52
2017-05-29,28.799999999999997,37.2,13.42,0.98
2017-05-30,25.8,34.800000000000004,11.44,1.22
2017-05-31,24.3,32.4,10.56,1.7
2017-06-01,18.3,32.800000000000004,12.32,1.28
2017-06-02,18.9,33.6,13.42,1.1400000000000001
2017-06-03,20.099999999999998,37.2,15.18,1.4000000000000001
2017-06-04,25.56,39.48,15.870000000000001,1.41
2017-06-05,36.0,37.8,16.560000000000002,2.28
2017-06-06,31.68,37.379999999999995,16.330000000000002,2.88
2017-06-07,27.0,36.96,14.72,2.4299999999999997
2017-06-08,23.759999999999998,35.28,14.72,2.19
2017-06-09,25.56,36.12,14.49,2.52
2017-06-10,24.48,39.48,16.79,2.25
2017-06-11,24.09,40.32,20.5,1.42
2017-06-12,23.1,36.96,18.75,1.96
2017-06-13,22.77,35.28,16.25,1.8800000000000001
2017-06-14,22.77,35.28,18.25,1.54
2017-06-15,22.11,36.12,18.25,2.0
2017-06-16,23.1,36.96,18.75,1.68
2017-06-17,24.42,40.74,22.25,1.94
2017-06-18,23.68,43.0,25.0,2.31
2017-06-19,23.36,39.56,18.75,2.76
2017-06-20,22.080000000000002,38.269999999999996,18.75,2.61
2017-06-21,21.44,37.41,16.5,2.82
2017-06-22,21.44,37.839999999999996,16.5,2.13
2017-06-23,20.48,39.13,16.0,2.37
2017-06-24,22.080000000000002,40.85,17.0,2.46
2017-06-25,22.01,40.74,15.4,1.72
2017-06-26,21.08,36.96,14.52,1.78
2017-06-27,21.7,37.8,14.3,1.58
2017-06-28,20.77,37.8,14.08,1.52
2017-06-29,20.77,40.32,13.42,1.78
2017-06-30,20.46,39.059999999999995,14.3,1.3800000000000001
2017-07-01,28.83,41.58,20.24,1.26
2017-07-02,30.07,41.71,20.79,1.1
2017-07-03,28.83,38.269999999999996,17.009999999999998,1.12
2017-07-04,30.07,42.57,17.849999999999998,1.12
2017-07-05,27.28,40.85,16.169999999999998,1.2
2017-07-06,27.59,41.28,15.959999999999999,1.04
2017-07-07,27.59,40.42,17.64,0.96
2017-07-08,28.52,42.57,19.11,1.6
2017-07-09,28.83,41.16,19.8,1.16
2017-07-10,28.21,37.8,18.04,0.9400000000000001
2017-07-11,29.14,38.64,20.68,1.48
2017-07-12,28.83,40.74,18.7,1.3800000000000001
2017-07-13,27.59,38.64,18.7,1.6600000000000001
2017-07-14,27.9,37.379999999999995,18.7,1.68
2017-07-15,29.45,41.16,20.02,1.48
2017-07-16,29.45,42.0,20.02,1.18
2017-07-17,28.52,38.22,19.8,1.76
2017-07-18,27.59,37.8,18.26,1.5
2017-07-19,28.52,37.379999999999995,18.92,1.3
2017-07-20,26.97,37.8,18.92,1.44
2017-07-21,27.59,36.96,18.92,1.5
2017-07-22,28.52,39.9,21.12,1.3800000000000001
2017-07-23,30.080000000000002,41.71,21.78,2.4899999999999998
2017-07-24,30.080000000000002,39.56,20.9,2.46
2017-07-25,30.080000000000002,38.7,18.7,2.2199999999999998
2017-07-26,29.12,38.7,18.7,1.92
2017-07-27,29.44,38.269999999999996,19.14,2.55
2017-07-28,28.8,38.7,18.26,3.0
2017-07-29,30.72,41.28,22.0,2.4
2017-07-30,33.0,42.57,21.62,2.61
2017-07-31,30.69,39.99,20.01,1.74
2017-08-01,31.35,37.839999999999996,17.48,2.82
2017-08-02,31.68,38.269999999999996,19.55,2.4299999999999997
2017-08-03,30.69,37.41,20.01,2.31
2017-08-04,30.03,38.269999999999996,18.630000000000003,3.0
2017-08-05,31.35,39.99,22.540000000000003,2.67
2017-08-06,32.0,41.28,22.080000000000002,2.31
2017-08-07,30.400000000000002,38.7,20.93,2.19
2017-08-08,29.12,37.839999999999996,19.09,2.2199999999999998
2017-08-09,30.400000000000002,37.839999999999996,18.86,2.55
2017-08-10,28.8,37.839999999999996,18.400000000000002,2.4899999999999998
2017-08-11,29.12,37.41,19.78,2.6999999999999997
2017-08-12,30.400000000000002,40.85,23.0,2.4299999999999997
2017-08-13,32.01,39.48,22.77,2.55
2017-08-14,30.360000000000003,36.12,18.630000000000003,1.89
2017-08-15,30.69,36.96,19.32,2.85
2017-08-16,30.360000000000003,35.699999999999996,19.32,2.46
2017-08-17,29.700000000000003,36.12,18.86,2.13
2017-08-18,29.37,35.699999999999996,17.25,2.73
2017-08-19,32.01,40.32,20.240000000000002,2.6399999999999997
2017-08-20,30.72,41.71,18.48,1.6400000000000001
2017-08-21,25.92,43.0,15.54,1.1
2017-08-22,29.44,38.269999999999996,16.169999999999998,1.58
2017-08-23,29.76,37.41,16.38,1.86
2017-08-24,29.44,36.98,15.959999999999999,1.9000000000000001
2017-08-25,29.44,35.69,16.8,1.48
2017-08-26,31.36,39.13,19.74,1.58
2017-08-27,32.01,39.13,16.400000000000002,1.32
2017-08-28,30.03,36.98,15.600000000000001,1.4000000000000001
2017-08-29,31.35,36.55,15.4,1.62
2017-08-30,29.37,36.98,15.200000000000001,1.6600000000000001
2017-08-31,30.69,36.98,14.8,1.76
2017-09-01,9.24,9.89,5.6000000000000005,0.72
2017-09-02,9.57,10.75,5.800000000000001,0.8200000000000001
2017-09-03,9.9,10.32,6.09,1.14
2017-09-04,10.23,10.32,6.09,0.99
2017-09-05,8.58,9.459999999999999,5.46,1.14
2017-09-06,8.58,9.459999999999999,6.3,0.99
2017-09-07,8.25,9.03,5.25,0.9299999999999999
2017-09-08,8.25,9.03,5.46,1.1099999999999999
2017-09-09,9.57,10.32,5.88,1.05
2017-09-10,18.29,25.0,14.790000000000001,1.4000000000000001
2017-09-11,17.11,26.0,11.73,1.8
2017-09-12,59.0,100.0,51.0,4.65
2017-09-13,34.22,82.0,49.47,5.0
2017-09-14,23.009999999999998,44.0,33.660000000000004,3.25
2017-09-15,25.369999999999997,42.0,43.86,3.8000000000000003
2017-09-16,24.779999999999998,40.0,31.62,3.25
2017-09-17,18.0,20.06,24.94,3.0500000000000003
2017-09-18,15.75,16.52,21.93,3.6500000000000004
2017-09-19,15.3,16.52,19.35,3.1500000000000004
2017-09-20,16.2,17.7,24.509999999999998,3.1500000000000004
2017-09-21,15.75,16.52,21.93,3.45
2017-09-22,17.55,20.65,26.23,2.9000000000000004
2017-09-23,19.8,24.189999999999998,31.82,3.0
2017-09-24,18.04,20.35,25.6,2.48
2017-09-25,15.4,16.5,22.400000000000002,2.64
2017-09-26,14.96,15.400000000000002,23.6,2.4
2017-09-27,14.96,14.850000000000001,19.200000000000003,2.32
2017-09-28,14.52,14.3,19.6,2.36
2017-09-29,14.96,14.3,17.2,2.04
2017-09-30,18.04,16.5,21.6,2.2800000000000002
2017-10-01,41.0,35.769999999999996,31.04,3.64
2017-10-02,30.34,28.91,25.28,2.7600000000000002
2017-10-03,30.34,27.93,24.96,2.72
2017-10-04,30.749999999999996,28.91,24.96,3.68
2017-10-05,30.749999999999996,28.419999999999998,27.2,3.7600000000000002
2017-10-06,31.569999999999997,28.419999999999998,27.84,3.2
2017-10-07,38.54,32.339999999999996,32.0,3.68
2017-10-08,38.400000000000006,32.16,31.0,4.0
2017-10-09,30.8,28.799999999999997,24.8,2.96
2017-10-10,28.400000000000002,26.88,23.56,2.96
2017-10-11,28.8,26.4,22.63,3.6
2017-10-12,28.0,25.919999999999998,23.87,3.24
2017-10-13,28.400000000000002,26.88,24.49,2.7600000000000002
2017-10-14,35.6,29.759999999999998,28.21,2.92
2017-10-15,35.1,29.44,27.9,2.84
2017-10-16,28.86,26.68,23.7,2.84
2017-10-17,27.69,25.76,23.099999999999998,3.16
2017-10-18,27.3,25.76,24.0,2.24
2017-10-19,27.69,25.3,22.8,2.8000000000000003
2017-10-20,28.080000000000002,25.3,22.8,3.0
2017-10-21,34.32,29.44,27.0,2.4
2017-10-22,35.669999999999995,36.400000000000006,25.8,2.52
2017-10-23,29.52,33.040000000000006,23.4,2.96
2017-10-24,28.7,33.040000000000006,20.7,2.48
2017-10-25,28.29,33.040000000000006,21.599999999999998,2.6
2017-10-26,29.52,35.28,23.7,3.08
2017-10-27,39.769999999999996,56.00000000000001,23.099999999999998,3.16
2017-10-28,35.669999999999995,42.56,27.0,3.04
2017-10-29,33.15,43.8,25.5,3.4
2017-10-30,26.52,36.6,20.7,2.64
2017-10-31,26.52,36.6,19.2,2.88
2017-11-01,18.330000000000002,34.199999999999996,6.8999999999999995,1.12
2017-11-02,18.72,36.0,7.5,1.2
2017-11-03,21.84,51.6,8.4,1.24
2017-11-04,23.400000000000002,60.0,9.9,1.52
2017-11-05,24.189999999999998,57.2,11.9,1.6500000000000001
2017-11-06,20.5,48.75,8.84,1.6500000000000001
2017-11-07,21.73,46.800000000000004,9.520000000000001,1.9000000000000001
2017-11-08,20.91,44.2,9.520000000000001,1.55
2017-11-09,20.91,43.550000000000004,9.180000000000001,1.9000000000000001
2017-11-10,22.139999999999997,45.5,9.860000000000001,1.8
2017-11-11,23.779999999999998,50.7,10.540000000000001,1.35
2017-11-12,24.189999999999998,42.919999999999995,11.879999999999999,1.6
2017-11-13,20.91,36.54,10.799999999999999,1.9000000000000001
2017-11-14,20.5,35.379999999999995,10.799999999999999,1.6
2017-11-15,20.5,37.699999999999996,10.44,1.9000000000000001
2017-11-16,20.91,37.12,10.799999999999999,1.6
2017-11-17,20.91,35.96,10.799999999999999,1.8
2017-11-18,24.599999999999998,41.76,12.6,2.15
2017-11-19,37.699999999999996,46.800000000000004,25.35,3.2
2017-11-20,34.22,40.95,25.35,3.52
2017-11-21,36.54,40.95,24.05,3.2800000000000002
2017-11-22,46.4,43.550000000000004,28.6,3.7600000000000002
2017-11-23,57.99999999999999,52.65,48.1,6.0
2017-11-24,53.94,57.85,65.0,7.92
2017-11-25,42.919999999999995,53.95,40.95,5.5200000000000005
2017-11-26,30.099999999999998,42.00000000000001,28.05,5.67
2017-11-27,28.81,38.080000000000005,33.15,9.0
2017-11-28,23.65,33.6,23.97,5.58
2017-11-29,21.5,33.040000000000006,17.34,4.59
2017-11-30,20.64,31.92,17.85,4.41
2017-12-01,21.07,33.6,10.71,2.52
2017-12-02,24.509999999999998,42.56,13.26,2.9699999999999998
2017-12-03,21.28,37.63,11.069999999999999,2.31
2017-12-04,19.38,32.33,9.43,2.3800000000000003
2017-12-05,19.38,31.270000000000003,9.02,2.5900000000000003
2017-12-06,18.62,30.740000000000002,8.61,2.5200000000000005
2017-12-07,18.240000000000002,30.21,8.61,2.3800000000000003
2017-12-08,18.240000000000002,30.740000000000002,8.61,2.3800000000000003
2017-12-09,21.28,36.04,10.25,2.5900000000000003
2017-12-10,22.23,34.84,12.42,4.0
2017-12-11,19.11,29.64,10.58,3.8000000000000003
2017-12-12,19.11,30.16,10.58,4.4
2017-12-13,18.330000000000002,29.12,10.58,3.9000000000000004
2017-12-14,19.11,28.6,10.120000000000001,4.4
2017-12-15,19.5,29.64,11.5,4.2
2017-12-16,23.01,34.84,13.8,4.9
2017-12-17,26.55,38.64,17.28,5.83
2017-12-18,24.75,33.6,14.580000000000002,6.16
2017-12-19,24.75,33.6,15.120000000000001,5.94
2017-12-20,24.75,33.040000000000006,14.580000000000002,5.72
2017-12-21,27.0,36.400000000000006,15.120000000000001,6.05
2017-12-22,28.8,37.52,16.740000000000002,5.39
2017-12-23,30.6,40.88,18.36,5.17
2017-12-24,38.64,47.52,34.410000000000004,5.98
2017-12-25,56.00000000000001,66.0,93.0,13.0
2017-12-26,48.720000000000006,58.080000000000005,72.54,9.75
2017-12-27,42.56,50.82,45.57,7.15
2017-12-28,38.080000000000005,44.88,37.2,6.11
2017-12-29,38.080000000000005,47.52,32.550000000000004,5.59
2017-12-30,35.84,46.86,29.76,4.8100000000000005
2017-12-31,25.619999999999997,33.15,12.9,3.2
2018-01-01,39.059999999999995,51.0,40.85,6.5600000000000005
2018-01-02,40.74,48.45,42.14,6.32
2018-01-03,38.22,46.410000000000004,43.0,7.92
2018-01-04,38.64,44.88,38.269999999999996,6.8
2018-01-05,39.9,45.9,35.26,6.5600000000000005
2018-01-06,42.0,49.47,41.71,8.0
2018-01-07,33.48,42.300000000000004,30.099999999999998,5.880000000000001
2018-01-08,30.959999999999997,36.9,28.0,6.300000000000001
2018-01-09,29.88,36.0,26.95,6.090000000000001
2018-01-10,30.24,36.0,27.299999999999997,5.74
2018-01-11,29.16,35.550000000000004,24.849999999999998,5.670000000000001
2018-01-12,28.439999999999998,35.550000000000004,24.15,5.74
2018-01-13,32.04,40.95,29.4,5.880000000000001
2018-01-14,31.68,39.13,24.599999999999998,5.880000000000001
2018-01-15,29.52,35.26,21.3,5.180000000000001
2018-01-16,28.08,32.25,19.5,4.970000000000001
2018-01-17,28.439999999999998,31.82,18.9,5.180000000000001
2018-01-18,30.959999999999997,31.82,17.7,5.670000000000001
2018-01-19,28.799999999999997,30.96,18.3,5.670000000000001
2018-01-20,31.68,36.55,21.3,5.53
2018-01-21,29.749999999999996,36.54,22.5,5.250000000000001
2018-01-22,27.65,32.76,18.599999999999998,5.390000000000001
2018-01-23,28.349999999999998,31.919999999999998,20.099999999999998,5.32
2018-01-24,27.65,31.08,20.099999999999998,5.8100000000000005
2018-01-25,28.7,31.08,19.2,5.6000000000000005
2018-01-26,28.349999999999998,30.24,18.0,5.53
2018-01-27,31.849999999999998,36.12,22.2,5.390000000000001
2018-01-28,29.240000000000002,34.800000000000004,19.98,5.74
2018-01-29,26.860000000000003,29.6,17.01,5.670000000000001
2018-01-30,26.860000000000003,28.8,16.200000000000003,5.250000000000001
2018-01-31,26.180000000000003,28.8,16.200000000000003,5.040000000000001
2018-02-01,31.28,30.8,16.740000000000002,5.95
2018-02-02,30.94,32.4,18.36,6.580000000000001
2018-02-03,32.980000000000004,36.4,22.41,6.0200000000000005
2018-02-04,32.300000000000004,36.0,25.81,4.68
2018-02-05,28.560000000000002,28.8,18.56,4.9799999999999995
2018-02-06,30.26,30.8,19.43,5.1
2018-02-07,30.6,32.0,20.009999999999998,5.279999999999999
2018-02-08,30.26,32.800000000000004,20.88,5.279999999999999
2018-02-09,30.94,32.800000000000004,21.459999999999997,5.819999999999999
2018-02-10,33.660000000000004,36.800000000000004,26.97,5.58
2018-02-11,33.0,37.2,32.0,6.790000000000001
2018-02-12,30.360000000000003,31.200000000000003,25.6,6.510000000000001
2018-02-13,29.040000000000003,29.6,26.88,7.000000000000001
2018-02-14,28.05,30.0,24.64,6.0200000000000005
2018-02-15,28.05,30.400000000000002,24.64,6.930000000000001
2018-02-16,27.720000000000002,30.400000000000002,24.64,6.090000000000001
2018-02-17,31.68,40.0,27.52,5.74
2018-02-18,32.34,37.2,27.9,6.930000000000001
2018-02-19,30.03,33.2,23.56,5.11
2018-02-20,27.060000000000002,31.6,21.39,6.23
2018-02-21,27.720000000000002,30.8,23.56,6.23
2018-02-22,27.720000000000002,32.0,21.7,6.790000000000001
2018-02-23,27.39,33.2,23.25,6.370000000000001
2018-02-24,32.67,36.4,28.83,6.86
2018-02-25,31.68,38.0,26.7,6.86
2018-02-26,28.380000000000003,32.800000000000004,23.099999999999998,6.090000000000001
2018-02-27,28.71,32.4,22.2,6.510000000000001
2018-02-28,28.380000000000003,32.0,21.9,6.44
2018-03-01,26.73,31.6,24.3,5.53
2018-03-02,26.400000000000002,32.4,25.2,5.880000000000001
2018-03-03,29.37,37.6,28.5,5.8100000000000005
2018-03-04,28.16,38.400000000000006,28.000000000000004,5.22
2018-03-05,25.28,31.6,23.8,4.74
2018-03-06,25.92,32.0,22.400000000000002,4.5
2018-03-07,25.28,31.200000000000003,22.400000000000002,4.38
2018-03-08,25.6,32.4,21.000000000000004,4.8
2018-03-09,25.92,32.0,21.560000000000002,5.88
2018-03-10,29.12,37.6,24.64,5.3999999999999995
2018-03-11,27.28,40.0,24.57,6.0
2018-03-12,25.11,32.4,21.330000000000002,4.62
2018-03-13,25.419999999999998,31.200000000000003,20.790000000000003,4.9799999999999995
2018-03-14,24.8,31.6,18.630000000000003,4.38
2018-03-15,24.18,31.6,19.71,4.62
2018-03-16,25.11,33.2,20.520000000000003,4.26
2018-03-17,27.28,36.800000000000004,23.220000000000002,4.859999999999999
2018-03-18,27.59,38.800000000000004,24.18,5.16
2018-03-19,25.73,34.0,20.02,5.58
2018-03-20,24.18,32.0,18.98,5.04
2018-03-21,24.49,33.2,19.76,4.62
2018-03-22,24.8,32.800000000000004,19.76,5.3999999999999995
2018-03-23,24.8,32.4,18.98,4.859999999999999
2018-03-24,26.66,37.6,22.62,4.74
2018-03-25,30.6,40.18,25.200000000000003,5.53
2018-03-26,28.900000000000002,32.39,22.96,5.670000000000001
2018-03-27,34.0,35.26,22.12,6.370000000000001
2018-03-28,29.92,33.62,20.44,6.23
2018-03-29,28.220000000000002,33.62,21.28,6.16
2018-03-30,30.26,34.44,23.520000000000003,5.880000000000001
2018-03-31,30.94,38.949999999999996,26.880000000000003,5.880000000000001
2018-04-01,31.68,38.22,22.36,5.8100000000000005
2018-04-02,30.080000000000002,34.71,20.28,5.53
2018-04-03,29.76,32.76,20.8,6.090000000000001
2018-04-04,28.8,33.15,21.32,5.53
2018-04-05,28.48,31.98,20.02,5.11
2018-04-06,27.52,32.370000000000005,18.2,5.74
2018-04-07,31.68,37.050000000000004,23.14,5.32
2018-04-08,31.68,38.22,23.220000000000002,6.16
2018-04-09,29.76,33.93,25.650000000000002,7.000000000000001
2018-04-10,29.12,32.370000000000005,21.330000000000002,6.370000000000001
2018-04-11,29.44,32.370000000000005,20.790000000000003,6.510000000000001
2018-04-12,28.48,31.200000000000003,19.98,5.8100000000000005
2018-04-13,28.16,32.370000000000005,21.060000000000002,6.090000000000001
2018-04-14,30.72,37.44,23.220000000000002,6.300000000000001
2018-04-15,30.0,38.0,23.220000000000002,5.74
2018-04-16,26.4,32.3,20.520000000000003,5.880000000000001
2018-04-17,26.099999999999998,31.16,19.71,5.53
2018-04-18,26.099999999999998,31.54,20.520000000000003,6.370000000000001
2018-04-19,26.7,32.3,20.790000000000003,6.16
2018-04-20,27.599999999999998,30.78,19.71,5.880000000000001
2018-04-21,28.799999999999997,35.72,25.110000000000003,6.720000000000001
2018-04-22,29.45,35.15,28.000000000000004,5.8100000000000005
2018-04-23,27.59,31.45,22.12,5.8100000000000005
2018-04-24,28.21,29.97,23.240000000000002,6.23
2018-04-25,26.97,29.6,21.000000000000004,5.180000000000001
2018-04-26,26.04,29.6,21.560000000000002,5.53
2018-04-27,25.73,29.23,20.720000000000002,5.8100000000000005
2018-04-28,27.9,32.56,24.360000000000003,5.8100000000000005
2018-04-29,29.76,33.67,28.83,6.090000000000001
2018-04-30,29.44,29.97,26.35,5.6000000000000005
2018-05-01,29.12,29.6,17.98,5.250000000000001
2018-05-02,28.48,28.86,19.22,5.6000000000000005
2018-05-03,27.84,28.86,20.77,5.74
2018-05-04,27.84,29.6,20.77,5.8100000000000005
2018-05-05,29.44,34.04,22.63,5.11
2018-05-06,28.8,35.34,27.72,6.96
2018-05-07,28.8,31.16,24.84,6.48
2018-05-08,27.2,30.02,25.2,7.68
2018-05-09,28.16,30.4,25.56,7.04
2018-05-10,28.48,30.02,25.919999999999998,6.32
2018-05-11,28.16,30.4,27.0,7.2
2018-05-12,31.68,35.34,35.28,8.0
2018-05-13,32.0,37.24,35.0,7.000000000000001
2018-05-14,28.48,32.3,28.7,6.300000000000001
2018-05-15,28.16,30.4,26.25,5.74
2018-05-16,26.240000000000002,30.78,22.75,6.0200000000000005
2018-05-17,26.560000000000002,30.02,22.049999999999997,5.670000000000001
2018-05-18,26.560000000000002,30.02,22.049999999999997,5.670000000000001
2018-05-19,27.52,33.82,22.75,5.11
2018-05-20,27.9,35.72,22.01,5.95
2018-05-21,25.73,30.4,19.22,6.090000000000001
2018-05-22,26.04,30.78,18.91,5.74
2018-05-23,25.11,30.78,19.22,6.16
2018-05-24,26.35,31.54,18.91,5.74
2018-05-25,26.35,31.92,18.91,5.670000000000001
2018-05-26,27.9,34.96,21.7,6.23
2018-05-27,30.080000000000002,40.0,22.94,4.9
2018-05-28,29.44,37.6,21.7,4.970000000000001
2018-05-29,26.240000000000002,33.2,19.53,6.090000000000001
2018-05-30,27.52,33.6,18.29,5.8100000000000005
2018-05-31,26.88,34.0,18.29,6.0200000000000005
2018-06-01,24.64,33.2,23.25,5.040000000000001
2018-06-02,25.6,38.0,25.419999999999998,6.090000000000001
2018-06-03,28.349999999999998,40.18,32.199999999999996,6.4
2018-06-04,35.0,35.669999999999995,31.15,7.6000000000000005
2018-06-05,31.15,35.26,30.45,6.4
2018-06-06,29.4,35.669999999999995,28.7,7.68
2018-06-07,28.349999999999998,35.26,29.049999999999997,7.6000000000000005
2018-06-08,27.299999999999997,34.85,27.299999999999997,6.88
2018-06-09,27.65,38.129999999999995,32.9,6.5600000000000005
2018-06-10,29.240000000000002,39.769999999999996,31.96,7.28
2018-06-11,27.200000000000003,35.669999999999995,27.880000000000003,5.76
2018-06-12,26.520000000000003,35.669999999999995,28.560000000000002,7.76
2018-06-13,26.180000000000003,36.08,29.92,7.04
2018-06-14,26.180000000000003,35.669999999999995,26.520000000000003,6.4
2018-06-15,28.560000000000002,37.72,27.880000000000003,7.28
2018-06-16,28.220000000000002,39.769999999999996,33.32,7.44
2018-06-17,28.05,42.0,33.0,7.5200000000000005
2018-06-18,26.400000000000002,37.8,27.720000000000002,8.0
2018-06-19,26.07,36.96,24.09,6.8
2018-06-20,26.400000000000002,36.12,26.07,7.92
2018-06-21,25.080000000000002,36.96,25.080000000000002,6.88
2018-06-22,24.42,37.379999999999995,23.76,6.96
2018-06-23,26.400000000000002,39.48,28.05,7.6000000000000005
2018-06-24,25.740000000000002,40.32,26.04,6.96
2018-06-25,25.740000000000002,36.96,23.87,7.84
2018-06-26,25.41,36.54,22.94,7.68
2018-06-27,24.75,35.699999999999996,22.01,7.44
2018-06-28,26.07,36.96,22.01,7.76
2018-06-29,26.400000000000002,37.379999999999995,22.01,7.2
2018-06-30,27.060000000000002,39.9,25.11,7.2
2018-07-01,29.44,39.9,28.999999999999996,6.640000000000001
2018-07-02,27.52,38.22,24.36,6.08
2018-07-03,27.84,36.54,24.36,6.5600000000000005
2018-07-04,30.400000000000002,39.9,24.069999999999997,6.48
2018-07-05,28.48,39.9,25.52,6.32
2018-07-06,27.2,36.54,23.2,5.84
2018-07-07,29.44,41.16,26.97,8.0
2018-07-08,31.96,41.58,28.799999999999997,8.91
2018-07-09,30.94,38.22,25.2,7.92
2018-07-10,29.580000000000002,36.96,26.099999999999998,7.83
2018-07-11,30.26,36.12,26.4,7.92
2018-07-12,32.300000000000004,36.54,25.2,7.6499999999999995
2018-07-13,32.300000000000004,36.96,25.2,7.47
2018-07-14,32.300000000000004,39.9,29.7,6.93
2018-07-15,31.68,39.48,30.400000000000002,8.19
2018-07-16,32.34,39.059999999999995,31.04,8.28
2018-07-17,31.68,38.64,32.0,8.459999999999999
2018-07-18,31.35,37.379999999999995,29.12,8.1
2018-07-19,29.700000000000003,38.22,28.16,7.38
2018-07-20,30.03,36.96,27.84,7.6499999999999995
2018-07-21,31.68,39.48,29.76,8.73
2018-07-22,31.68,41.0,29.099999999999998,6.5600000000000005
2018-07-23,29.700000000000003,36.08,26.099999999999998,7.04
2018-07-24,30.03,36.9,25.5,6.5600000000000005
2018-07-25,30.03,36.489999999999995,24.599999999999998,7.04
2018-07-26,29.700000000000003,35.669999999999995,24.599999999999998,6.88
2018-07-27,30.360000000000003,35.26,24.599999999999998,6.640000000000001
2018-07-28,31.35,38.54,28.5,7.12
2018-07-29,35.519999999999996,43.0,28.5,9.9
2018-07-30,34.04,38.7,25.5,9.600000000000001
2018-07-31,37.0,38.7,24.0,8.4
2018-08-01,31.82,37.839999999999996,24.0,7.5
2018-08-02,37.0,37.839999999999996,28.799999999999997,7.6000000000000005
2018-08-03,34.78,38.269999999999996,27.0,8.700000000000001
2018-08-04,33.67,42.14,30.0,8.4
2018-08-05,30.799999999999997,42.14,30.0,8.200000000000001
2018-08-06,29.4,37.839999999999996,26.099999999999998,8.8
2018-08-07,29.049999999999997,39.13,24.599999999999998,8.5
2018-08-08,29.049999999999997,36.98,25.8,9.1
2018-08-09,29.049999999999997,38.269999999999996,25.2,7.7
2018-08-10,28.7,38.7,26.4,8.700000000000001
2018-08-11,30.799999999999997,43.0,27.9,8.0
2018-08-12,29.580000000000002,40.18,27.720000000000002,9.0
2018-08-13,28.560000000000002,36.9,24.360000000000003,10.0
2018-08-14,27.880000000000003,36.08,21.840000000000003,7.9
2018-08-15,27.540000000000003,36.489999999999995,22.400000000000002,9.0
2018-08-16,26.860000000000003,34.85,21.000000000000004,8.6
2018-08-17,27.200000000000003,34.44,21.560000000000002,7.4
2018-08-18,28.560000000000002,37.72,25.76,9.0
2018-08-19,28.71,38.0,26.320000000000004,8.5
2018-08-20,26.73,34.0,24.64,8.1
2018-08-21,26.73,33.2,22.96,8.0
2018-08-22,26.07,32.800000000000004,21.560000000000002,8.9
2018-08-23,25.740000000000002,32.4,22.680000000000003,8.200000000000001
2018-08-24,25.740000000000002,34.0,21.28,8.4
2018-08-25,27.720000000000002,37.2,25.480000000000004,8.1
2018-08-26,31.32,37.2,23.490000000000002,8.3
2018-08-27,29.16,32.800000000000004,21.6,8.4
2018-08-28,29.52,33.2,20.520000000000003,8.8
2018-08-29,27.72,32.800000000000004,19.44,8.5
2018-08-30,29.88,33.2,21.87,9.200000000000001
2018-08-31,30.599999999999998,34.4,22.41,8.4
2018-09-01,13.32,18.400000000000002,10.530000000000001,4.800000000000001
2018-09-02,13.68,17.94,11.34,6.1000000000000005
2018-09-03,14.04,18.330000000000002,9.72,5.4
2018-09-04,12.24,15.600000000000001,8.370000000000001,5.4
2018-09-05,11.879999999999999,15.600000000000001,8.100000000000001,5.2
2018-09-06,11.879999999999999,15.600000000000001,7.290000000000001,5.6000000000000005
2018-09-07,11.879999999999999,15.21,7.83,5.300000000000001
2018-09-08,13.32,17.16,9.72,5.2
2018-09-09,22.799999999999997,29.040000000000003,19.25,6.12
2018-09-10,20.52,26.400000000000002,15.400000000000002,5.88
2018-09-11,21.09,27.720000000000002,17.05,6.24
2018-09-12,56.99999999999999,64.02,55.00000000000001,12.0
2018-09-13,37.62,66.0,53.35,10.559999999999999
2018-09-14,32.489999999999995,56.760000000000005,50.6,8.76
2018-09-15,29.069999999999997,47.52,38.5,8.28
2018-09-16,23.52,38.279999999999994,33.28,9.88
2018-09-17,21.599999999999998,32.48,28.080000000000002,9.75
2018-09-18,20.64,33.059999999999995,29.64,8.32
2018-09-19,20.64,31.9,29.64,9.620000000000001
2018-09-20,20.64,30.74,27.04,10.01
2018-09-21,22.56,37.699999999999996,34.84,9.36
2018-09-22,27.84,45.239999999999995,42.64,9.75
2018-09-23,26.88,37.260000000000005,39.52,9.1
2018-09-24,22.56,30.240000000000002,32.76,10.01
2018-09-25,21.599999999999998,29.700000000000003,37.44,9.49
2018-09-26,21.119999999999997,28.62,31.720000000000002,8.97
2018-09-27,20.16,27.540000000000003,28.080000000000002,8.58
2018-09-28,20.16,27.540000000000003,28.080000000000002,8.58
2018-09-29,25.919999999999998,31.860000000000003,30.68,8.450000000000001
2018-09-30,22.88,27.729999999999997,24.189999999999998,8.97
2018-10-01,36.08,42.3,38.54,8.71
2018-10-02,35.2,39.48,36.489999999999995,8.06
2018-10-03,35.64,41.36,37.309999999999995,9.36
2018-10-04,34.32,39.01,35.669999999999995,8.06
2018-10-05,36.08,38.07,33.62,7.800000000000001
2018-10-06,44.0,43.71,39.36,8.58
2018-10-07,43.12,39.99,33.3,7.319999999999999
2018-10-08,36.96,34.83,29.6,7.4399999999999995
2018-10-09,33.88,34.4,30.71,8.04
2018-10-10,32.12,33.54,29.23,6.4799999999999995
2018-10-11,32.56,32.68,27.75,7.319999999999999
2018-10-12,34.32,33.54,28.49,7.08
2018-10-13,42.24,38.269999999999996,37.0,7.4399999999999995
2018-10-14,37.6,38.269999999999996,31.15,8.71
2018-10-15,29.6,32.25,26.599999999999998,8.71
2018-10-16,28.8,32.68,27.299999999999997,8.19
2018-10-17,27.6,32.25,24.849999999999998,7.67
2018-10-18,29.200000000000003,31.82,24.15,8.32
2018-10-19,30.8,36.98,26.95,8.19
2018-10-20,34.4,38.269999999999996,29.4,7.67
2018-10-21,33.93,42.32,29.37,7.199999999999999
2018-10-22,28.080000000000002,36.34,24.09,8.16
2018-10-23,29.25,37.260000000000005,23.76,7.56
2018-10-24,27.69,34.5,22.44,6.72
2018-10-25,27.3,34.5,23.43,8.4
2018-10-26,27.69,39.1,23.1,7.68
2018-10-27,31.59,46.0,26.07,7.8
2018-10-28,35.28,43.2,28.05,9.9
2018-10-29,29.82,36.9,24.75,9.6
2018-10-30,38.64,35.550000000000004,23.76,15.0
2018-10-31,31.919999999999998,36.0,22.11,11.549999999999999
2018-11-01,19.74,26.55,7.590000000000001,2.85
2018-11-02,20.16,27.900000000000002,7.590000000000001,2.6999999999999997
2018-11-03,21.84,31.95,8.91,3.0
2018-11-04,19.38,31.39,10.44,3.15
2018-11-05,17.1,25.37,9.0,3.0
2018-11-06,16.72,24.94,8.64,2.6999999999999997
2018-11-07,14.82,21.93,7.56,2.55
2018-11-08,16.72,24.08,8.64,3.0
2018-11-09,17.1,24.509999999999998,8.64,3.0
2018-11-10,19.76,30.099999999999998,11.52,3.9
2018-11-11,21.84,30.96,11.700000000000001,4.14
2018-11-12,20.16,27.09,10.530000000000001,3.78
2018-11-13,20.16,25.37,10.530000000000001,4.32
2018-11-14,19.74,24.94,10.14,4.32
2018-11-15,18.48,24.509999999999998,10.14,3.96
2018-11-16,19.74,24.94,9.75,4.32
2018-11-17,23.939999999999998,30.53,12.870000000000001,5.22
2018-11-18,37.2,39.96,26.25,12.58
2018-11-19,34.72,34.56,24.75,11.47
2018-11-20,37.2,33.480000000000004,25.5,11.84
2018-11-21,47.74,38.34,30.75,13.69
2018-11-22,62.0,47.52,54.0,23.31
2018-11-23,61.38,54.0,75.0,37.0
2018-11-24,47.74,48.6,45.0,18.87
2018-11-25,26.84,38.54,25.85,12.469999999999999
2018-11-26,29.48,33.839999999999996,32.45,19.139999999999997
2018-11-27,23.32,30.549999999999997,22.0,12.76
2018-11-28,20.24,29.139999999999997,17.05,8.7
2018-11-29,20.68,29.139999999999997,16.5,8.7
2018-11-30,19.8,28.669999999999998,15.950000000000001,7.539999999999999
2018-12-01,22.44,29.61,14.3,6.67
2018-12-02,20.67,28.6,12.42,6.76
2018-12-03,18.72,24.64,10.58,6.24
2018-12-04,18.72,25.080000000000002,10.120000000000001,6.5
2018-12-05,18.330000000000002,24.2,9.66,6.5
2018-12-06,19.11,24.64,11.5,6.5
2018-12-07,19.5,24.64,11.5,6.76
2018-12-08,21.45,28.16,13.34,7.54
2018-12-09,23.099999999999998,28.6,15.0,7.290000000000001
2018-12-10,21.84,24.64,12.5,7.290000000000001
2018-12-11,20.58,24.64,13.0,6.75
2018-12-12,20.16,24.2,12.0,6.48
2018-12-13,21.0,23.76,12.5,6.210000000000001
2018-12-14,21.419999999999998,24.64,12.5,7.0200000000000005
2018-12-15,24.779999999999998,29.92,16.0,9.18
2018-12-16,26.84,33.6,17.360000000000003,10.89
2018-12-17,23.32,28.32,15.120000000000001,9.9
2018-12-18,22.88,27.84,15.120000000000001,9.9
2018-12-19,23.32,27.84,15.120000000000001,9.57
2018-12-20,23.76,28.799999999999997,15.680000000000001,10.23
2018-12-21,25.080000000000002,29.759999999999998,15.680000000000001,10.89
2018-12-22,27.72,35.04,19.6,13.200000000000001
2018-12-23,37.62,43.92,34.0,31.020000000000003
2018-12-24,37.62,42.699999999999996,35.0,29.040000000000003
2018-12-25,56.99999999999999,61.0,100.0,64.68
2018-12-26,49.589999999999996,55.51,76.0,66.0
2018-12-27,39.9,47.58,50.0,43.56
2018-12-28,34.199999999999996,42.699999999999996,40.0,32.34
2018-12-29,34.769999999999996,43.92,36.0,29.700000000000003
2018-12-30,24.509999999999998,32.64,17.490000000000002,14.76
2018-12-31,23.22,28.799999999999997,14.31,12.24
2019-01-01,36.98,48.0,50.88,17.64
2019-01-02,37.839999999999996,45.6,52.470000000000006,21.96
2019-01-03,43.0,45.12,52.470000000000006,21.96
2019-01-04,39.99,43.68,53.0,21.24
2019-01-05,39.13,46.559999999999995,52.470000000000006,26.64
2019-01-06,32.19,39.769999999999996,38.54,23.939999999999998
2019-01-07,29.6,33.62,34.03,24.779999999999998
2019-01-08,29.23,33.62,34.44,29.4
2019-01-09,29.23,32.8,31.979999999999997,27.3
2019-01-10,28.12,32.39,30.34,34.44
2019-01-11,27.75,32.8,31.159999999999997,34.44
2019-01-12,30.34,38.54,33.21,34.019999999999996
2019-01-13,28.560000000000002,35.88,28.799999999999997,32.39
2019-01-14,24.82,31.200000000000003,24.84,28.29
2019-01-15,24.82,30.03,24.84,25.419999999999998
2019-01-16,24.82,30.03,23.759999999999998,27.06
2019-01-17,24.82,30.810000000000002,23.04,27.06
2019-01-18,24.48,30.03,23.04,32.39
2019-01-19,26.180000000000003,34.32,26.279999999999998,26.65
2019-01-20,26.520000000000003,35.1,21.76,23.01
2019-01-21,24.82,33.15,18.88,21.060000000000002
2019-01-22,24.14,29.64,19.2,26.91
2019-01-23,22.78,28.86,19.2,23.01
2019-01-24,23.46,28.86,19.52,26.52
2019-01-25,23.8,29.25,19.84,27.69
2019-01-26,26.860000000000003,33.54,21.76,28.86
2019-01-27,28.349999999999998,33.06,21.599999999999998,39.99
2019-01-28,24.849999999999998,28.12,17.099999999999998,43.0
2019-01-29,27.65,30.78,18.0,35.26
2019-01-30,26.599999999999998,28.5,16.8,30.099999999999998
2019-01-31,23.799999999999997,28.5,15.6,27.09
2019-02-01,31.15,31.92,23.099999999999998,35.69
2019-02-02,35.0,36.480000000000004,25.8,37.839999999999996
2019-02-03,30.72,35.89,33.0,28.900000000000002
2019-02-04,25.92,29.23,25.080000000000002,24.82
2019-02-05,29.12,29.97,27.720000000000002,25.16
2019-02-06,27.2,29.97,26.07,24.48
2019-02-07,27.52,29.97,26.400000000000002,24.82
2019-02-08,27.84,32.56,27.060000000000002,26.520000000000003
2019-02-09,32.0,37.0,32.67,26.520000000000003
2019-02-10,31.68,35.64,32.34,29.23
2019-02-11,27.2,29.88,27.720000000000002,27.75
2019-02-12,27.2,30.24,26.400000000000002,28.12
2019-02-13,27.52,29.52,25.740000000000002,34.78
2019-02-14,27.84,28.799999999999997,27.060000000000002,37.0
2019-02-15,28.16,30.24,28.71,32.56
2019-02-16,30.080000000000002,35.28,30.360000000000003,29.97
2019-02-17,32.34,37.24,29.759999999999998,25.6
2019-02-18,31.020000000000003,34.96,28.21,23.36
2019-02-19,28.380000000000003,31.92,24.49,21.12
2019-02-20,28.380000000000003,32.68,23.87,20.8
2019-02-21,29.040000000000003,33.06,23.87,21.12
2019-02-22,29.37,32.68,23.25,20.8
2019-02-23,30.69,38.0,28.83,23.36
2019-02-24,29.759999999999998,37.0,28.799999999999997,23.25
2019-02-25,26.35,31.82,23.099999999999998,21.7
2019-02-26,26.04,32.56,22.8,22.32
2019-02-27,26.35,31.45,23.7,22.01
2019-02-28,25.73,31.45,21.9,22.63
2019-03-01,18.29,31.08,25.8,13.64
2019-03-02,20.46,35.89,27.599999999999998,13.64
2019-03-03,20.46,37.0,28.999999999999996,13.95
2019-03-04,18.29,31.45,24.65,13.02
2019-03-05,17.36,28.49,20.59,13.95
2019-03-06,17.36,28.86,21.459999999999997,13.02
2019-03-07,18.6,29.6,22.33,13.02
2019-03-08,18.29,29.97,20.88,13.64
2019-03-09,20.77,34.78,28.419999999999998,15.5
2019-03-10,19.84,35.64,28.13,15.180000000000001
2019-03-11,19.22,28.799999999999997,24.65,14.520000000000001
2019-03-12,18.6,29.52,23.2,13.860000000000001
2019-03-13,18.29,29.52,22.91,15.510000000000002
2019-03-14,18.29,28.799999999999997,21.459999999999997,16.830000000000002
2019-03-15,17.36,28.08,22.04,15.84
2019-03-16,19.22,33.48,24.65,15.180000000000001
2019-03-17,21.12,32.76,26.389999999999997,22.09
2019-03-18,20.790000000000003,29.88,24.36,22.56
2019-03-19,21.12,28.799999999999997,22.91,21.15
2019-03-20,21.78,28.799999999999997,22.91,47.0
2019-03-21,21.12,28.08,21.75,43.239999999999995
2019-03-22,20.130000000000003,28.439999999999998,21.75,29.139999999999997
2019-03-23,20.790000000000003,32.4,25.229999999999997,31.49
2019-03-24,25.35,33.12,27.599999999999998,24.189999999999998
2019-03-25,39.0,29.16,26.099999999999998,26.24
2019-03-26,35.1,30.24,27.3,25.83
2019-03-27,27.3,29.52,24.599999999999998,26.24
2019-03-28,24.96,28.799999999999997,23.7,24.599999999999998
2019-03-29,25.740000000000002,28.439999999999998,24.0,22.549999999999997
2019-03-30,26.130000000000003,32.04,27.3,22.139999999999997
2019-03-31,21.08,32.55,26.68,22.32
2019-04-01,29.14,30.099999999999998,23.2,34.92
2019-04-02,29.14,29.749999999999996,23.2,30.959999999999997
2019-04-03,29.14,29.4,21.459999999999997,31.68
2019-04-04,28.83,29.4,22.33,36.0
2019-04-05,28.83,30.099999999999998,22.33,32.04
2019-04-06,31.0,32.9,27.259999999999998,34.199999999999996
2019-04-07,30.69,35.0,26.19,27.9
2019-04-08,28.52,30.45,22.41,26.099999999999998
2019-04-09,27.9,29.4,22.950000000000003,24.3
2019-04-10,28.21,29.049999999999997,21.330000000000002,21.3
2019-04-11,27.28,29.049999999999997,21.330000000000002,22.8
2019-04-12,27.59,29.4,19.71,24.0
2019-04-13,29.14,33.599999999999994,23.76,26.099999999999998
2019-04-14,31.36,33.599999999999994,28.999999999999996,22.8
2019-04-15,28.48,29.049999999999997,23.49,23.7
2019-04-16,30.080000000000002,29.749999999999996,23.779999999999998,23.7
2019-04-17,29.44,29.049999999999997,23.2,24.0
2019-04-18,27.84,30.099999999999998,23.49,24.3
2019-04-19,30.080000000000002,31.849999999999998,25.229999999999997,26.099999999999998
2019-04-20,32.0,33.949999999999996,27.839999999999996,24.0
2019-04-21,30.38,33.949999999999996,29.7,24.36
2019-04-22,29.14,30.45,25.5,24.069999999999997
2019-04-23,29.45,29.049999999999997,25.8,22.619999999999997
2019-04-24,27.59,28.7,25.5,22.91
2019-04-25,27.9,29.049999999999997,25.8,21.459999999999997
2019-04-26,27.59,28.349999999999998,23.7,19.72
2019-04-27,29.759999999999998,31.849999999999998,27.9,24.069999999999997
2019-04-28,30.07,33.839999999999996,27.599999999999998,22.400000000000002
2019-04-29,27.59,29.16,25.2,20.44
2019-04-30,30.38,30.599999999999998,24.3,17.92
2019-05-01,27.9,30.599999999999998,17.7,21.840000000000003
2019-05-02,27.28,30.24,19.2,22.12
2019-05-03,27.59,30.24,19.5,22.96
2019-05-04,28.52,35.28,22.5,23.520000000000003
2019-05-05,31.04,35.0,24.75,22.96
2019-05-06,28.48,30.099999999999998,22.44,23.520000000000003
2019-05-07,28.48,29.4,25.080000000000002,22.400000000000002
2019-05-08,28.48,29.4,23.43,21.840000000000003
2019-05-09,28.16,29.049999999999997,22.44,21.840000000000003
2019-05-10,28.8,29.749999999999996,23.76,22.680000000000003
2019-05-11,31.68,33.949999999999996,30.360000000000003,26.880000000000003
2019-05-12,32.0,35.64,33.0,27.0
2019-05-13,30.080000000000002,31.68,24.75,22.14
2019-05-14,30.080000000000002,30.959999999999997,22.11,21.330000000000002
2019-05-15,28.48,30.24,23.76,21.87
2019-05-16,27.84,29.16,22.77,21.330000000000002
2019-05-17,28.16,31.32,22.44,18.900000000000002
2019-05-18,30.400000000000002,35.64,27.060000000000002,21.060000000000002
2019-05-19,30.080000000000002,36.26,24.8,20.75
2019-05-20,30.400000000000002,37.0,21.39,19.75
2019-05-21,28.8,31.82,21.7,18.0
2019-05-22,27.84,30.34,21.7,18.5
2019-05-23,28.16,31.45,21.08,17.75
2019-05-24,27.84,31.82,21.7,19.5
2019-05-25,29.44,36.26,24.49,21.0
2019-05-26,30.400000000000002,36.63,26.07,18.75
2019-05-27,31.04,36.63,25.740000000000002,18.75
2019-05-28,28.16,34.41,23.1,16.0
2019-05-29,28.48,32.93,22.11,20.0
2019-05-30,27.84,33.67,21.78,19.5
2019-05-31,27.84,33.3,24.09,18.25
2019-06-01,24.96,34.04,27.39,20.75
2019-06-02,30.42,39.0,32.55,20.75
2019-06-03,36.660000000000004,33.93,30.099999999999998,20.75
2019-06-04,39.0,33.54,30.099999999999998,20.75
2019-06-05,35.88,32.76,28.349999999999998,20.5
2019-06-06,32.76,32.76,26.95,20.0
2019-06-07,30.42,32.76,28.0,20.5
2019-06-08,31.200000000000003,36.660000000000004,29.749999999999996,20.5
2019-06-09,27.720000000000002,34.04,31.28,21.75
2019-06-10,25.080000000000002,31.08,28.220000000000002,19.75
2019-06-11,24.75,30.34,27.880000000000003,18.5
2019-06-12,24.42,30.71,29.92,19.5
2019-06-13,24.09,30.34,25.840000000000003,21.0
2019-06-14,24.75,29.97,26.860000000000003,20.75
2019-06-15,26.07,34.04,32.300000000000004,22.5
2019-06-16,25.28,35.72,34.0,25.0
2019-06-17,23.68,32.68,29.580000000000002,20.0
2019-06-18,24.0,31.92,29.580000000000002,20.75
2019-06-19,23.68,33.06,28.560000000000002,20.0
2019-06-20,23.04,30.78,24.48,19.5
2019-06-21,23.68,31.54,26.180000000000003,18.75
2019-06-22,24.0,34.96,28.560000000000002,20.75
2019-06-23,25.41,34.2,29.12,20.88
2019-06-24,23.76,33.06,25.28,19.68
2019-06-25,24.09,31.54,24.32,18.72
2019-06-26,23.76,31.92,24.32,17.759999999999998
2019-06-27,23.76,30.78,23.04,20.16
2019-06-28,24.75,31.92,26.240000000000002,19.68
2019-06-29,25.080000000000002,35.34,25.92,20.88
2019-06-30,23.68,34.96,26.35,18.72
2019-07-01,28.48,34.2,20.77,17.759999999999998
2019-07-02,27.84,34.2,18.91,16.8
2019-07-03,28.16,36.1,18.29,18.96
2019-07-04,28.8,36.1,19.53,17.759999999999998
2019-07-05,27.2,35.72,18.91,17.52
2019-07-06,28.16,36.86,22.01,19.439999999999998
2019-07-07,27.52,35.34,21.76,20.0
2019-07-08,28.48,35.34,20.16,20.75
2019-07-09,28.16,34.96,21.44,19.75
2019-07-10,28.48,34.2,20.16,20.5
2019-07-11,28.48,34.58,20.8,20.25
2019-07-12,26.88,34.58,20.48,19.25
2019-07-13,28.8,38.0,22.400000000000002,21.0
2019-07-14,31.96,39.0,30.4,22.950000000000003
2019-07-15,34.0,38.22,38.0,27.0
2019-07-16,32.980000000000004,36.660000000000004,33.82,23.76
2019-07-17,30.26,36.27,29.26,21.330000000000002
2019-07-18,29.580000000000002,37.050000000000004,27.740000000000002,21.060000000000002
2019-07-19,29.240000000000002,36.27,25.84,22.14
2019-07-20,30.26,38.22,26.22,22.14
2019-07-21,30.03,36.86,26.520000000000003,19.0
2019-07-22,29.040000000000003,35.34,22.44,19.0
2019-07-23,29.37,34.58,23.8,18.75
2019-07-24,28.71,34.96,23.8,18.5
2019-07-25,29.37,34.2,22.44,19.5
2019-07-26,29.040000000000003,34.96,22.1,19.25
2019-07-27,29.040000000000003,37.62,24.14,18.5
2019-07-28,30.03,37.62,24.09,16.560000000000002
2019-07-29,29.700000000000003,35.34,22.77,16.560000000000002
2019-07-30,30.69,34.96,21.45,16.330000000000002
2019-07-31,30.03,34.2,21.78,18.17
2019-08-01,8.58,32.68,28.380000000000003,18.630000000000003
2019-08-02,8.58,34.2,28.380000000000003,18.630000000000003
2019-08-03,8.91,35.72,33.0,18.86
2019-08-04,8.84,35.34,29.44,18.24
2019-08-05,8.84,33.06,27.2,19.919999999999998
2019-08-06,9.180000000000001,32.68,27.2,17.759999999999998
2019-08-07,8.84,32.3,24.64,18.96
2019-08-08,9.180000000000001,33.82,26.240000000000002,20.64
2019-08-09,9.180000000000001,33.44,24.64,18.48
2019-08-10,9.520000000000001,36.86,29.44,20.16
2019-08-11,10.149999999999999,36.86,26.7,21.36
2019-08-12,10.149999999999999,33.82,26.7,19.2
2019-08-13,9.799999999999999,33.06,24.599999999999998,20.4
2019-08-14,9.799999999999999,33.06,24.9,20.4
2019-08-15,9.1,33.06,24.3,19.919999999999998
2019-08-16,9.45,33.06,23.4,19.439999999999998
2019-08-17,10.149999999999999,36.480000000000004,29.4,23.279999999999998
2019-08-18,10.44,38.0,28.83,24.5
2019-08-19,9.719999999999999,31.92,25.73,20.25
2019-08-20,10.44,33.44,24.8,20.5
2019-08-21,10.08,31.92,25.419999999999998,21.5
2019-08-22,10.44,32.3,25.419999999999998,22.0
2019-08-23,10.08,32.3,24.8,22.75
2019-08-24,10.799999999999999,36.86,28.21,25.0
2019-08-25,16.240000000000002,34.78,25.2,25.650000000000002
2019-08-26,15.680000000000001,31.08,22.5,23.490000000000002
2019-08-27,15.120000000000001,31.45,24.599999999999998,23.220000000000002
2019-08-28,15.120000000000001,31.08,24.9,25.380000000000003
2019-08-29,15.120000000000001,30.71,22.5,25.110000000000003
2019-08-30,38.080000000000005,31.45,23.099999999999998,23.490000000000002
2019-08-31,56.00000000000001,34.41,28.5,25.92
2019-09-01,95.0,13.3,12.32,21.87
2019-09-02,79.0,13.3,12.88,22.14
2019-09-03,70.0,12.16,11.760000000000002,20.790000000000003
2019-09-04,76.0,12.16,10.64,21.060000000000002
2019-09-05,82.0,11.4,10.64,19.44
2019-09-06,74.0,12.540000000000001,10.080000000000002,18.36
2019-09-07,64.0,13.68,12.600000000000001,21.6
2019-09-08,63.36,27.75,19.78,23.7
2019-09-09,59.519999999999996,26.25,17.94,24.3
2019-09-10,96.0,63.0,41.4,29.099999999999998
2019-09-11,77.75999999999999,75.0,42.32,27.599999999999998
2019-09-12,66.24,50.25,30.82,24.9
2019-09-13,64.32,46.5,28.060000000000002,23.7
2019-09-14,69.12,46.5,29.900000000000002,28.5
2019-09-15,56.44,31.349999999999998,25.619999999999997,22.96
2019-09-16,51.46,26.22,21.84,23.240000000000002
2019-09-17,50.629999999999995,24.509999999999998,20.58,23.520000000000003
2019-09-18,50.629999999999995,23.939999999999998,21.419999999999998,22.680000000000003
2019-09-19,49.8,23.939999999999998,21.0,21.840000000000003
2019-09-20,50.629999999999995,31.919999999999998,27.3,22.400000000000002
2019-09-21,58.93,39.9,42.0,25.480000000000004
2019-09-22,44.85,38.94,49.0,30.0
2019-09-23,37.050000000000004,30.68,37.5,26.099999999999998
2019-09-24,33.800000000000004,29.5,35.5,26.7
2019-09-25,29.900000000000002,27.729999999999997,32.5,27.599999999999998
2019-09-26,29.25,27.729999999999997,32.0,26.4
2019-09-27,24.05,26.549999999999997,31.5,23.4
2019-09-28,27.3,31.27,35.5,26.7
2019-09-29,18.45,25.5,27.47,24.939999999999998
2019-09-30,15.75,21.5,24.189999999999998,23.49
2019-10-01,36.45,43.5,35.26,6.38
2019-10-02,34.65,42.0,32.8,6.67
2019-10-03,34.65,43.0,31.159999999999997,6.959999999999999
2019-10-04,37.35,43.0,35.26,6.67
2019-10-05,44.1,48.5,39.769999999999996,6.959999999999999
2019-10-06,44.0,49.0,39.0,6.959999999999999
2019-10-07,35.64,43.12,33.15,6.959999999999999
2019-10-08,34.76,42.63,31.98,6.67
2019-10-09,34.32,44.1,33.54,7.249999999999999
2019-10-10,33.88,41.65,31.98,6.67
2019-10-11,34.76,40.67,29.64,6.38
2019-10-12,42.68,47.53,35.88,6.959999999999999
2019-10-13,41.16,45.12,30.26,7.5
2019-10-14,34.44,40.89,26.520000000000003,6.6
2019-10-15,31.5,39.48,24.14,7.199999999999999
2019-10-16,31.5,38.54,24.82,6.8999999999999995
2019-10-17,30.66,39.01,23.12,6.8999999999999995
2019-10-18,31.08,38.54,22.78,6.8999999999999995
2019-10-19,37.8,43.71,25.840000000000003,8.1
2019-10-20,37.309999999999995,39.13,25.92,8.37
2019-10-21,31.569999999999997,33.97,23.04,7.4399999999999995
2019-10-22,29.52,33.11,21.44,7.4399999999999995
2019-10-23,29.11,33.11,21.76,8.06
2019-10-24,27.47,31.82,22.72,7.4399999999999995
2019-10-25,28.7,32.68,22.080000000000002,7.13
2019-10-26,33.21,36.98,23.68,7.75
2019-10-27,33.6,36.54,23.56,22.400000000000002
2019-10-28,32.76,32.339999999999996,21.39,60.0
2019-10-29,33.18,31.919999999999998,21.08,80.0
2019-10-30,32.76,30.66,20.77,59.2
2019-10-31,29.82,29.4,18.29,46.400000000000006
2019-11-01,19.32,25.2,5.27,33.6
2019-11-02,23.099999999999998,30.24,6.51,32.800000000000004
2019-11-03,20.8,31.39,7.56,20.4
2019-11-04,18.0,26.23,6.84,17.34
2019-11-05,17.2,25.37,6.4799999999999995,15.81
2019-11-06,17.2,24.94,6.4799999999999995,15.81
2019-11-07,16.8,24.94,6.4799999999999995,15.3
2019-11-08,16.8,25.37,7.199999999999999,14.790000000000001
2019-11-09,19.200000000000003,30.53,9.0,16.830000000000002
2019-11-10,21.07,28.7,9.36,13.64
2019-11-11,19.35,25.419999999999998,8.19,12.76
2019-11-12,18.49,24.189999999999998,7.800000000000001,12.76
2019-11-13,19.35,23.779999999999998,7.41,13.2
2019-11-14,20.21,23.779999999999998,8.97,12.32
2019-11-15,21.93,23.369999999999997,8.58,12.32
2019-11-16,23.22,27.47,10.530000000000001,13.2
2019-11-17,21.93,28.29,11.61,15.04
2019-11-18,19.35,24.189999999999998,9.459999999999999,13.629999999999999
2019-11-19,18.49,23.779999999999998,9.89,13.16
2019-11-20,19.35,23.779999999999998,9.89,13.629999999999999
2019-11-21,18.919999999999998,23.779999999999998,9.89,13.629999999999999
2019-11-22,19.78,24.189999999999998,10.32,13.16
2019-11-23,23.22,28.29,12.47,15.51
2019-11-24,36.480000000000004,36.72,27.28,29.970000000000002
2019-11-25,32.64,32.13,23.76,28.35
2019-11-26,35.84,32.64,25.52,27.540000000000003
2019-11-27,44.800000000000004,34.17,30.8,31.590000000000003
2019-11-28,60.160000000000004,41.82,66.88,53.46
2019-11-29,64.0,51.0,88.0,81.0
2019-11-30,44.160000000000004,45.39,47.52,44.550000000000004
2019-12-01,31.02,33.839999999999996,28.8,21.42
2019-12-02,34.309999999999995,30.08,35.2,31.5
2019-12-03,27.259999999999998,27.729999999999997,21.76,22.05
2019-12-04,23.029999999999998,25.849999999999998,17.28,16.38
2019-12-05,25.849999999999998,25.38,16.64,16.38
2019-12-06,24.91,25.38,16.64,15.75
2019-12-07,26.32,30.08,19.84,17.01
2019-12-08,21.200000000000003,26.66,14.790000000000001,15.370000000000001
2019-12-09,19.6,22.79,13.77,13.780000000000001
2019-12-10,19.6,22.36,13.26,13.780000000000001
2019-12-11,20.0,22.36,13.26,14.31
2019-12-12,19.200000000000003,21.93,13.77,14.84
2019-12-13,20.400000000000002,23.22,13.77,14.84
2019-12-14,22.8,27.52,16.830000000000002,16.96
2019-12-15,24.08,30.360000000000003,18.02,18.81
2019-12-16,22.36,26.68,15.9,16.529999999999998
2019-12-17,21.93,25.76,15.370000000000001,17.099999999999998
2019-12-18,21.5,24.84,14.31,16.529999999999998
2019-12-19,21.5,25.3,13.25,15.959999999999999
2019-12-20,21.93,26.68,14.84,17.099999999999998
2019-12-21,25.8,30.82,17.490000000000002,20.52
2019-12-22,35.379999999999995,39.53,32.98,36.0
2019-12-23,34.8,37.169999999999995,31.04,36.0
2019-12-24,38.86,38.94,33.949999999999996,36.0
2019-12-25,57.99999999999999,59.0,97.0,100.0
2019-12-26,48.13999999999999,50.15,75.66,74.0
2019-12-27,38.279999999999994,43.07,49.47,48.0
2019-12-28,37.12,41.3,41.71,40.0
2019-12-29,23.52,29.44,19.8,18.02
2019-12-30,22.259999999999998,27.6,17.6,15.9
2019-12-31,22.259999999999998,28.060000000000002,15.950000000000001,14.31
2020-01-01,40.74,46.0,51.7,48.760000000000005
2020-01-02,42.0,43.7,55.00000000000001,53.0
2020-01-03,40.74,43.7,53.900000000000006,52.470000000000006
2020-01-04,41.16,44.620000000000005,53.35,50.35
2020-01-05,36.1,39.769999999999996,40.42,42.769999999999996
2020-01-06,34.2,36.08,37.41,44.65
2020-01-07,33.82,34.85,35.69,44.18
2020-01-08,33.06,34.03,32.25,42.769999999999996
2020-01-09,33.06,33.62,32.25,46.059999999999995
2020-01-10,32.3,34.44,32.25,42.769999999999996
2020-01-11,34.2,37.72,33.97,44.65
2020-01-12,32.4,34.58,28.49,38.269999999999996
2020-01-13,29.52,29.64,25.53,35.26
2020-01-14,28.799999999999997,29.26,24.79,35.69
2020-01-15,29.88,29.26,24.05,36.12
2020-01-16,29.88,30.02,24.79,35.69
2020-01-17,30.24,29.64,24.79,37.41
2020-01-18,32.04,34.2,25.9,36.98
2020-01-19,31.32,34.32,24.48,30.42
2020-01-20,30.599999999999998,34.32,23.12,30.03
2020-01-21,29.16,31.200000000000003,21.76,29.25
2020-01-22,29.16,30.810000000000002,20.400000000000002,30.03
2020-01-23,29.52,30.03,20.740000000000002,31.200000000000003
2020-01-24,30.24,28.86,21.76,29.64
2020-01-25,30.959999999999997,33.15,23.12,30.810000000000002
2020-01-26,26.73,27.880000000000003,20.48,26.64
2020-01-27,24.09,23.8,18.240000000000002,25.16
2020-01-28,25.740000000000002,24.14,17.92,28.86
2020-01-29,26.400000000000002,24.48,19.52,27.38
2020-01-30,25.740000000000002,25.500000000000004,19.84,27.75
2020-01-31,25.41,24.48,19.84,26.64
2020-02-01,32.34,32.300000000000004,32.0,35.89
2020-02-02,31.04,33.25,30.69,32.76
2020-02-03,25.28,26.599999999999998,24.42,28.08
2020-02-04,27.52,28.349999999999998,26.07,29.88
2020-02-05,28.16,28.7,25.740000000000002,30.24
2020-02-06,28.16,29.4,26.400000000000002,31.68
2020-02-07,28.8,29.049999999999997,27.060000000000002,31.32
2020-02-08,31.04,32.55,30.360000000000003,34.56
2020-02-09,33.0,35.0,29.12,37.0
2020-02-10,30.360000000000003,29.4,25.6,31.82
2020-02-11,28.71,29.049999999999997,23.36,32.19
2020-02-12,29.040000000000003,29.4,23.68,31.08
2020-02-13,28.71,28.7,24.64,32.56
2020-02-14,29.040000000000003,30.099999999999998,25.6,33.3
2020-02-15,31.68,33.949999999999996,28.16,34.78
2020-02-16,30.400000000000002,37.0,30.360000000000003,34.199999999999996
2020-02-17,29.44,33.67,30.03,31.32
2020-02-18,29.44,31.82,26.07,29.88
2020-02-19,28.48,31.08,25.080000000000002,30.599999999999998
2020-02-20,28.16,30.34,25.740000000000002,30.599999999999998
2020-02-21,28.16,31.45,24.75,30.599999999999998
2020-02-22,30.72,35.89,29.37,31.32
2020-02-23,31.35,35.64,24.9,30.959999999999997
2020-02-24,30.03,30.959999999999997,22.8,28.799999999999997
2020-02-25,29.37,30.599999999999998,24.0,31.32
2020-02-26,29.040000000000003,30.599999999999998,21.599999999999998,30.599999999999998
2020-02-27,30.360000000000003,32.04,23.099999999999998,29.88
2020-02-28,31.35,32.04,22.5,30.24
2020-02-29,31.68,35.64,25.5,32.76
2020-03-01,30.03,36.0,28.999999999999996,34.0
2020-03-02,29.040000000000003,29.88,24.36,29.92
2020-03-03,31.68,31.68,23.49,27.540000000000003
2020-03-04,28.71,29.88,23.49,28.900000000000002
2020-03-05,28.380000000000003,29.88,22.33,28.220000000000002
2020-03-06,28.71,29.52,22.33,31.28
2020-03-07,30.69,34.92,26.68,32.64
2020-03-08,28.16,33.660000000000004,24.18,28.83
2020-03-09,27.84,27.200000000000003,21.32,27.9
2020-03-10,27.2,27.200000000000003,20.02,25.73
2020-03-11,26.240000000000002,26.520000000000003,19.5,25.11
2020-03-12,25.6,23.12,16.38,22.63
2020-03-13,26.240000000000002,24.48,16.12,21.7
2020-03-14,32.0,29.92,18.98,24.18
2020-03-15,29.040000000000003,28.05,13.3,23.240000000000002
2020-03-16,28.71,24.09,10.26,20.160000000000004
2020-03-17,28.05,24.42,9.31,20.720000000000002
2020-03-18,30.03,25.41,9.88,20.44
2020-03-19,30.03,26.400000000000002,10.26,21.560000000000002
2020-03-20,27.39,25.080000000000002,9.5,19.040000000000003
2020-03-21,30.03,28.05,11.59,20.44
2020-03-22,32.300000000000004,29.580000000000002,13.229999999999999,23.7
2020-03-23,29.92,26.860000000000003,11.129999999999999,23.4
2020-03-24,30.94,26.860000000000003,11.969999999999999,22.5
2020-03-25,30.94,27.880000000000003,12.389999999999999,24.0
2020-03-26,29.92,28.220000000000002,12.389999999999999,23.099999999999998
2020-03-27,29.92,27.880000000000003,12.6,24.0
2020-03-28,32.300000000000004,30.26,14.07,23.4
2020-03-29,29.12,30.799999999999997,15.12,20.25
2020-03-30,27.2,27.299999999999997,12.18,19.71
2020-03-31,27.52,28.0,12.809999999999999,18.900000000000002
2020-04-01,24.0,23.45,12.389999999999999,21.87
2020-04-02,23.36,23.45,12.389999999999999,21.6
2020-04-03,23.68,23.45,11.76,20.790000000000003
2020-04-04,25.28,25.9,14.07,20.25
2020-04-05,25.740000000000002,24.849999999999998,16.32,22.680000000000003
2020-04-06,24.09,22.4,14.399999999999999,21.28
2020-04-07,24.42,23.45,15.36,22.96
2020-04-08,24.75,24.5,15.12,23.520000000000003
2020-04-09,24.09,24.5,14.399999999999999,22.400000000000002
2020-04-10,25.740000000000002,24.15,15.84,23.520000000000003
2020-04-11,28.05,25.9,18.24,24.360000000000003
2020-04-12,32.370000000000005,33.97,19.880000000000003,25.419999999999998
2020-04-13,30.03,30.53,18.200000000000003,26.97
2020-04-14,30.810000000000002,31.39,20.44,26.35
2020-04-15,33.93,39.56,21.000000000000004,28.52
2020-04-16,35.49,41.71,21.840000000000003,31.0
2020-04-17,37.44,43.0,22.680000000000003,28.52
2020-04-18,39.0,40.42,25.76,29.45
2020-04-19,33.67,35.26,24.939999999999998,27.0
2020-04-20,30.71,31.569999999999997,21.75,25.2
2020-04-21,31.08,30.34,22.619999999999997,26.7
2020-04-22,31.08,32.8,23.779999999999998,27.599999999999998
2020-04-23,31.08,31.979999999999997,22.33,24.9
2020-04-24,31.08,34.85,23.49,24.0
2020-04-25,33.67,35.669999999999995,24.939999999999998,26.4
2020-04-26,35.49,32.370000000000005,34.0,25.2
2020-04-27,33.54,30.42,30.94,26.099999999999998
2020-04-28,33.93,30.810000000000002,30.26,27.3
2020-04-29,33.54,29.25,28.900000000000002,26.4
2020-04-30,34.71,30.03,29.580000000000002,26.4
2020-05-01,37.050000000000004,35.1,25.840000000000003,27.3
2020-05-02,38.61,39.0,32.300000000000004,28.5
2020-05-03,36.1,36.27,35.34,27.3
2020-05-04,34.58,33.54,30.4,26.7
2020-05-05,36.1,33.54,30.78,27.3
2020-05-06,36.480000000000004,37.83,33.06,29.4
2020-05-07,34.58,34.71,31.54,28.2
2020-05-08,35.34,34.71,31.92,26.7
2020-05-09,38.0,38.22,38.0,30.0
