,date,date.1,open_apple,high_apple,low_apple,apple_price,apple_adj,volume_apple,divid,split coef,apple,iphone,apple watch,airpods
842,2017-01-03,2017-01-03,115.8,116.33,114.76,116.15,110.3837,28781865.0,0.0,1.0,32.55,41.4,26.04,0.87
841,2017-01-04,2017-01-04,115.85,116.51,115.75,116.02,110.2601,21118116.0,0.0,1.0,30.8,40.94000000000001,25.11,0.8099999999999999
840,2017-01-05,2017-01-05,115.92,116.8642,115.81,116.61,110.8208,22193587.0,0.0,1.0,30.8,39.56,30.69,0.8999999999999999
839,2017-01-06,2017-01-06,116.78,118.16,116.47,117.91,112.0563,31751900.0,0.0,1.0,30.8,39.1,25.73,0.93
838,2017-01-09,2017-01-09,117.95,119.43,117.94,118.99,113.0827,33561948.0,0.0,1.0,28.38000000000001,34.03,17.68,0.84
837,2017-01-10,2017-01-10,118.77,119.38,118.3,119.11,113.1967,24462051.0,0.0,1.0,28.05,34.03,21.06,0.93
836,2017-01-11,2017-01-11,118.74,119.93,118.6,119.75,113.8049,27588593.0,0.0,1.0,27.06,32.8,20.02,0.78
835,2017-01-12,2017-01-12,118.895,119.3,118.21,119.25,113.3298,27086220.0,0.0,1.0,25.41,32.8,18.46,0.75
834,2017-01-13,2017-01-13,119.11,119.62,118.81,119.04,113.1302,26111948.0,0.0,1.0,26.4,32.8,17.16,0.78
833,2017-01-17,2017-01-17,118.34,120.24,118.22,120.0,114.0425,34439843.0,0.0,1.0,26.56,33.21,14.03,3.06
832,2017-01-18,2017-01-18,120.0,120.5,119.71,119.99,114.033,23712961.0,0.0,1.0,25.6,32.39,14.26,2.58
831,2017-01-19,2017-01-19,119.4,120.09,119.37,119.78,113.8334,25597291.0,0.0,1.0,25.28,32.8,12.19,1.92
830,2017-01-20,2017-01-20,120.45,120.45,119.7346,120.0,114.0425,32597892.0,0.0,1.0,22.72,29.93,12.88,1.7999999999999998
829,2017-01-23,2017-01-23,120.0,120.81,119.77,120.08,114.1186,22050218.0,0.0,1.0,24.49,30.03,12.98,3.65
828,2017-01-24,2017-01-24,119.55,120.1,119.5,119.97,114.014,23211038.0,0.0,1.0,24.49,28.86,12.76,1.6
827,2017-01-25,2017-01-25,120.42,122.1,120.28,121.88,115.8292,32586673.0,0.0,1.0,24.18,28.08,12.54,1.9
826,2017-01-26,2017-01-26,121.67,122.44,121.6,121.94,115.8862,26337576.0,0.0,1.0,24.49,28.86,13.2,1.95
825,2017-01-27,2017-01-27,122.14,122.35,121.6,121.95,115.8957,20562944.0,0.0,1.0,22.63,29.64,12.54,2.2
824,2017-01-30,2017-01-30,120.93,121.63,120.66,121.63,115.5916,30377503.0,0.0,1.0,23.56,28.5,11.55,1.44
823,2017-01-31,2017-01-31,121.15,121.39,120.62,121.35,115.3255,49200993.0,0.0,1.0,26.04,28.88,12.39,1.24
822,2017-02-01,2017-02-01,127.03,130.49,127.01,128.75,122.3581,111985040.0,0.0,1.0,30.07,31.92,14.49,2.8000000000000003
821,2017-02-02,2017-02-02,127.975,129.39,127.78,128.53,122.149,33710411.0,0.0,1.0,27.9,32.3,13.44,2.72
820,2017-02-03,2017-02-03,128.31,129.19,128.16,129.08,122.6717,24507301.0,0.0,1.0,26.97,33.44,12.39,2.6
819,2017-02-06,2017-02-06,129.13,130.5,128.9,130.29,123.8217,26845924.0,0.0,1.0,24.9,29.6,16.08,2.64
818,2017-02-07,2017-02-07,130.54,132.09,130.45,131.53,125.0001,38183841.0,0.0,1.0,26.4,29.97,16.56,3.04
817,2017-02-08,2017-02-08,131.35,132.22,131.22,132.04,125.4848,23004072.0,0.0,1.0,26.4,30.34,17.52,2.8000000000000003
816,2017-02-09,2017-02-09,131.65,132.445,131.12,132.42,126.3876,28349859.0,0.57,1.0,26.1,31.82,18.0,2.6
815,2017-02-10,2017-02-10,132.46,132.94,132.05,132.12,126.1013,20065458.0,0.0,1.0,26.1,31.45,18.96,2.52
814,2017-02-13,2017-02-13,133.08,133.82,132.75,133.29,127.218,23035421.0,0.0,1.0,26.7,30.34,19.68,3.0
813,2017-02-14,2017-02-14,133.47,135.09,133.25,135.02,128.8692,33226223.0,0.0,1.0,26.4,29.97,18.96,2.22
812,2017-02-15,2017-02-15,135.52,136.27,134.62,135.51,129.3369,35623100.0,0.0,1.0,26.4,31.08,18.72,1.89
811,2017-02-16,2017-02-16,135.67,135.9,134.8398,135.345,129.1794,22584555.0,0.0,1.0,25.5,28.86,17.52,1.83
810,2017-02-17,2017-02-17,135.1,135.83,135.1,135.72,129.5373,22198197.0,0.0,1.0,25.8,31.08,17.759999999999994,2.13
809,2017-02-21,2017-02-21,136.23,136.75,135.98,136.7,130.4727,24507156.0,0.0,1.0,26.66,33.06,14.07,1.59
808,2017-02-22,2017-02-22,136.43,137.12,136.11,137.11,130.864,20836932.0,0.0,1.0,26.97,33.06,14.28,1.74
807,2017-02-23,2017-02-23,137.38,137.48,136.3,136.53,130.3104,20788186.0,0.0,1.0,26.97,31.54,14.07,1.98
806,2017-02-24,2017-02-24,135.91,136.66,135.28,136.66,130.4345,21776585.0,0.0,1.0,28.21,32.3,15.33,1.86
805,2017-02-27,2017-02-27,137.14,137.435,136.28,136.93,130.6922,20257426.0,0.0,1.0,24.94,30.78,12.35,1.89
804,2017-02-28,2017-02-28,137.08,137.435,136.7,136.99,130.7494,23482860.0,0.0,1.0,24.94,32.3,11.02,1.77
803,2017-03-01,2017-03-01,137.89,140.15,137.595,139.79,133.4219,36414585.0,0.0,1.0,23.2,29.26,15.96,2.1
802,2017-03-02,2017-03-02,140.0,140.2786,138.76,138.96,132.6297,26210984.0,0.0,1.0,23.49,29.26,15.39,2.34
801,2017-03-03,2017-03-03,138.78,139.83,138.59,139.78,133.4123,21571121.0,0.0,1.0,22.91,28.5,15.01,2.58
800,2017-03-06,2017-03-06,139.365,139.77,138.5959,139.34,132.9924,21750044.0,0.0,1.0,25.5,31.20000000000001,15.58,2.04
799,2017-03-07,2017-03-07,139.06,139.98,138.79,139.52,133.1642,17446297.0,0.0,1.0,24.3,29.64,14.44,1.7999999999999998
798,2017-03-08,2017-03-08,138.95,139.8,138.82,139.0,132.6679,18707236.0,0.0,1.0,24.0,30.03,13.68,2.07
797,2017-03-09,2017-03-09,138.74,138.79,137.05,138.68,132.3625,22155904.0,0.0,1.0,24.0,28.86,15.2,2.13
796,2017-03-10,2017-03-10,139.25,139.3571,138.64,139.14,132.8015,19612801.0,0.0,1.0,24.0,30.03,14.82,1.83
795,2017-03-13,2017-03-13,138.85,139.43,138.82,139.2,132.8588,17421717.0,0.0,1.0,25.5,29.26,14.22,1.42
794,2017-03-14,2017-03-14,139.3,139.65,138.84,138.99,132.6583,15309065.0,0.0,1.0,24.0,29.64,12.6,1.0
793,2017-03-15,2017-03-15,139.41,140.7501,139.025,140.46,134.0614,25691774.0,0.0,1.0,24.0,28.88,12.42,1.18
792,2017-03-16,2017-03-16,140.72,141.02,140.26,140.69,134.2809,19231998.0,0.0,1.0,24.0,29.64,12.96,1.14
791,2017-03-17,2017-03-17,141.0,141.0,139.89,139.99,133.6128,43884952.0,0.0,1.0,23.7,29.26,12.96,1.58
790,2017-03-20,2017-03-20,140.4,141.5,140.23,141.46,135.0158,21542038.0,0.0,1.0,26.56,31.57,14.6,1.4
789,2017-03-21,2017-03-21,142.11,142.8,139.73,139.84,133.4696,39529912.0,0.0,1.0,32.0,37.31,15.8,1.46
788,2017-03-22,2017-03-22,139.845,141.6,139.76,141.42,134.9776,25860165.0,0.0,1.0,29.76,37.31,16.2,1.22
787,2017-03-23,2017-03-23,141.26,141.5844,140.61,140.92,134.5004,20346301.0,0.0,1.0,27.2,35.26,15.6,1.4
786,2017-03-24,2017-03-24,141.5,141.74,140.35,140.64,134.2332,22395563.0,0.0,1.0,28.8,36.08,16.0,1.3
785,2017-03-27,2017-03-27,139.39,141.22,138.62,140.88,134.4622,23575094.0,0.0,1.0,27.84,36.96,18.9,2.46
784,2017-03-28,2017-03-28,140.91,144.04,140.62,143.8,137.2492,33374805.0,0.0,1.0,28.8,36.12,19.11,3.0
783,2017-03-29,2017-03-29,143.68,144.49,143.19,144.12,137.5546,29189955.0,0.0,1.0,27.2,34.44,18.27,2.28
782,2017-03-30,2017-03-30,144.19,144.5,143.5,143.93,137.3733,21207252.0,0.0,1.0,26.88,36.12,17.009999999999998,1.98
781,2017-03-31,2017-03-31,143.72,144.27,143.01,143.66,137.1156,19661651.0,0.0,1.0,26.56,36.54,17.009999999999998,1.92
780,2017-04-03,2017-04-03,143.71,144.12,143.05,143.7,137.1538,19985714.0,0.0,1.0,27.6,32.76,20.02,2.94
779,2017-04-04,2017-04-04,143.25,144.89,143.17,144.77,138.175,19891354.0,0.0,1.0,27.6,32.76,20.68,2.52
778,2017-04-05,2017-04-05,144.22,145.46,143.81,144.02,137.4592,27717854.0,0.0,1.0,27.6,32.370000000000005,18.48,2.34
777,2017-04-06,2017-04-06,144.29,144.52,143.45,143.66,137.1156,21149034.0,0.0,1.0,26.7,32.370000000000005,17.82,2.19
776,2017-04-07,2017-04-07,143.73,144.18,143.27,143.34,136.8102,16658543.0,0.0,1.0,25.8,31.59,16.28,2.64
775,2017-04-10,2017-04-10,143.6,143.8792,142.9,143.17,136.6479,18933397.0,0.0,1.0,27.6,33.54,15.8,2.46
774,2017-04-11,2017-04-11,142.94,143.35,140.06,141.63,135.1781,30379376.0,0.0,1.0,25.8,32.370000000000005,15.4,2.58
773,2017-04-12,2017-04-12,141.6,142.15,141.01,141.8,135.3403,20350000.0,0.0,1.0,26.4,32.370000000000005,16.0,2.55
772,2017-04-13,2017-04-13,141.91,142.38,141.05,141.05,134.6245,17822880.0,0.0,1.0,28.2,32.370000000000005,16.400000000000002,2.64
771,2017-04-17,2017-04-17,141.48,141.88,140.87,141.83,135.369,16582094.0,0.0,1.0,27.6,32.68,15.4,2.37
770,2017-04-18,2017-04-18,141.41,142.04,141.11,141.2,134.7677,14697544.0,0.0,1.0,26.7,31.16,15.4,2.85
769,2017-04-19,2017-04-19,141.88,142.0,140.45,140.68,134.2713,17328375.0,0.0,1.0,25.5,30.78,16.2,2.37
768,2017-04-20,2017-04-20,141.22,142.92,141.16,142.44,135.9512,23319562.0,0.0,1.0,27.0,31.54,16.0,1.92
767,2017-04-21,2017-04-21,142.44,142.68,141.85,142.27,135.7889,17320928.0,0.0,1.0,26.1,32.68,15.4,2.79
766,2017-04-24,2017-04-24,143.5,143.95,143.18,143.64,137.0965,17116599.0,0.0,1.0,27.0,32.370000000000005,16.8,1.58
765,2017-04-25,2017-04-25,143.91,144.9,143.87,144.53,137.946,18216472.0,0.0,1.0,25.8,31.98,15.54,1.46
764,2017-04-26,2017-04-26,144.47,144.6,143.3762,143.68,137.1347,19614287.0,0.0,1.0,25.2,31.98,16.59,1.72
763,2017-04-27,2017-04-27,143.9225,144.16,143.31,143.79,137.2397,13948980.0,0.0,1.0,25.2,31.20000000000001,17.43,1.4
762,2017-04-28,2017-04-28,144.09,144.3,143.27,143.65,137.106,20247187.0,0.0,1.0,25.8,30.81,14.91,1.72
761,2017-05-01,2017-05-01,145.1,147.2,144.96,146.58,139.9026,32818760.0,0.0,1.0,26.7,30.02,11.44,1.34
760,2017-05-02,2017-05-02,147.54,148.09,146.84,147.51,140.7902,39752670.0,0.0,1.0,27.6,29.26,11.22,2.0
759,2017-05-03,2017-05-03,145.59,147.49,144.27,147.06,140.3607,45142806.0,0.0,1.0,27.6,30.78,11.88,1.68
758,2017-05-04,2017-05-04,146.52,147.14,145.81,146.53,139.8549,23275690.0,0.0,1.0,26.1,30.78,12.54,1.66
757,2017-05-05,2017-05-05,146.76,148.98,146.76,148.96,142.1742,26787359.0,0.0,1.0,25.2,30.78,11.88,1.34
756,2017-05-08,2017-05-08,149.03,153.7,149.03,153.01,146.0397,48339210.0,0.0,1.0,29.14,33.6,17.94,1.88
755,2017-05-09,2017-05-09,153.87,154.88,153.45,153.99,146.975,35942435.0,0.0,1.0,28.52,33.2,16.900000000000002,1.58
754,2017-05-10,2017-05-10,153.63,153.94,152.11,153.26,146.2783,25670456.0,0.0,1.0,27.59,32.0,16.900000000000002,1.68
753,2017-05-11,2017-05-11,152.45,154.07,152.31,153.95,147.5381,25596687.0,0.63,1.0,27.28,33.2,16.64,1.4
752,2017-05-12,2017-05-12,154.7,156.42,154.67,156.1,149.5986,32221756.0,0.0,1.0,27.9,34.0,17.16,1.72
751,2017-05-15,2017-05-15,156.01,156.65,155.05,155.7,149.2152,25700983.0,0.0,1.0,30.4,32.370000000000005,18.72,1.6
750,2017-05-16,2017-05-16,155.94,156.06,154.72,155.47,148.9948,19904679.0,0.0,1.0,29.44,31.98,15.6,1.68
749,2017-05-17,2017-05-17,153.6,154.57,149.71,150.25,143.9922,49482818.0,0.0,1.0,27.84,31.59,13.78,1.4
748,2017-05-18,2017-05-18,151.27,153.34,151.13,152.54,146.1869,33159664.0,0.0,1.0,27.2,31.20000000000001,14.04,1.6
747,2017-05-19,2017-05-19,153.38,153.98,152.63,153.06,146.6852,26733798.0,0.0,1.0,26.56,31.59,13.26,1.5
746,2017-05-22,2017-05-22,154.0,154.58,152.91,153.99,147.5765,22340069.0,0.0,1.0,25.8,32.370000000000005,12.54,1.4
745,2017-05-23,2017-05-23,154.9,154.9,153.31,153.8,147.3944,19430358.0,0.0,1.0,25.5,31.20000000000001,11.44,1.16
744,2017-05-24,2017-05-24,153.84,154.17,152.67,153.34,146.9535,19118319.0,0.0,1.0,25.5,31.59,11.22,1.34
743,2017-05-25,2017-05-25,153.73,154.35,153.03,153.87,147.4615,19044463.0,0.0,1.0,24.9,32.76,10.78,1.38
742,2017-05-26,2017-05-26,154.0,154.24,153.31,153.61,147.2123,21632202.0,0.0,1.0,25.8,33.54,12.1,1.52
741,2017-05-30,2017-05-30,153.42,154.43,153.33,153.67,147.2698,20034934.0,0.0,1.0,25.8,34.800000000000004,11.44,1.22
740,2017-05-31,2017-05-31,153.97,154.17,152.38,152.76,146.3977,23162873.0,0.0,1.0,24.3,32.4,10.56,1.7
739,2017-06-01,2017-06-01,153.17,153.33,152.22,153.18,146.8002,16180143.0,0.0,1.0,18.3,32.800000000000004,12.32,1.28
738,2017-06-02,2017-06-02,153.58,155.45,152.89,155.45,148.9757,27285861.0,0.0,1.0,18.9,33.6,13.42,1.14
737,2017-06-05,2017-06-05,154.34,154.45,153.46,153.93,147.519,24803858.0,0.0,1.0,36.0,37.8,16.560000000000002,2.28
736,2017-06-06,2017-06-06,153.9,155.81,153.78,154.45,148.0173,26249630.0,0.0,1.0,31.68,37.38,16.330000000000002,2.88
735,2017-06-07,2017-06-07,155.02,155.98,154.48,155.37,148.899,20678772.0,0.0,1.0,27.0,36.96,14.72,2.43
734,2017-06-08,2017-06-08,155.25,155.54,154.4,154.99,148.5348,20771367.0,0.0,1.0,23.76,35.28,14.72,2.19
733,2017-06-09,2017-06-09,155.19,155.19,146.02,148.98,142.7751,64882700.0,0.0,1.0,25.56,36.12,14.49,2.52
732,2017-06-12,2017-06-12,145.74,146.09,142.51,145.42,139.3634,71563614.0,0.0,1.0,23.1,36.96,18.75,1.96
731,2017-06-13,2017-06-13,147.16,147.45,145.15,146.59,140.4847,33749154.0,0.0,1.0,22.77,35.28,16.25,1.88
730,2017-06-14,2017-06-14,147.5,147.5,143.84,145.16,139.1142,31224203.0,0.0,1.0,22.77,35.28,18.25,1.54
729,2017-06-15,2017-06-15,143.32,144.4798,142.21,144.29,138.2805,31348832.0,0.0,1.0,22.11,36.12,18.25,2.0
728,2017-06-16,2017-06-16,143.78,144.5,142.2,142.27,136.3446,49180748.0,0.0,1.0,23.1,36.96,18.75,1.68
727,2017-06-19,2017-06-19,143.66,146.74,143.66,146.34,140.2451,31449132.0,0.0,1.0,23.36,39.56,18.75,2.76
726,2017-06-20,2017-06-20,146.87,146.87,144.94,145.01,138.9705,24572170.0,0.0,1.0,22.08,38.27,18.75,2.61
725,2017-06-21,2017-06-21,145.52,146.0693,144.61,145.87,139.7947,21064679.0,0.0,1.0,21.44,37.41,16.5,2.82
724,2017-06-22,2017-06-22,145.77,146.7,145.1199,145.63,139.5647,18673365.0,0.0,1.0,21.44,37.84,16.5,2.13
723,2017-06-23,2017-06-23,145.13,147.16,145.11,146.28,140.1876,25997976.0,0.0,1.0,20.48,39.13,16.0,2.37
722,2017-06-26,2017-06-26,147.17,148.28,145.38,145.82,139.7467,25524661.0,0.0,1.0,21.08,36.96,14.52,1.78
721,2017-06-27,2017-06-27,145.01,146.16,143.62,143.73,137.7438,24423643.0,0.0,1.0,21.7,37.8,14.3,1.58
720,2017-06-28,2017-06-28,144.49,146.11,143.1601,145.83,139.7563,21915939.0,0.0,1.0,20.77,37.8,14.08,1.52
719,2017-06-29,2017-06-29,144.71,145.13,142.28,143.68,137.6959,31116980.0,0.0,1.0,20.77,40.32,13.42,1.78
718,2017-06-30,2017-06-30,144.45,144.96,143.78,144.02,138.0217,22328979.0,0.0,1.0,20.46,39.06,14.3,1.38
717,2017-07-03,2017-07-03,144.88,145.3,143.1,143.5,137.5234,14258300.0,0.0,1.0,28.83,38.27,17.009999999999998,1.12
716,2017-07-05,2017-07-05,143.69,144.79,142.7237,144.09,138.0888,20758795.0,0.0,1.0,27.28,40.85,16.169999999999998,1.2
715,2017-07-06,2017-07-06,143.02,143.5,142.41,142.73,136.7854,23374374.0,0.0,1.0,27.59,41.28,15.96,1.04
714,2017-07-07,2017-07-07,142.9,144.75,142.9,144.18,138.175,18505351.0,0.0,1.0,27.59,40.42,17.64,0.96
713,2017-07-10,2017-07-10,144.11,145.95,143.37,145.06,139.0184,21030466.0,0.0,1.0,28.21,37.8,18.04,0.94
712,2017-07-11,2017-07-11,144.73,145.85,144.38,145.53,139.4688,18311156.0,0.0,1.0,29.14,38.64,20.68,1.48
711,2017-07-12,2017-07-12,145.87,146.18,144.82,145.74,139.6701,23617964.0,0.0,1.0,28.83,40.74,18.7,1.38
710,2017-07-13,2017-07-13,145.5,148.49,145.44,147.77,141.6155,24922788.0,0.0,1.0,27.59,38.64,18.7,1.66
709,2017-07-14,2017-07-14,147.97,149.33,147.33,149.04,142.8326,19961788.0,0.0,1.0,27.9,37.38,18.7,1.68
708,2017-07-17,2017-07-17,148.82,150.9,148.57,149.56,143.33100000000005,23243713.0,0.0,1.0,28.52,38.22,19.8,1.76
707,2017-07-18,2017-07-18,149.2,150.13,148.67,150.08,143.8293,17713795.0,0.0,1.0,27.59,37.8,18.26,1.5
706,2017-07-19,2017-07-19,150.48,151.42,149.95,151.02,144.7302,20615419.0,0.0,1.0,28.52,37.38,18.92,1.3
705,2017-07-20,2017-07-20,151.5,151.74,150.19,150.34,144.0785,17053326.0,0.0,1.0,26.97,37.8,18.92,1.44
704,2017-07-21,2017-07-21,149.99,150.44,148.88,150.27,144.0114,24671002.0,0.0,1.0,27.59,36.96,18.92,1.5
703,2017-07-24,2017-07-24,150.58,152.44,149.9,152.09,145.7556,21122730.0,0.0,1.0,30.08,39.56,20.9,2.46
702,2017-07-25,2017-07-25,151.8,153.84,151.8,152.74,146.3785,18612649.0,0.0,1.0,30.08,38.7,18.7,2.22
701,2017-07-26,2017-07-26,153.35,153.93,153.06,153.46,147.0685,15172136.0,0.0,1.0,29.12,38.7,18.7,1.92
700,2017-07-27,2017-07-27,153.75,153.99,147.3,150.56,144.2893,32175875.0,0.0,1.0,29.44,38.27,19.14,2.55
699,2017-07-28,2017-07-28,149.89,150.23,149.19,149.5,143.2735,16832947.0,0.0,1.0,28.8,38.7,18.26,3.0
698,2017-07-31,2017-07-31,149.9,150.33,148.13,148.73,142.5355,19422655.0,0.0,1.0,30.69,39.99,20.01,1.74
697,2017-08-01,2017-08-01,149.1,150.22,148.41,150.05,143.8006,24725526.0,0.0,1.0,31.35,37.84,17.48,2.82
696,2017-08-02,2017-08-02,159.28,159.75,156.16,157.14,150.5953,69222793.0,0.0,1.0,31.68,38.27,19.55,2.43
695,2017-08-03,2017-08-03,157.05,157.21,155.02,155.57,149.0907,26000738.0,0.0,1.0,30.69,37.41,20.01,2.31
694,2017-08-04,2017-08-04,156.07,157.4,155.69,156.39,149.8765,20349532.0,0.0,1.0,30.03,38.27,18.630000000000006,3.0
693,2017-08-07,2017-08-07,157.06,158.92,156.6701,158.81,152.1957,21870321.0,0.0,1.0,30.4,38.7,20.93,2.19
692,2017-08-08,2017-08-08,158.6,161.83,158.27,160.08,153.4128,35775675.0,0.0,1.0,29.12,37.84,19.09,2.22
691,2017-08-09,2017-08-09,159.26,161.27,159.11,161.06,154.352,25640394.0,0.0,1.0,30.4,37.84,18.86,2.55
690,2017-08-10,2017-08-10,159.9,160.0,154.63,155.32,149.4548,39081017.0,0.63,1.0,28.8,37.84,18.4,2.49
689,2017-08-11,2017-08-11,156.6,158.5728,156.07,157.48,151.5333,25943187.0,0.0,1.0,29.12,37.41,19.78,2.7
688,2017-08-14,2017-08-14,159.32,160.21,158.75,159.85,153.8138,21754810.0,0.0,1.0,30.36000000000001,36.12,18.630000000000006,1.89
687,2017-08-15,2017-08-15,160.66,162.195,160.14,161.6,155.4977,27936774.0,0.0,1.0,30.69,36.96,19.32,2.85
686,2017-08-16,2017-08-16,161.94,162.51,160.15,160.95,154.8722,27321761.0,0.0,1.0,30.36000000000001,35.7,19.32,2.46
685,2017-08-17,2017-08-17,160.52,160.71,157.84,157.86,151.8989,26925694.0,0.0,1.0,29.70000000000001,36.12,18.86,2.13
684,2017-08-18,2017-08-18,157.86,159.5,156.72,157.5,151.5525,27012525.0,0.0,1.0,29.37,35.7,17.25,2.73
683,2017-08-21,2017-08-21,157.5,157.89,155.1101,157.21,151.2735,26145653.0,0.0,1.0,25.92,43.0,15.54,1.1
682,2017-08-22,2017-08-22,158.23,160.0,158.02,159.78,153.7464,21297812.0,0.0,1.0,29.44,38.27,16.169999999999998,1.58
681,2017-08-23,2017-08-23,159.07,160.47,158.88,159.98,153.9389,19198189.0,0.0,1.0,29.76,37.41,16.38,1.86
680,2017-08-24,2017-08-24,160.43,160.74,158.55,159.27,153.2557,19029621.0,0.0,1.0,29.44,36.98,15.96,1.9
679,2017-08-25,2017-08-25,159.65,160.56,159.27,159.86,153.8234,25015218.0,0.0,1.0,29.44,35.69,16.8,1.48
678,2017-08-28,2017-08-28,160.14,162.0,159.93,161.47,155.3726,25279674.0,0.0,1.0,30.03,36.98,15.6,1.4
677,2017-08-29,2017-08-29,160.1,163.12,160.0,162.91,156.7582,29307862.0,0.0,1.0,31.35,36.55,15.4,1.62
676,2017-08-30,2017-08-30,163.8,163.89,162.61,163.35,157.1816,26973946.0,0.0,1.0,29.37,36.98,15.2,1.66
675,2017-08-31,2017-08-31,163.64,164.52,163.48,164.0,157.8071,26412439.0,0.0,1.0,30.69,36.98,14.8,1.76
674,2017-09-01,2017-09-01,164.8,164.94,163.63,164.05,157.8552,16508568.0,0.0,1.0,9.24,9.89,5.6000000000000005,0.72
673,2017-09-05,2017-09-05,163.75,164.25,160.56,162.08,155.9596,29317054.0,0.0,1.0,8.58,9.46,5.46,1.14
672,2017-09-06,2017-09-06,162.71,162.99,160.52,161.91,155.796,21179047.0,0.0,1.0,8.58,9.46,6.3,0.99
671,2017-09-07,2017-09-07,162.09,162.24,160.36,161.26,155.1705,21722995.0,0.0,1.0,8.25,9.03,5.25,0.93
670,2017-09-08,2017-09-08,160.86,161.15,158.53,158.63,152.6398,28183159.0,0.0,1.0,8.25,9.03,5.46,1.11
669,2017-09-11,2017-09-11,160.5,162.05,159.89,161.5,155.4015,31028926.0,0.0,1.0,17.11,26.0,11.73,1.8
668,2017-09-12,2017-09-12,162.61,163.96,158.77,160.86,154.7856,71139119.0,0.0,1.0,59.0,100.0,51.0,4.65
667,2017-09-13,2017-09-13,159.87,159.96,157.91,159.65,153.6213,44393752.0,0.0,1.0,34.22,82.0,49.47,5.0
666,2017-09-14,2017-09-14,158.99,159.4,158.09,158.28,152.3031,23073646.0,0.0,1.0,23.01,44.0,33.660000000000004,3.25
665,2017-09-15,2017-09-15,158.47,160.97,158.0,159.88,153.8426,48203642.0,0.0,1.0,25.37,42.0,43.86,3.8
664,2017-09-18,2017-09-18,160.11,160.5,157.995,158.67,152.6783,27939718.0,0.0,1.0,15.75,16.52,21.93,3.65
663,2017-09-19,2017-09-19,159.51,159.77,158.44,158.73,152.7361,20347352.0,0.0,1.0,15.3,16.52,19.35,3.1500000000000004
662,2017-09-20,2017-09-20,157.9,158.26,153.83,156.07,150.1765,51693239.0,0.0,1.0,16.2,17.7,24.51,3.1500000000000004
661,2017-09-21,2017-09-21,155.8,155.8,152.75,153.39,147.5977,36643382.0,0.0,1.0,15.75,16.52,21.93,3.45
660,2017-09-22,2017-09-22,152.02,152.27,150.56,151.89,146.1544,46114424.0,0.0,1.0,17.55,20.65,26.23,2.9000000000000004
659,2017-09-25,2017-09-25,149.99,151.83,149.16,150.55,144.865,43922334.0,0.0,1.0,15.4,16.5,22.4,2.64
658,2017-09-26,2017-09-26,151.78,153.92,151.69,153.14,147.3572,35470985.0,0.0,1.0,14.96,15.400000000000002,23.6,2.4
657,2017-09-27,2017-09-27,153.8,154.7189,153.54,154.23,148.406,24959552.0,0.0,1.0,14.96,14.85,19.200000000000006,2.32
656,2017-09-28,2017-09-28,153.89,154.28,152.7,153.28,147.4919,21896592.0,0.0,1.0,14.52,14.3,19.6,2.36
655,2017-09-29,2017-09-29,153.21,154.13,152.0,154.12,148.3002,25856530.0,0.0,1.0,14.96,14.3,17.2,2.04
654,2017-10-02,2017-10-02,154.26,154.45,152.72,153.81,148.0019,18524860.0,0.0,1.0,30.34,28.91,25.28,2.76
653,2017-10-03,2017-10-03,154.01,155.09,153.91,154.48,148.6466,16146388.0,0.0,1.0,30.34,27.93,24.96,2.72
652,2017-10-04,2017-10-04,153.63,153.86,152.46,153.48,147.6843,19844177.0,0.0,1.0,30.75,28.91,24.96,3.68
651,2017-10-05,2017-10-05,154.18,155.44,154.05,155.39,149.5222,21032800.0,0.0,1.0,30.75,28.42,27.2,3.76
650,2017-10-06,2017-10-06,154.97,155.49,154.56,155.3,149.4356,16423749.0,0.0,1.0,31.57,28.42,27.84,3.2
649,2017-10-09,2017-10-09,155.81,156.73,155.485,155.84,149.9552,16200129.0,0.0,1.0,30.8,28.8,24.8,2.96
648,2017-10-10,2017-10-10,156.055,158.0,155.1,155.9,150.0129,15456331.0,0.0,1.0,28.4,26.88,23.56,2.96
647,2017-10-11,2017-10-11,155.97,156.98,155.75,156.55,150.6384,16607693.0,0.0,1.0,28.8,26.4,22.63,3.6
646,2017-10-12,2017-10-12,156.35,157.37,155.7299,156.0,150.1092,16045720.0,0.0,1.0,28.0,25.92,23.87,3.24
645,2017-10-13,2017-10-13,156.73,157.28,156.41,156.99,151.0618,16287608.0,0.0,1.0,28.4,26.88,24.49,2.76
644,2017-10-16,2017-10-16,157.9,160.0,157.65,159.88,153.8426,23894630.0,0.0,1.0,28.86,26.68,23.7,2.84
643,2017-10-17,2017-10-17,159.78,160.87,159.23,160.47,154.4104,18816438.0,0.0,1.0,27.69,25.76,23.1,3.16
642,2017-10-18,2017-10-18,160.42,160.71,159.6,159.76,153.7272,16158659.0,0.0,1.0,27.3,25.76,24.0,2.24
641,2017-10-19,2017-10-19,156.75,157.08,155.02,155.98,150.0899,42111326.0,0.0,1.0,27.69,25.3,22.8,2.8000000000000003
640,2017-10-20,2017-10-20,156.61,157.75,155.96,156.25,150.3497,23612246.0,0.0,1.0,28.08,25.3,22.8,3.0
639,2017-10-23,2017-10-23,156.89,157.69,155.5,156.17,150.2727,21654461.0,0.0,1.0,29.52,33.040000000000006,23.4,2.96
638,2017-10-24,2017-10-24,156.29,157.42,156.2,157.1,151.1676,17137731.0,0.0,1.0,28.7,33.040000000000006,20.7,2.48
637,2017-10-25,2017-10-25,156.91,157.55,155.27,156.41,150.5037,20126554.0,0.0,1.0,28.29,33.040000000000006,21.6,2.6
636,2017-10-26,2017-10-26,157.23,157.8295,156.78,157.41,151.4659,16751691.0,0.0,1.0,29.52,35.28,23.7,3.08
635,2017-10-27,2017-10-27,159.29,163.6,158.7,163.05,156.8929,43904150.0,0.0,1.0,39.77,56.00000000000001,23.1,3.16
634,2017-10-30,2017-10-30,163.89,168.07,163.72,166.72,160.4244,43923292.0,0.0,1.0,26.52,36.6,20.7,2.64
633,2017-10-31,2017-10-31,167.9,169.6499,166.94,169.04,162.6567,35474672.0,0.0,1.0,26.52,36.6,19.2,2.88
632,2017-11-01,2017-11-01,169.87,169.94,165.61,166.89,160.5879,33100847.0,0.0,1.0,18.33,34.2,6.9,1.12
631,2017-11-02,2017-11-02,167.64,168.5,165.28,168.11,161.7619,32710040.0,0.0,1.0,18.72,36.0,7.5,1.2
630,2017-11-03,2017-11-03,174.0,174.26,171.12,172.5,165.9861,58683826.0,0.0,1.0,21.84,51.6,8.4,1.24
629,2017-11-06,2017-11-06,172.365,174.99,171.72,174.25,167.67,34242566.0,0.0,1.0,20.5,48.75,8.84,1.65
628,2017-11-07,2017-11-07,173.91,175.25,173.6,174.81,168.2089,23910914.0,0.0,1.0,21.73,46.8,9.52,1.9
627,2017-11-08,2017-11-08,174.66,176.24,174.33,176.24,169.5849,24409527.0,0.0,1.0,20.91,44.2,9.52,1.55
626,2017-11-09,2017-11-09,175.11,176.095,173.14,175.88,169.2385,28636531.0,0.0,1.0,20.91,43.55,9.18,1.9
625,2017-11-10,2017-11-10,175.11,175.38,174.27,174.67,168.6804,25061183.0,0.63,1.0,22.14,45.5,9.86,1.8
624,2017-11-13,2017-11-13,173.5,174.5,173.4,173.97,168.0044,16828025.0,0.0,1.0,20.91,36.54,10.8,1.9
623,2017-11-14,2017-11-14,173.04,173.48,171.18,171.34,165.4645,23588451.0,0.0,1.0,20.5,35.37999999999999,10.8,1.6
622,2017-11-15,2017-11-15,169.97,170.3197,168.38,169.08,163.282,28702351.0,0.0,1.0,20.5,37.7,10.44,1.9
621,2017-11-16,2017-11-16,171.18,171.87,170.3,171.1,165.2328,23497326.0,0.0,1.0,20.91,37.12,10.8,1.6
620,2017-11-17,2017-11-17,171.04,171.39,169.64,170.15,164.3154,21665811.0,0.0,1.0,20.91,35.96,10.8,1.8
619,2017-11-20,2017-11-20,170.29,170.56,169.56,169.98,164.1512,15974387.0,0.0,1.0,34.22,40.95,25.35,3.52
618,2017-11-21,2017-11-21,170.78,173.7,170.78,173.14,167.2028,24875471.0,0.0,1.0,36.54,40.95,24.05,3.28
617,2017-11-22,2017-11-22,173.36,175.0,173.05,174.96,168.9604,24997274.0,0.0,1.0,46.4,43.55,28.6,3.76
616,2017-11-24,2017-11-24,175.1,175.5,174.6459,174.97,168.9701,14026519.0,0.0,1.0,53.94,57.85,65.0,7.92
615,2017-11-27,2017-11-27,175.05,175.08,173.34,174.09,168.1202,20536313.0,0.0,1.0,28.81,38.08000000000001,33.15,9.0
614,2017-11-28,2017-11-28,174.3,174.87,171.86,173.07,167.1352,25468442.0,0.0,1.0,23.65,33.6,23.97,5.58
613,2017-11-29,2017-11-29,172.63,172.92,167.16,169.48,163.6683,40788324.0,0.0,1.0,21.5,33.040000000000006,17.34,4.59
612,2017-11-30,2017-11-30,170.43,172.14,168.44,171.85,165.9571,40172368.0,0.0,1.0,20.64,31.92,17.85,4.41
611,2017-12-01,2017-12-01,169.95,171.67,168.5,171.05,165.1845,39590080.0,0.0,1.0,21.07,33.6,10.71,2.52
610,2017-12-04,2017-12-04,172.48,172.62,169.63,169.8,163.9774,32115052.0,0.0,1.0,19.38,32.33,9.43,2.3800000000000003
609,2017-12-05,2017-12-05,169.06,171.52,168.4,169.64,163.8228,27008428.0,0.0,1.0,19.38,31.270000000000003,9.02,2.5900000000000003
608,2017-12-06,2017-12-06,167.5,170.2047,166.46,169.01,163.2144,28224357.0,0.0,1.0,18.62,30.74,8.61,2.5200000000000005
607,2017-12-07,2017-12-07,169.03,170.44,168.91,169.32,163.5138,24469613.0,0.0,1.0,18.24,30.21,8.61,2.3800000000000003
606,2017-12-08,2017-12-08,170.49,171.0,168.82,169.37,163.5621,23096872.0,0.0,1.0,18.24,30.74,8.61,2.3800000000000003
605,2017-12-11,2017-12-11,169.2,172.89,168.79,172.67,166.7489,33092051.0,0.0,1.0,19.11,29.64,10.58,3.8
604,2017-12-12,2017-12-12,172.15,172.39,171.46099999999996,171.7,165.8122,18945457.0,0.0,1.0,19.11,30.16,10.58,4.4
603,2017-12-13,2017-12-13,172.5,173.54,172.0,172.27,166.3627,23142242.0,0.0,1.0,18.33,29.12,10.58,3.9
602,2017-12-14,2017-12-14,172.4,173.13,171.65,172.22,166.3144,20219307.0,0.0,1.0,19.11,28.6,10.12,4.4
601,2017-12-15,2017-12-15,173.63,174.17,172.46,173.97,168.0044,37054632.0,0.0,1.0,19.5,29.64,11.5,4.2
600,2017-12-18,2017-12-18,174.88,177.2,174.86,176.42,170.3703,28831533.0,0.0,1.0,24.75,33.6,14.580000000000002,6.16
599,2017-12-19,2017-12-19,175.03,175.39,174.09,174.54,168.5548,27078872.0,0.0,1.0,24.75,33.6,15.12,5.94
598,2017-12-20,2017-12-20,174.87,175.42,173.25,174.35,168.3713,23000392.0,0.0,1.0,24.75,33.040000000000006,14.580000000000002,5.72
597,2017-12-21,2017-12-21,174.17,176.02,174.1,175.01,169.0087,20356826.0,0.0,1.0,27.0,36.40000000000001,15.12,6.05
596,2017-12-22,2017-12-22,174.68,175.424,174.5,175.01,169.0087,16052615.0,0.0,1.0,28.8,37.52,16.740000000000002,5.39
595,2017-12-26,2017-12-26,170.8,171.47,169.679,170.57,164.7209,32968167.0,0.0,1.0,48.72000000000001,58.08000000000001,72.54,9.75
594,2017-12-27,2017-12-27,170.1,170.78,169.71,170.6,164.7499,21672062.0,0.0,1.0,42.56,50.82,45.57,7.15
593,2017-12-28,2017-12-28,171.0,171.85,170.48,171.08,165.2135,15997739.0,0.0,1.0,38.08000000000001,44.88,37.2,6.11
592,2017-12-29,2017-12-29,170.52,170.59,169.22,169.23,163.4269,25643711.0,0.0,1.0,38.08000000000001,47.52,32.550000000000004,5.59
591,2018-01-02,2018-01-02,170.16,172.3,169.26,172.26,166.35299999999995,25048048.0,0.0,1.0,40.74,48.45,42.14,6.32
590,2018-01-03,2018-01-03,172.53,174.55,171.96,172.23,166.324,28819653.0,0.0,1.0,38.22,46.41,43.0,7.92
589,2018-01-04,2018-01-04,172.54,173.47,172.08,173.03,167.0966,22211345.0,0.0,1.0,38.64,44.88,38.27,6.8
588,2018-01-05,2018-01-05,173.44,175.37,173.05,175.0,168.99900000000005,23016177.0,0.0,1.0,39.9,45.9,35.26,6.5600000000000005
587,2018-01-08,2018-01-08,174.35,175.61,173.93,174.35,168.3713,20134092.0,0.0,1.0,30.96,36.9,28.0,6.3000000000000025
586,2018-01-09,2018-01-09,174.55,175.06,173.41,174.33,168.352,21262614.0,0.0,1.0,29.88,36.0,26.95,6.0900000000000025
585,2018-01-10,2018-01-10,173.16,174.3,173.0,174.29,168.3134,23589129.0,0.0,1.0,30.24,36.0,27.3,5.74
584,2018-01-11,2018-01-11,174.59,175.4886,174.49,175.28,169.2694,17523256.0,0.0,1.0,29.16,35.55000000000001,24.85,5.670000000000001
583,2018-01-12,2018-01-12,176.18,177.36,175.65,177.09,171.0174,25039531.0,0.0,1.0,28.44,35.55000000000001,24.15,5.74
582,2018-01-16,2018-01-16,177.9,179.39,176.14,176.19,170.1482,29159005.0,0.0,1.0,28.08,32.25,19.5,4.9700000000000015
581,2018-01-17,2018-01-17,176.15,179.25,175.07,179.1,172.9584,32752734.0,0.0,1.0,28.44,31.82,18.9,5.1800000000000015
580,2018-01-18,2018-01-18,179.37,180.1,178.25,179.26,173.113,30234512.0,0.0,1.0,30.96,31.82,17.7,5.670000000000001
579,2018-01-19,2018-01-19,178.61,179.58,177.41,178.46,172.3404,30827809.0,0.0,1.0,28.8,30.96,18.3,5.670000000000001
578,2018-01-22,2018-01-22,177.3,177.78,176.6016,177.0,170.9305,26023683.0,0.0,1.0,27.65,32.76,18.6,5.3900000000000015
577,2018-01-23,2018-01-23,177.3,179.44,176.82,177.04,170.9691,31702531.0,0.0,1.0,28.35,31.92,20.1,5.32
576,2018-01-24,2018-01-24,177.25,177.3,173.2,174.22,168.2458,50562257.0,0.0,1.0,27.65,31.08,20.1,5.8100000000000005
575,2018-01-25,2018-01-25,174.505,174.95,170.53,171.11,165.2424,39661804.0,0.0,1.0,28.7,31.08,19.2,5.6000000000000005
574,2018-01-26,2018-01-26,172.0,172.0,170.06,171.51,165.6287,37121805.0,0.0,1.0,28.35,30.24,18.0,5.53
573,2018-01-29,2018-01-29,170.16,170.16,167.07,167.96,162.2004,48434424.0,0.0,1.0,26.86000000000001,29.6,17.01,5.670000000000001
572,2018-01-30,2018-01-30,165.525,167.37,164.7,166.97,161.2444,45137026.0,0.0,1.0,26.86000000000001,28.8,16.200000000000006,5.250000000000001
571,2018-01-31,2018-01-31,166.87,168.4417,166.5,167.43,161.6886,30984099.0,0.0,1.0,26.180000000000003,28.8,16.200000000000006,5.040000000000001
570,2018-02-01,2018-02-01,167.165,168.62,166.76,167.78,162.0266,38099665.0,0.0,1.0,31.28,30.8,16.740000000000002,5.95
569,2018-02-02,2018-02-02,166.0,166.8,160.1,160.5,154.9963,85436075.0,0.0,1.0,30.94,32.4,18.36,6.580000000000001
568,2018-02-05,2018-02-05,159.1,163.88,156.0,156.49,151.1238,66090446.0,0.0,1.0,28.56,28.8,18.56,4.98
567,2018-02-06,2018-02-06,154.83,163.72,154.0,163.03,157.4395,66625484.0,0.0,1.0,30.26,30.8,19.43,5.1
566,2018-02-07,2018-02-07,163.085,163.4,159.0685,159.54,154.0692,50852130.0,0.0,1.0,30.6,32.0,20.01,5.279999999999999
565,2018-02-08,2018-02-08,160.29,161.0,155.03,155.15,149.8297,49594129.0,0.0,1.0,30.26,32.800000000000004,20.88,5.279999999999999
564,2018-02-09,2018-02-09,157.07,157.89,150.24,156.41,151.6549,66723743.0,0.63,1.0,30.94,32.800000000000004,21.46,5.819999999999999
563,2018-02-12,2018-02-12,158.5,163.89,157.51,162.71,157.7634,60560145.0,0.0,1.0,30.36000000000001,31.20000000000001,25.6,6.5100000000000025
562,2018-02-13,2018-02-13,161.95,164.75,161.65,164.34,159.3438,32104756.0,0.0,1.0,29.04000000000001,29.6,26.88,7.000000000000001
561,2018-02-14,2018-02-14,163.045,167.54,162.88,167.37,162.2817,39669178.0,0.0,1.0,28.05,30.0,24.64,6.0200000000000005
560,2018-02-15,2018-02-15,169.79,173.09,169.0,172.99,167.7309,50609595.0,0.0,1.0,28.05,30.4,24.64,6.9300000000000015
559,2018-02-16,2018-02-16,172.36,174.82,171.77,172.43,167.1879,39638793.0,0.0,1.0,27.72,30.4,24.64,6.0900000000000025
558,2018-02-20,2018-02-20,172.05,174.26,171.42,171.85,166.6255,33531012.0,0.0,1.0,27.06,31.6,21.39,6.23
557,2018-02-21,2018-02-21,172.83,174.12,171.01,171.07,165.8692,35833514.0,0.0,1.0,27.72,30.8,23.56,6.23
556,2018-02-22,2018-02-22,171.8,173.95,171.71,172.5,167.2557,30504116.0,0.0,1.0,27.72,32.0,21.7,6.790000000000001
555,2018-02-23,2018-02-23,173.67,175.65,173.54,175.5,170.1645,33329232.0,0.0,1.0,27.39,33.2,23.25,6.370000000000001
554,2018-02-26,2018-02-26,176.35,179.39,176.21,178.97,173.5291,36886432.0,0.0,1.0,28.38000000000001,32.800000000000004,23.1,6.0900000000000025
553,2018-02-27,2018-02-27,179.1,180.48,178.16,178.39,172.9667,38685165.0,0.0,1.0,28.71,32.4,22.2,6.5100000000000025
552,2018-02-28,2018-02-28,179.26,180.615,178.05,178.12,172.7049,33604574.0,0.0,1.0,28.38000000000001,32.0,21.9,6.44
551,2018-03-01,2018-03-01,178.54,179.775,172.66,175.0,169.6797,48801970.0,0.0,1.0,26.73,31.6,24.3,5.53
550,2018-03-02,2018-03-02,172.8,176.3,172.45,176.21,170.85299999999995,38453950.0,0.0,1.0,26.4,32.4,25.2,5.880000000000001
549,2018-03-05,2018-03-05,175.21,177.74,174.52,176.82,171.4444,28401366.0,0.0,1.0,25.28,31.6,23.8,4.74
548,2018-03-06,2018-03-06,177.91,178.25,176.13,176.67,171.299,23788506.0,0.0,1.0,25.92,32.0,22.4,4.5
547,2018-03-07,2018-03-07,174.94,175.85,174.27,175.03,169.7088,31703462.0,0.0,1.0,25.28,31.20000000000001,22.4,4.38
546,2018-03-08,2018-03-08,175.48,177.12,175.07,176.94,171.5608,23163767.0,0.0,1.0,25.6,32.4,21.000000000000004,4.8
545,2018-03-09,2018-03-09,177.96,180.0,177.39,179.98,174.5083,31385134.0,0.0,1.0,25.92,32.0,21.56,5.88
544,2018-03-12,2018-03-12,180.29,182.39,180.21,181.72,176.1954,32055405.0,0.0,1.0,25.11,32.4,21.33,4.62
543,2018-03-13,2018-03-13,182.59,183.5,179.24,179.97,174.4987,31168404.0,0.0,1.0,25.42,31.20000000000001,20.790000000000006,4.98
542,2018-03-14,2018-03-14,180.32,180.52,177.81,178.44,173.0152,29075469.0,0.0,1.0,24.8,31.6,18.630000000000006,4.38
541,2018-03-15,2018-03-15,178.5,180.24,178.0701,178.65,173.2188,22584565.0,0.0,1.0,24.18,31.6,19.71,4.62
540,2018-03-16,2018-03-16,178.65,179.12,177.62,178.02,172.6079,36836456.0,0.0,1.0,25.11,33.2,20.520000000000003,4.26
539,2018-03-19,2018-03-19,177.32,177.47,173.66,175.3,169.9706,32804695.0,0.0,1.0,25.73,34.0,20.02,5.58
538,2018-03-20,2018-03-20,175.24,176.8,174.94,175.24,169.9124,19314039.0,0.0,1.0,24.18,32.0,18.98,5.04
537,2018-03-21,2018-03-21,175.04,175.09,171.26,171.27,166.0631,35247358.0,0.0,1.0,24.49,33.2,19.76,4.62
536,2018-03-22,2018-03-22,170.0,172.68,168.6,168.85,163.7167,41051076.0,0.0,1.0,24.8,32.800000000000004,19.76,5.4
535,2018-03-23,2018-03-23,168.39,169.92,164.94,164.94,159.9256,40248954.0,0.0,1.0,24.8,32.4,18.98,4.859999999999999
534,2018-03-26,2018-03-26,168.07,173.1,166.44,172.77,167.5175,36272617.0,0.0,1.0,28.9,32.39,22.96,5.670000000000001
533,2018-03-27,2018-03-27,173.68,175.15,166.92,168.34,163.2222,38962839.0,0.0,1.0,34.0,35.26,22.12,6.370000000000001
532,2018-03-28,2018-03-28,167.25,170.02,165.19,166.48,161.4188,41668545.0,0.0,1.0,29.92,33.62,20.44,6.23
531,2018-03-29,2018-03-29,167.805,171.75,166.9,167.78,162.6792,38398505.0,0.0,1.0,28.22,33.62,21.28,6.16
530,2018-04-02,2018-04-02,167.88,168.94,164.47,166.68,161.6127,37586791.0,0.0,1.0,30.08,34.71,20.28,5.53
529,2018-04-03,2018-04-03,167.64,168.7455,164.88,168.39,163.2707,30278046.0,0.0,1.0,29.76,32.76,20.8,6.0900000000000025
528,2018-04-04,2018-04-04,164.88,172.01,164.77,171.61,166.3928,34605489.0,0.0,1.0,28.8,33.15,21.32,5.53
527,2018-04-05,2018-04-05,172.58,174.2304,172.08,172.8,167.5466,26933197.0,0.0,1.0,28.48,31.98,20.02,5.11
526,2018-04-06,2018-04-06,170.97,172.48,168.2,168.38,163.261,35005290.0,0.0,1.0,27.52,32.370000000000005,18.2,5.74
525,2018-04-09,2018-04-09,169.88,173.09,169.845,170.05,164.8802,29017718.0,0.0,1.0,29.76,33.93,25.65,7.000000000000001
524,2018-04-10,2018-04-10,173.0,174.0,171.53,173.25,167.9829,28614241.0,0.0,1.0,29.12,32.370000000000005,21.33,6.370000000000001
523,2018-04-11,2018-04-11,172.23,173.9232,171.7,172.44,167.1976,22431640.0,0.0,1.0,29.44,32.370000000000005,20.790000000000006,6.5100000000000025
522,2018-04-12,2018-04-12,173.41,175.0,173.04,174.14,168.8459,22889285.0,0.0,1.0,28.48,31.20000000000001,19.98,5.8100000000000005
521,2018-04-13,2018-04-13,174.78,175.84,173.85,174.73,169.418,25124255.0,0.0,1.0,28.16,32.370000000000005,21.06,6.0900000000000025
520,2018-04-16,2018-04-16,175.0301,176.19,174.8301,175.82,170.4748,21578420.0,0.0,1.0,26.4,32.3,20.520000000000003,5.880000000000001
519,2018-04-17,2018-04-17,176.49,178.9365,176.41,178.24,172.8212,26605442.0,0.0,1.0,26.1,31.16,19.71,5.53
518,2018-04-18,2018-04-18,177.81,178.82,176.88,177.84,172.4334,20754538.0,0.0,1.0,26.1,31.54,20.520000000000003,6.370000000000001
517,2018-04-19,2018-04-19,174.95,175.39,172.66,172.8,167.5466,34808800.0,0.0,1.0,26.7,32.3,20.790000000000006,6.16
516,2018-04-20,2018-04-20,170.595,171.2184,165.43,165.72,160.6819,65491140.0,0.0,1.0,27.6,30.78,19.71,5.880000000000001
515,2018-04-23,2018-04-23,166.8348,166.92,164.09,165.24,160.2165,36515477.0,0.0,1.0,27.59,31.45,22.12,5.8100000000000005
514,2018-04-24,2018-04-24,165.67,166.33,161.2201,162.94,157.9864,33692017.0,0.0,1.0,28.21,29.97,23.24,6.23
513,2018-04-25,2018-04-25,162.62,165.42,162.41,163.65,158.6748,28382084.0,0.0,1.0,26.97,29.6,21.000000000000004,5.1800000000000015
512,2018-04-26,2018-04-26,164.12,165.73,163.37,164.22,159.2275,27963014.0,0.0,1.0,26.04,29.6,21.56,5.53
511,2018-04-27,2018-04-27,164.0,164.33,160.63,162.32,157.3852,35655839.0,0.0,1.0,25.73,29.23,20.72,5.8100000000000005
510,2018-04-30,2018-04-30,162.1302,167.26,161.84,165.26,160.2359,42427424.0,0.0,1.0,29.44,29.97,26.35,5.6000000000000005
509,2018-05-01,2018-05-01,166.4102,169.2,165.27,169.1,163.9591,53569376.0,0.0,1.0,29.12,29.6,17.98,5.250000000000001
508,2018-05-02,2018-05-02,175.225,177.75,173.8,176.57,171.202,66539371.0,0.0,1.0,28.48,28.86,19.22,5.6000000000000005
507,2018-05-03,2018-05-03,175.88,177.5,174.4411,176.89,171.5123,34068180.0,0.0,1.0,27.84,28.86,20.77,5.74
506,2018-05-04,2018-05-04,178.25,184.25,178.17,183.83,178.2413,56201317.0,0.0,1.0,27.84,29.6,20.77,5.8100000000000005
505,2018-05-07,2018-05-07,185.18,187.67,184.75,185.16,179.5309,42451423.0,0.0,1.0,28.8,31.16,24.84,6.48
504,2018-05-08,2018-05-08,184.99,186.22,183.665,186.05,180.3938,28402777.0,0.0,1.0,27.2,30.02,25.2,7.68
503,2018-05-09,2018-05-09,186.55,187.4,185.22,187.36,181.664,23211241.0,0.0,1.0,28.16,30.4,25.56,7.04
502,2018-05-10,2018-05-10,187.74,190.37,187.65,190.04,184.2625,27989289.0,0.0,1.0,28.48,30.02,25.92,6.32
501,2018-05-11,2018-05-11,189.49,190.06,187.45,188.59,183.5644,26212221.0,0.73,1.0,28.16,30.4,27.0,7.2
500,2018-05-14,2018-05-14,189.01,189.53,187.86,188.15,183.1361,20778772.0,0.0,1.0,28.48,32.3,28.7,6.3000000000000025
499,2018-05-15,2018-05-15,186.78,187.07,185.1,186.44,181.4717,23695159.0,0.0,1.0,28.16,30.4,26.25,5.74
498,2018-05-16,2018-05-16,186.07,188.46,186.0,188.18,183.1653,19183064.0,0.0,1.0,26.24,30.78,22.75,6.0200000000000005
497,2018-05-17,2018-05-17,188.0,188.91,186.36,186.99,182.007,17294029.0,0.0,1.0,26.56,30.02,22.05,5.670000000000001
496,2018-05-18,2018-05-18,187.19,187.8102,186.13,186.31,181.3452,18297728.0,0.0,1.0,26.56,30.02,22.05,5.670000000000001
495,2018-05-21,2018-05-21,188.0,189.27,186.9106,187.63,182.63,18400787.0,0.0,1.0,25.73,30.4,19.22,6.0900000000000025
494,2018-05-22,2018-05-22,188.375,188.88,186.78,187.16,182.1725,15240704.0,0.0,1.0,26.04,30.78,18.91,5.74
493,2018-05-23,2018-05-23,186.35,188.5,185.76,188.36,183.3405,20058415.0,0.0,1.0,25.11,30.78,19.22,6.16
492,2018-05-24,2018-05-24,188.77,188.84,186.21,188.15,183.1361,23233975.0,0.0,1.0,26.35,31.54,18.91,5.74
491,2018-05-25,2018-05-25,188.23,189.65,187.65,188.58,183.5547,17460963.0,0.0,1.0,26.35,31.92,18.91,5.670000000000001
490,2018-05-29,2018-05-29,187.6,188.75,186.87,187.9,182.8928,22514075.0,0.0,1.0,26.24,33.2,19.53,6.0900000000000025
489,2018-05-30,2018-05-30,187.72,188.0,186.78,187.5,182.5034,18690547.0,0.0,1.0,27.52,33.6,18.29,5.8100000000000005
488,2018-05-31,2018-05-31,187.22,188.23,186.14,186.87,181.8902,27482793.0,0.0,1.0,26.88,34.0,18.29,6.0200000000000005
487,2018-06-01,2018-06-01,187.9912,190.26,187.75,190.24,185.1704,23442510.0,0.0,1.0,24.64,33.2,23.25,5.040000000000001
486,2018-06-04,2018-06-04,191.635,193.42,191.35,191.83,186.7181,26266174.0,0.0,1.0,35.0,35.66999999999999,31.15,7.6
485,2018-06-05,2018-06-05,193.065,193.94,192.36,193.31,188.1586,21565963.0,0.0,1.0,31.15,35.26,30.45,6.4
484,2018-06-06,2018-06-06,193.63,194.08,191.92,193.98,188.8108,20933619.0,0.0,1.0,29.4,35.66999999999999,28.7,7.68
483,2018-06-07,2018-06-07,194.14,194.2,192.335,193.46,188.3046,21347180.0,0.0,1.0,28.35,35.26,29.05,7.6
482,2018-06-08,2018-06-08,191.17,192.0,189.77,191.7,186.5915,26656799.0,0.0,1.0,27.3,34.85,27.3,6.88
481,2018-06-11,2018-06-11,191.35,191.97,190.21,191.23,186.134,18308460.0,0.0,1.0,27.20000000000001,35.66999999999999,27.88000000000001,5.76
480,2018-06-12,2018-06-12,191.385,192.611,191.15,192.28,187.1561,16911141.0,0.0,1.0,26.520000000000003,35.66999999999999,28.56,7.76
479,2018-06-13,2018-06-13,192.42,192.88,190.44,190.7,185.6182,21638393.0,0.0,1.0,26.180000000000003,36.08,29.92,7.04
478,2018-06-14,2018-06-14,191.55,191.57,190.22,190.8,185.7155,21610074.0,0.0,1.0,26.180000000000003,35.66999999999999,26.520000000000003,6.4
477,2018-06-15,2018-06-15,190.03,190.16,188.26,188.84,183.8077,61719160.0,0.0,1.0,28.56,37.72,27.88000000000001,7.28
476,2018-06-18,2018-06-18,187.88,189.22,187.2,188.74,183.7104,18484865.0,0.0,1.0,26.4,37.8,27.72,8.0
475,2018-06-19,2018-06-19,185.14,186.33,183.45,185.69,180.7417,33578455.0,0.0,1.0,26.07,36.96,24.09,6.8
474,2018-06-20,2018-06-20,186.35,187.2,185.73,186.5,181.5301,20628701.0,0.0,1.0,26.4,36.12,26.07,7.92
473,2018-06-21,2018-06-21,187.25,188.35,184.94,185.46,180.5178,25711898.0,0.0,1.0,25.08,36.96,25.08,6.88
472,2018-06-22,2018-06-22,186.12,186.15,184.7,184.92,179.9922,27200447.0,0.0,1.0,24.42,37.38,23.76,6.96
471,2018-06-25,2018-06-25,183.4,184.92,180.73,182.17,177.3155,31663096.0,0.0,1.0,25.74,36.96,23.87,7.84
470,2018-06-26,2018-06-26,182.99,186.53,182.54,184.43,179.5153,24569201.0,0.0,1.0,25.41,36.54,22.94,7.68
469,2018-06-27,2018-06-27,185.2278,187.28,184.03,184.16,179.2524,25285328.0,0.0,1.0,24.75,35.7,22.01,7.44
468,2018-06-28,2018-06-28,184.1,186.21,183.8,185.5,180.5567,17365235.0,0.0,1.0,26.07,36.96,22.01,7.76
467,2018-06-29,2018-06-29,186.29,187.19,182.91,185.11,180.1771,22737666.0,0.0,1.0,26.4,37.38,22.01,7.2
466,2018-07-02,2018-07-02,183.82,187.3,183.42,187.18,182.192,17731343.0,0.0,1.0,27.52,38.22,24.36,6.08
465,2018-07-03,2018-07-03,187.79,187.95,183.54,183.92,179.0188,13954806.0,0.0,1.0,27.84,36.54,24.36,6.5600000000000005
464,2018-07-05,2018-07-05,185.26,186.41,184.28,185.4,180.4594,16604248.0,0.0,1.0,28.48,39.9,25.52,6.32
463,2018-07-06,2018-07-06,185.42,188.43400000000003,185.2,187.97,182.9609,17485245.0,0.0,1.0,27.2,36.54,23.2,5.84
462,2018-07-09,2018-07-09,189.5,190.68,189.3,190.58,185.5014,19756634.0,0.0,1.0,30.94,38.22,25.2,7.92
461,2018-07-10,2018-07-10,190.71,191.28,190.1801,190.35,185.2775,15939149.0,0.0,1.0,29.58,36.96,26.1,7.83
460,2018-07-11,2018-07-11,188.5,189.7799,187.61,187.88,182.8733,18831470.0,0.0,1.0,30.26,36.12,26.4,7.92
459,2018-07-12,2018-07-12,189.53,191.41,189.31,191.03,185.9394,18041131.0,0.0,1.0,32.300000000000004,36.54,25.2,7.649999999999999
458,2018-07-13,2018-07-13,191.08,191.84,190.9,191.33,186.2314,12519792.0,0.0,1.0,32.300000000000004,36.96,25.2,7.47
457,2018-07-16,2018-07-16,191.52,192.65,190.415,190.91,185.8226,15043110.0,0.0,1.0,32.34,39.06,31.04,8.28
456,2018-07-17,2018-07-17,189.75,191.87,189.2,191.45,186.3482,15534523.0,0.0,1.0,31.68,38.64,32.0,8.459999999999999
455,2018-07-18,2018-07-18,191.78,191.8,189.93,190.4,185.3262,16393381.0,0.0,1.0,31.35,37.38,29.12,8.1
454,2018-07-19,2018-07-19,189.69,192.55,189.69,191.88,186.7667,20286752.0,0.0,1.0,29.70000000000001,38.22,28.16,7.38
453,2018-07-20,2018-07-20,191.78,192.43,190.17,191.44,186.3384,20706042.0,0.0,1.0,30.03,36.96,27.84,7.649999999999999
452,2018-07-23,2018-07-23,190.68,191.96,189.56,191.61,186.5039,15989365.0,0.0,1.0,29.70000000000001,36.08,26.1,7.04
451,2018-07-24,2018-07-24,192.45,193.6601,192.05,193.0,187.8569,18697898.0,0.0,1.0,30.03,36.9,25.5,6.5600000000000005
450,2018-07-25,2018-07-25,193.0602,194.85,192.43,194.82,189.6284,16826483.0,0.0,1.0,30.03,36.49,24.6,7.04
449,2018-07-26,2018-07-26,194.61,195.96,193.61,194.21,189.0346,19075964.0,0.0,1.0,29.70000000000001,35.66999999999999,24.6,6.88
448,2018-07-27,2018-07-27,194.99,195.19,190.1,190.98,185.8907,24023972.0,0.0,1.0,30.36000000000001,35.26,24.6,6.6400000000000015
447,2018-07-30,2018-07-30,191.9,192.2,189.07,189.91,184.8492,21029535.0,0.0,1.0,34.04,38.7,25.5,9.6
446,2018-07-31,2018-07-31,190.3,192.14,189.34,190.29,185.2191,39373038.0,0.0,1.0,37.0,38.7,24.0,8.4
445,2018-08-01,2018-08-01,199.13,201.76,197.31,201.5,196.1304,67935716.0,0.0,1.0,31.82,37.84,24.0,7.5
444,2018-08-02,2018-08-02,200.58,208.38,200.35,207.39,201.8634,62404012.0,0.0,1.0,37.0,37.84,28.8,7.6
443,2018-08-03,2018-08-03,207.03,208.74,205.4803,207.99,202.4474,33447396.0,0.0,1.0,34.78,38.27,27.0,8.700000000000001
442,2018-08-06,2018-08-06,208.0,209.25,207.07,209.07,203.4986,25425387.0,0.0,1.0,29.4,37.84,26.1,8.8
441,2018-08-07,2018-08-07,209.32,209.5,206.76,207.11,201.5909,25587387.0,0.0,1.0,29.05,39.13,24.6,8.5
440,2018-08-08,2018-08-08,206.05,207.81,204.52,207.25,201.7271,22525487.0,0.0,1.0,29.05,36.98,25.8,9.1
439,2018-08-09,2018-08-09,207.28,209.78,207.2,208.88,203.3137,23492626.0,0.0,1.0,29.05,38.27,25.2,7.7
438,2018-08-10,2018-08-10,207.36,209.1,206.67,207.53,202.7102,24611202.0,0.73,1.0,28.7,38.7,26.4,8.700000000000001
437,2018-08-13,2018-08-13,207.7,210.952,207.7,208.87,204.0191,25890880.0,0.0,1.0,28.56,36.9,24.36000000000001,10.0
436,2018-08-14,2018-08-14,210.155,210.56,208.26,209.75,204.8787,20748010.0,0.0,1.0,27.88000000000001,36.08,21.840000000000003,7.9
435,2018-08-15,2018-08-15,209.22,210.74,208.33,210.24,205.3573,28807564.0,0.0,1.0,27.54000000000001,36.49,22.4,9.0
434,2018-08-16,2018-08-16,211.75,213.8121,211.47,213.32,208.3658,28500367.0,0.0,1.0,26.86000000000001,34.85,21.000000000000004,8.6
433,2018-08-17,2018-08-17,213.44,217.95,213.16,217.58,212.5268,35426997.0,0.0,1.0,27.20000000000001,34.44,21.56,7.4
432,2018-08-20,2018-08-20,218.1,219.18,215.11,215.46,210.4561,30287695.0,0.0,1.0,26.73,34.0,24.64,8.1
431,2018-08-21,2018-08-21,216.8,217.19,214.025,215.04,210.0458,26159755.0,0.0,1.0,26.73,33.2,22.96,8.0
430,2018-08-22,2018-08-22,214.1,216.36,213.84,215.05,210.0556,19018131.0,0.0,1.0,26.07,32.800000000000004,21.56,8.9
429,2018-08-23,2018-08-23,214.65,217.05,214.6,215.49,210.4854,18883224.0,0.0,1.0,25.74,32.4,22.680000000000003,8.200000000000001
428,2018-08-24,2018-08-24,216.6,216.9,215.11,216.16,211.1398,18476356.0,0.0,1.0,25.74,34.0,21.28,8.4
427,2018-08-27,2018-08-27,217.15,218.74,216.33,217.94,212.8785,20525117.0,0.0,1.0,29.16,32.800000000000004,21.6,8.4
426,2018-08-28,2018-08-28,219.01,220.54,218.92,219.7,214.5976,22776766.0,0.0,1.0,29.52,33.2,20.520000000000003,8.8
425,2018-08-29,2018-08-29,220.15,223.49,219.41,222.98,217.8014,27254804.0,0.0,1.0,27.72,32.800000000000004,19.44,8.5
424,2018-08-30,2018-08-30,223.25,228.26,222.4,225.03,219.8038,48793824.0,0.0,1.0,29.88,33.2,21.87,9.2
423,2018-08-31,2018-08-31,226.51,228.87,226.0,227.63,222.3434,43340134.0,0.0,1.0,30.6,34.4,22.41,8.4
422,2018-09-04,2018-09-04,228.41,229.18,226.63,228.36,223.0565,27390132.0,0.0,1.0,12.24,15.6,8.370000000000001,5.4
421,2018-09-05,2018-09-05,228.99,229.67,225.1,226.87,221.6011,33332960.0,0.0,1.0,11.88,15.6,8.100000000000001,5.2
420,2018-09-06,2018-09-06,226.23,227.35,221.3,223.1,217.9186,34289976.0,0.0,1.0,11.88,15.6,7.290000000000001,5.6000000000000005
419,2018-09-07,2018-09-07,221.85,225.37,220.71,221.3,216.1604,37619810.0,0.0,1.0,11.88,15.21,7.83,5.300000000000002
418,2018-09-10,2018-09-10,220.95,221.85,216.47,218.33,213.2594,39516453.0,0.0,1.0,20.52,26.4,15.400000000000002,5.88
417,2018-09-11,2018-09-11,218.01,224.299,216.56,223.85,218.6512,35749049.0,0.0,1.0,21.09,27.72,17.05,6.24
416,2018-09-12,2018-09-12,224.94,225.0,219.84,221.07,215.9358,49278740.0,0.0,1.0,56.99999999999999,64.02,55.00000000000001,12.0
415,2018-09-13,2018-09-13,223.52,228.35,222.57,226.41,221.1517,41706377.0,0.0,1.0,37.62,66.0,53.35,10.56
414,2018-09-14,2018-09-14,225.75,226.84,222.522,223.84,218.6414,31999289.0,0.0,1.0,32.489999999999995,56.76000000000001,50.6,8.76
413,2018-09-17,2018-09-17,222.15,222.95,217.27,217.88,212.8199,37195133.0,0.0,1.0,21.6,32.48,28.08,9.75
412,2018-09-18,2018-09-18,217.79,221.85,217.12,218.24,213.1715,31571712.0,0.0,1.0,20.64,33.059999999999995,29.64,8.32
411,2018-09-19,2018-09-19,218.5,219.62,215.3,218.37,213.2985,27123833.0,0.0,1.0,20.64,31.9,29.64,9.62
410,2018-09-20,2018-09-20,220.24,222.28,219.15,220.03,214.9199,26608794.0,0.0,1.0,20.64,30.74,27.04,10.01
409,2018-09-21,2018-09-21,220.78,221.36,217.29,217.66,212.605,96246748.0,0.0,1.0,22.56,37.7,34.84,9.36
408,2018-09-24,2018-09-24,216.82,221.26,216.63,220.79,215.6623,27693358.0,0.0,1.0,22.56,30.24,32.76,10.01
407,2018-09-25,2018-09-25,219.75,222.82,219.7,222.19,217.0298,24554379.0,0.0,1.0,21.6,29.70000000000001,37.44,9.49
406,2018-09-26,2018-09-26,221.0,223.75,219.76,220.42,215.3009,23984706.0,0.0,1.0,21.12,28.62,31.72,8.97
405,2018-09-27,2018-09-27,223.82,226.44,223.54,224.95,219.7257,30181227.0,0.0,1.0,20.16,27.54000000000001,28.08,8.58
404,2018-09-28,2018-09-28,224.79,225.84,224.02,225.74,220.4973,22929364.0,0.0,1.0,20.16,27.54000000000001,28.08,8.58
403,2018-10-01,2018-10-01,227.95,229.42,226.35,227.26,221.982,23600802.0,0.0,1.0,36.08,42.3,38.54,8.71
402,2018-10-02,2018-10-02,227.25,230.0,226.63,229.28,223.9551,24788170.0,0.0,1.0,35.2,39.48,36.49,8.06
401,2018-10-03,2018-10-03,230.05,233.47,229.78,232.07,226.6803,28654799.0,0.0,1.0,35.64,41.36,37.31,9.36
400,2018-10-04,2018-10-04,230.78,232.35,226.73,227.99,222.6951,32042000.0,0.0,1.0,34.32,39.01,35.66999999999999,8.06
399,2018-10-05,2018-10-05,227.96,228.41,220.58,224.29,219.081,33580463.0,0.0,1.0,36.08,38.07,33.62,7.8000000000000025
398,2018-10-08,2018-10-08,222.21,224.8,220.2,223.77,218.5731,29663923.0,0.0,1.0,36.96,34.83,29.6,7.439999999999999
397,2018-10-09,2018-10-09,223.64,227.27,222.2462,226.87,221.6011,26891029.0,0.0,1.0,33.88,34.4,30.71,8.04
396,2018-10-10,2018-10-10,225.46,226.35,216.05,216.36,211.3352,41990554.0,0.0,1.0,32.12,33.54,29.23,6.48
395,2018-10-11,2018-10-11,214.52,219.5,212.32,214.45,209.4695,53124392.0,0.0,1.0,32.56,32.68,27.75,7.3199999999999985
394,2018-10-12,2018-10-12,220.42,222.88,216.84,222.11,216.9516,40337851.0,0.0,1.0,34.32,33.54,28.49,7.08
393,2018-10-15,2018-10-15,221.16,221.83,217.27,217.36,212.3119,30791007.0,0.0,1.0,29.6,32.25,26.6,8.71
392,2018-10-16,2018-10-16,218.93,222.99,216.7627,222.15,216.9907,29183963.0,0.0,1.0,28.8,32.68,27.3,8.19
391,2018-10-17,2018-10-17,222.3,222.64,219.34,221.19,216.053,22885397.0,0.0,1.0,27.6,32.25,24.85,7.67
390,2018-10-18,2018-10-18,217.86,219.74,213.0,216.02,211.003,32581315.0,0.0,1.0,29.20000000000001,31.82,24.15,8.32
389,2018-10-19,2018-10-19,218.06,221.26,217.43,219.31,214.2166,33078726.0,0.0,1.0,30.8,36.98,26.95,8.19
388,2018-10-22,2018-10-22,219.79,223.36,218.94,220.65,215.5255,28792082.0,0.0,1.0,28.08,36.34,24.09,8.16
387,2018-10-23,2018-10-23,215.83,223.25,214.7,222.73,217.5572,38767846.0,0.0,1.0,29.25,37.26000000000001,23.76,7.56
386,2018-10-24,2018-10-24,222.6,224.23,214.54,215.09,210.0946,40925163.0,0.0,1.0,27.69,34.5,22.44,6.72
385,2018-10-25,2018-10-25,217.71,221.38,216.75,219.8,214.6953,29855768.0,0.0,1.0,27.3,34.5,23.43,8.4
384,2018-10-26,2018-10-26,215.9,220.19,212.67,216.3,211.2765,47258375.0,0.0,1.0,27.69,39.1,23.1,7.68
383,2018-10-29,2018-10-29,219.19,219.69,206.09,212.24,207.3108,45935520.0,0.0,1.0,29.82,36.9,24.75,9.6
382,2018-10-30,2018-10-30,211.15,215.18,209.27,213.3,208.3462,36659990.0,0.0,1.0,38.64,35.55000000000001,23.76,15.0
381,2018-10-31,2018-10-31,216.88,220.45,216.62,218.86,213.7771,38358933.0,0.0,1.0,31.92,36.0,22.11,11.55
380,2018-11-01,2018-11-01,219.05,222.36,216.81,222.22,217.0591,58323180.0,0.0,1.0,19.74,26.55,7.5900000000000025,2.85
379,2018-11-02,2018-11-02,209.55,213.65,205.43,207.48,202.6614,91328654.0,0.0,1.0,20.16,27.9,7.5900000000000025,2.7
378,2018-11-05,2018-11-05,204.3,204.39,198.17,201.59,196.9082,66163669.0,0.0,1.0,17.1,25.37,9.0,3.0
377,2018-11-06,2018-11-06,201.92,204.72,201.69,203.77,199.0375,31882881.0,0.0,1.0,16.72,24.94,8.64,2.7
376,2018-11-07,2018-11-07,205.97,210.06,204.13,209.95,205.074,33424434.0,0.0,1.0,14.82,21.93,7.56,2.55
375,2018-11-08,2018-11-08,209.98,210.12,206.75,208.49,204.361,25362636.0,0.73,1.0,16.72,24.08,8.64,3.0
374,2018-11-09,2018-11-09,205.55,206.01,202.25,204.47,200.4206,34365750.0,0.0,1.0,17.1,24.51,8.64,3.0
373,2018-11-12,2018-11-12,199.0,199.85,193.79,194.17,190.3246,51135518.0,0.0,1.0,20.16,27.09,10.53,3.78
372,2018-11-13,2018-11-13,191.63,197.18,191.4501,192.23,188.423,46882936.0,0.0,1.0,20.16,25.37,10.53,4.32
371,2018-11-14,2018-11-14,193.9,194.48,185.93,186.8,183.1005,60800957.0,0.0,1.0,19.74,24.94,10.14,4.32
370,2018-11-15,2018-11-15,188.39,191.97,186.9,191.41,187.6192,46478801.0,0.0,1.0,18.48,24.51,10.14,3.96
369,2018-11-16,2018-11-16,190.5,194.9695,189.46,193.53,189.6973,36928253.0,0.0,1.0,19.74,24.94,9.75,4.32
368,2018-11-19,2018-11-19,190.0,190.7,184.99,185.86,182.1792,41920872.0,0.0,1.0,34.72,34.56,24.75,11.47
367,2018-11-20,2018-11-20,178.37,181.47,175.51,176.98,173.475,67825247.0,0.0,1.0,37.2,33.480000000000004,25.5,11.84
366,2018-11-21,2018-11-21,179.73,180.27,176.55,176.78,173.27900000000002,31124210.0,0.0,1.0,47.74,38.34,30.75,13.69
365,2018-11-23,2018-11-23,174.94,176.595,172.1,172.29,168.8779,23623972.0,0.0,1.0,61.38,54.0,75.0,37.0
364,2018-11-26,2018-11-26,174.24,174.95,170.26,174.62,171.1618,44998520.0,0.0,1.0,29.48,33.84,32.45,19.14
363,2018-11-27,2018-11-27,171.51,174.77,170.88,174.24,170.7893,41387377.0,0.0,1.0,23.32,30.55,22.0,12.76
362,2018-11-28,2018-11-28,176.73,181.29,174.93,180.94,177.3566,46062539.0,0.0,1.0,20.24,29.14,17.05,8.7
361,2018-11-29,2018-11-29,182.66,182.8,177.7,179.55,175.9941,41769992.0,0.0,1.0,20.68,29.14,16.5,8.7
360,2018-11-30,2018-11-30,180.29,180.33,177.03,178.58,175.0433,39531549.0,0.0,1.0,19.8,28.67,15.95,7.539999999999999
359,2018-12-03,2018-12-03,184.46,184.94,181.21,184.82,181.1597,40798002.0,0.0,1.0,18.72,24.64,10.58,6.24
358,2018-12-04,2018-12-04,180.95,182.3899,176.27,176.69,173.1908,41344282.0,0.0,1.0,18.72,25.08,10.12,6.5
357,2018-12-06,2018-12-06,171.76,174.78,170.42,174.72,171.2598,43098410.0,0.0,1.0,19.11,24.64,11.5,6.5
356,2018-12-07,2018-12-07,173.49,174.49,168.3,168.49,165.1532,42281631.0,0.0,1.0,19.5,24.64,11.5,6.76
355,2018-12-10,2018-12-10,165.0,170.09,163.33,169.6,166.2412,62025994.0,0.0,1.0,21.84,24.64,12.5,7.290000000000001
354,2018-12-11,2018-12-11,171.66,171.79,167.0,168.63,165.2904,47281665.0,0.0,1.0,20.58,24.64,13.0,6.75
353,2018-12-12,2018-12-12,170.4,171.92,169.02,169.1,165.7511,35627674.0,0.0,1.0,20.16,24.2,12.0,6.48
352,2018-12-13,2018-12-13,170.49,172.57,169.55,170.95,167.5644,31897827.0,0.0,1.0,21.0,23.76,12.5,6.210000000000001
351,2018-12-14,2018-12-14,169.0,169.08,165.28,165.48,162.2028,40703710.0,0.0,1.0,21.42,24.64,12.5,7.0200000000000005
350,2018-12-17,2018-12-17,165.45,168.35,162.73,163.94,160.6933,44287922.0,0.0,1.0,23.32,28.32,15.12,9.9
349,2018-12-18,2018-12-18,165.38,167.53,164.39,166.07,162.7811,33841518.0,0.0,1.0,22.88,27.84,15.12,9.9
348,2018-12-19,2018-12-19,166.0,167.45,159.09,160.89,157.7037,49047297.0,0.0,1.0,23.32,27.84,15.12,9.57
347,2018-12-20,2018-12-20,160.4,162.11,155.3,156.83,153.7241,64772960.0,0.0,1.0,23.76,28.8,15.68,10.23
346,2018-12-21,2018-12-21,156.86,158.16,149.63,150.73,147.7449,95744384.0,0.0,1.0,25.08,29.76,15.68,10.89
345,2018-12-24,2018-12-24,148.15,151.55,146.59,146.83,143.9221,37169232.0,0.0,1.0,37.62,42.7,35.0,29.04000000000001
344,2018-12-26,2018-12-26,148.3,157.23,146.72,157.17,154.0573,58582544.0,0.0,1.0,49.59,55.51,76.0,66.0
343,2018-12-27,2018-12-27,155.84,156.77,150.07,156.15,153.0575,53117065.0,0.0,1.0,39.9,47.58,50.0,43.56
342,2018-12-28,2018-12-28,157.5,158.52,154.55,156.23,153.136,42291424.0,0.0,1.0,34.2,42.7,40.0,32.34
341,2018-12-31,2018-12-31,158.53,159.36,156.48,157.74,154.6161,35003466.0,0.0,1.0,23.22,28.8,14.31,12.24
340,2019-01-02,2019-01-02,154.89,158.85,154.23,157.92,154.7925,37039737.0,0.0,1.0,37.84,45.6,52.47000000000001,21.96
339,2019-01-03,2019-01-03,143.98,145.72,142.0,142.19,139.374,91312195.0,0.0,1.0,43.0,45.12,52.47000000000001,21.96
338,2019-01-04,2019-01-04,144.53,148.5499,143.8,148.26,145.3238,58607070.0,0.0,1.0,39.99,43.68,53.0,21.24
337,2019-01-07,2019-01-07,148.7,148.83,145.9,147.93,145.0003,54777764.0,0.0,1.0,29.6,33.62,34.03,24.78
336,2019-01-08,2019-01-08,149.56,151.82,148.52,150.75,147.7645,41025314.0,0.0,1.0,29.23,33.62,34.44,29.4
335,2019-01-09,2019-01-09,151.29,154.53,149.63,153.31,150.2738,45099081.0,0.0,1.0,29.23,32.8,31.98,27.3
334,2019-01-10,2019-01-10,152.5,153.97,150.86,153.8,150.7541,35780670.0,0.0,1.0,28.12,32.39,30.34,34.44
333,2019-01-11,2019-01-11,152.88,153.7,151.51,152.29,149.274,27023241.0,0.0,1.0,27.75,32.8,31.16,34.44
332,2019-01-14,2019-01-14,150.85,151.27,149.22,150.0,147.0293,32439186.0,0.0,1.0,24.82,31.20000000000001,24.84,28.29
331,2019-01-15,2019-01-15,150.27,153.39,150.05,153.07,150.0385,28710324.0,0.0,1.0,24.82,30.03,24.84,25.42
330,2019-01-16,2019-01-16,153.08,155.88,153.0,154.94,151.8715,30569706.0,0.0,1.0,24.82,30.03,23.76,27.06
329,2019-01-17,2019-01-17,154.2,157.66,153.26,155.86,152.7733,29821160.0,0.0,1.0,24.82,30.81,23.04,27.06
328,2019-01-18,2019-01-18,157.5,157.88,155.9806,156.82,153.7143,33751023.0,0.0,1.0,24.48,30.03,23.04,32.39
327,2019-01-22,2019-01-22,156.41,156.73,152.62,153.3,150.264,30393970.0,0.0,1.0,24.14,29.64,19.2,26.91
326,2019-01-23,2019-01-23,154.15,155.14,151.7,153.92,150.8717,23130570.0,0.0,1.0,22.78,28.86,19.2,23.01
325,2019-01-24,2019-01-24,154.11,154.48,151.74,152.7,149.6759,25441549.0,0.0,1.0,23.46,28.86,19.52,26.52
324,2019-01-25,2019-01-25,155.48,158.13,154.32,157.76,154.6357,33547893.0,0.0,1.0,23.8,29.25,19.84,27.69
323,2019-01-28,2019-01-28,155.79,156.33,153.66,156.3,153.2046,26192058.0,0.0,1.0,24.85,28.12,17.099999999999998,43.0
322,2019-01-29,2019-01-29,156.25,158.13,154.11,154.68,151.6167,41587239.0,0.0,1.0,27.65,30.78,18.0,35.26
321,2019-01-30,2019-01-30,163.25,166.15,160.23,165.25,161.9773,61109780.0,0.0,1.0,26.6,28.5,16.8,30.1
320,2019-01-31,2019-01-31,166.11,169.0,164.56,166.44,163.1438,40739649.0,0.0,1.0,23.8,28.5,15.6,27.09
319,2019-02-01,2019-02-01,166.96,168.98,165.93,166.52,163.2222,32668138.0,0.0,1.0,31.15,31.92,23.1,35.69
318,2019-02-04,2019-02-04,167.41,171.655,167.28,171.25,167.8585,31495582.0,0.0,1.0,25.92,29.23,25.08,24.82
317,2019-02-05,2019-02-05,172.86,175.08,172.3501,174.18,170.7305,36101628.0,0.0,1.0,29.12,29.97,27.72,25.16
316,2019-02-06,2019-02-06,174.65,175.57,172.8531,174.24,170.7893,28239591.0,0.0,1.0,27.2,29.97,26.07,24.48
315,2019-02-07,2019-02-07,172.4,173.94,170.34,170.94,167.5546,31741690.0,0.0,1.0,27.52,29.97,26.4,24.82
314,2019-02-08,2019-02-08,168.99,170.66,168.42,170.41,167.7507,23819966.0,0.73,1.0,27.84,32.56,27.06,26.520000000000003
313,2019-02-11,2019-02-11,171.05,171.21,169.25,169.43,166.78599999999997,20993425.0,0.0,1.0,27.2,29.88,27.72,27.75
312,2019-02-12,2019-02-12,170.1,171.0,169.7,170.89,168.2232,22283523.0,0.0,1.0,27.2,30.24,26.4,28.12
311,2019-02-13,2019-02-13,171.39,172.48,169.92,170.18,167.5243,22490233.0,0.0,1.0,27.52,29.52,25.74,34.78
310,2019-02-14,2019-02-14,169.71,171.2615,169.38,170.8,168.1346,21835747.0,0.0,1.0,27.84,28.8,27.06,37.0
309,2019-02-15,2019-02-15,171.25,171.7,169.75,170.42,167.7605,24626814.0,0.0,1.0,28.16,30.24,28.71,32.56
308,2019-02-19,2019-02-19,169.71,171.44,169.49,170.93,168.2626,18972826.0,0.0,1.0,28.38000000000001,31.92,24.49,21.12
307,2019-02-20,2019-02-20,171.19,173.32,170.99,172.03,169.3454,26114362.0,0.0,1.0,28.38000000000001,32.68,23.87,20.8
306,2019-02-21,2019-02-21,171.8,172.37,170.3,171.06,168.3905,17249670.0,0.0,1.0,29.04000000000001,33.06,23.87,21.12
305,2019-02-22,2019-02-22,171.58,173.0,171.38,172.97,170.2707,18913154.0,0.0,1.0,29.37,32.68,23.25,20.8
304,2019-02-25,2019-02-25,174.16,175.87,173.95,174.23,171.5111,21873358.0,0.0,1.0,26.35,31.82,23.1,21.7
303,2019-02-26,2019-02-26,173.71,175.3,173.1732,174.33,171.6095,17070211.0,0.0,1.0,26.04,32.56,22.8,22.32
302,2019-02-27,2019-02-27,173.21,175.0,172.73,174.87,172.1411,27835389.0,0.0,1.0,26.35,31.45,23.7,22.01
301,2019-02-28,2019-02-28,174.32,174.91,172.92,173.15,170.4479,28215416.0,0.0,1.0,25.73,31.45,21.9,22.63
300,2019-03-01,2019-03-01,174.28,175.15,172.89,174.97,172.2395,25886167.0,0.0,1.0,18.29,31.08,25.8,13.64
299,2019-03-04,2019-03-04,175.69,177.75,173.97,175.85,173.1058,27436203.0,0.0,1.0,18.29,31.45,24.65,13.02
298,2019-03-05,2019-03-05,175.94,176.0,174.54,175.53,172.7908,19737419.0,0.0,1.0,17.36,28.49,20.59,13.95
297,2019-03-06,2019-03-06,174.67,175.49,173.94,174.52,171.7965,20810384.0,0.0,1.0,17.36,28.86,21.46,13.02
296,2019-03-07,2019-03-07,173.87,174.44,172.02,172.5,169.8081,24796374.0,0.0,1.0,18.6,29.6,22.33,13.02
295,2019-03-08,2019-03-08,170.32,173.07,169.5,172.91,170.2117,23999358.0,0.0,1.0,18.29,29.97,20.88,13.64
294,2019-03-11,2019-03-11,175.49,179.12,175.35,178.9,176.1082,32011034.0,0.0,1.0,19.22,28.8,24.65,14.52
293,2019-03-12,2019-03-12,180.0,182.67,179.37,180.91,178.0868,32467584.0,0.0,1.0,18.6,29.52,23.2,13.86
292,2019-03-13,2019-03-13,182.25,183.3,180.92,181.71,178.8743,31032524.0,0.0,1.0,18.29,29.52,22.91,15.510000000000002
291,2019-03-14,2019-03-14,183.9,184.1,182.56,183.73,180.8628,23579508.0,0.0,1.0,18.29,28.8,21.46,16.830000000000002
290,2019-03-15,2019-03-15,184.85,187.33,183.74,186.12,183.2155,39042912.0,0.0,1.0,17.36,28.08,22.04,15.84
289,2019-03-18,2019-03-18,185.8,188.39,185.79,188.02,185.0859,26219832.0,0.0,1.0,20.790000000000006,29.88,24.36,22.56
288,2019-03-19,2019-03-19,188.35,188.99,185.92,186.53,183.6191,31646369.0,0.0,1.0,21.12,28.8,22.91,21.15
287,2019-03-20,2019-03-20,186.23,189.49,184.73,188.16,185.2237,31035231.0,0.0,1.0,21.78,28.8,22.91,47.0
286,2019-03-21,2019-03-21,190.02,196.33,189.81,195.09,192.0455,51034237.0,0.0,1.0,21.12,28.08,21.75,43.24
285,2019-03-22,2019-03-22,195.34,197.69,190.78,191.05,188.0686,42407666.0,0.0,1.0,20.130000000000006,28.44,21.75,29.14
284,2019-03-25,2019-03-25,191.51,191.98,186.6,188.74,185.7946,43845293.0,0.0,1.0,39.0,29.16,26.1,26.24
283,2019-03-26,2019-03-26,191.664,192.88,184.58,186.79,183.8751,49800538.0,0.0,1.0,35.1,30.24,27.3,25.83
282,2019-03-27,2019-03-27,188.75,189.76,186.55,188.47,185.5288,29848427.0,0.0,1.0,27.3,29.52,24.6,26.24
281,2019-03-28,2019-03-28,188.95,189.55900000000003,187.53,188.72,185.7749,20780363.0,0.0,1.0,24.96,28.8,23.7,24.6
280,2019-03-29,2019-03-29,189.83,190.08,188.54,189.95,186.9857,23563961.0,0.0,1.0,25.74,28.44,24.0,22.55
279,2019-04-01,2019-04-01,191.64,191.68,188.38,191.24,188.2556,27861964.0,0.0,1.0,29.14,30.1,23.2,34.92
278,2019-04-02,2019-04-02,191.09,194.46,191.05,194.02,190.9922,22765732.0,0.0,1.0,29.14,29.75,23.2,30.96
277,2019-04-03,2019-04-03,193.25,196.5,193.15,195.35,192.3015,23271830.0,0.0,1.0,29.14,29.4,21.46,31.68
276,2019-04-04,2019-04-04,194.79,196.37,193.14,195.69,192.6362,19114275.0,0.0,1.0,28.83,29.4,22.33,36.0
275,2019-04-05,2019-04-05,196.45,197.1,195.93,197.0,193.9257,18526644.0,0.0,1.0,28.83,30.1,22.33,32.04
274,2019-04-08,2019-04-08,196.42,200.23,196.34,200.1,196.9773,25881697.0,0.0,1.0,28.52,30.45,22.41,26.1
273,2019-04-09,2019-04-09,200.32,202.85,199.23,199.5,196.3867,35768237.0,0.0,1.0,27.9,29.4,22.95000000000001,24.3
272,2019-04-10,2019-04-10,198.68,200.74,198.18,200.62,197.4892,21695288.0,0.0,1.0,28.21,29.05,21.33,21.3
271,2019-04-11,2019-04-11,200.85,201.0,198.4431,198.95,195.8453,20900808.0,0.0,1.0,27.28,29.05,21.33,22.8
270,2019-04-12,2019-04-12,199.2,200.14,196.21,198.87,195.7665,27760668.0,0.0,1.0,27.59,29.4,19.71,24.0
269,2019-04-15,2019-04-15,198.58,199.85,198.01,199.23,196.1209,17536646.0,0.0,1.0,28.48,29.05,23.49,23.7
268,2019-04-16,2019-04-16,199.46,201.37,198.56,199.25,196.1406,25696385.0,0.0,1.0,30.08,29.75,23.78,23.7
267,2019-04-17,2019-04-17,199.54,203.38,198.61,203.13,199.9601,28906780.0,0.0,1.0,29.44,29.05,23.2,24.0
266,2019-04-18,2019-04-18,203.12,204.15,202.52,203.86,200.6787,24195766.0,0.0,1.0,27.84,30.1,23.49,24.3
265,2019-04-22,2019-04-22,202.83,204.94,202.34,204.53,201.3382,19439545.0,0.0,1.0,29.14,30.45,25.5,24.07
264,2019-04-23,2019-04-23,204.43,207.75,203.9,207.48,204.2422,23322991.0,0.0,1.0,29.45,29.05,25.8,22.62
263,2019-04-24,2019-04-24,207.36,208.48,207.05,207.16,203.9272,17540609.0,0.0,1.0,27.59,28.7,25.5,22.91
262,2019-04-25,2019-04-25,206.83,207.76,205.12,205.28,202.0765,18543206.0,0.0,1.0,27.9,29.05,25.8,21.46
261,2019-04-26,2019-04-26,204.9,205.0,202.12,204.3,201.1118,18649102.0,0.0,1.0,27.59,28.35,23.7,19.72
260,2019-04-29,2019-04-29,204.4,205.97,203.86,204.61,201.417,22204716.0,0.0,1.0,27.59,29.16,25.2,20.44
259,2019-04-30,2019-04-30,203.06,203.4,199.11,200.67,197.5384,46534923.0,0.0,1.0,30.38,30.6,24.3,17.92
258,2019-05-01,2019-05-01,209.88,215.31,209.23,210.52,207.2347,64827328.0,0.0,1.0,27.9,30.6,17.7,21.840000000000003
257,2019-05-02,2019-05-02,209.84,212.65,208.13,209.15,205.8861,31996324.0,0.0,1.0,27.28,30.24,19.2,22.12
256,2019-05-03,2019-05-03,210.89,211.84,210.23,211.75,208.4455,20892378.0,0.0,1.0,27.59,30.24,19.5,22.96
255,2019-05-06,2019-05-06,204.29,208.84,203.5,208.48,205.2266,32443113.0,0.0,1.0,28.48,30.1,22.44,23.520000000000003
254,2019-05-07,2019-05-07,205.88,207.4175,200.825,202.86,199.6943,38763698.0,0.0,1.0,28.48,29.4,25.08,22.4
253,2019-05-08,2019-05-08,201.9,205.34,201.75,202.9,199.7336,26339504.0,0.0,1.0,28.48,29.4,23.43,21.840000000000003
252,2019-05-09,2019-05-09,200.4,201.68,196.66,200.72,197.5877,34908607.0,0.0,1.0,28.16,29.05,22.44,21.840000000000003
251,2019-05-10,2019-05-10,197.419,198.85,192.77,197.18,194.8609,41208712.0,0.77,1.0,28.8,29.75,23.76,22.680000000000003
250,2019-05-13,2019-05-13,187.71,189.48,182.85,185.72,183.5357,57430623.0,0.0,1.0,30.08,31.68,24.75,22.14
249,2019-05-14,2019-05-14,186.41,189.7,185.41,188.66,186.4411,36529677.0,0.0,1.0,30.08,30.96,22.11,21.33
248,2019-05-15,2019-05-15,186.27,191.75,186.02,190.92,188.6745,26544718.0,0.0,1.0,28.48,30.24,23.76,21.87
247,2019-05-16,2019-05-16,189.91,192.4689,188.84,190.08,187.8444,33031364.0,0.0,1.0,27.84,29.16,22.77,21.33
246,2019-05-17,2019-05-17,186.93,190.9,186.76,189.0,186.7771,32879090.0,0.0,1.0,28.16,31.32,22.44,18.9
245,2019-05-20,2019-05-20,183.52,184.349,180.2839,183.09,180.9366,38612290.0,0.0,1.0,30.4,37.0,21.39,19.75
244,2019-05-21,2019-05-21,185.22,188.0,184.7,186.6,184.4053,28364848.0,0.0,1.0,28.8,31.82,21.7,18.0
243,2019-05-22,2019-05-22,184.66,185.71,182.55,182.78,180.6303,29748556.0,0.0,1.0,27.84,30.34,21.7,18.5
242,2019-05-23,2019-05-23,179.8,180.54,177.81,179.66,177.547,36529736.0,0.0,1.0,28.16,31.45,21.08,17.75
241,2019-05-24,2019-05-24,180.2,182.14,178.62,178.97,176.8651,23714686.0,0.0,1.0,27.84,31.82,21.7,19.5
240,2019-05-28,2019-05-28,178.92,180.59,177.91,178.23,176.1338,27948160.0,0.0,1.0,28.16,34.41,23.1,16.0
239,2019-05-29,2019-05-29,176.42,179.35,176.0,177.38,175.2938,28481165.0,0.0,1.0,28.48,32.93,22.11,20.0
238,2019-05-30,2019-05-30,177.95,179.23,176.67,178.3,176.203,21218412.0,0.0,1.0,27.84,33.67,21.78,19.5
237,2019-05-31,2019-05-31,176.23,177.99,174.99,175.07,173.0109,27043584.0,0.0,1.0,27.84,33.3,24.09,18.25
236,2019-06-03,2019-06-03,175.6,177.92,170.27,173.3,171.2618,40396069.0,0.0,1.0,36.66,33.93,30.1,20.75
235,2019-06-04,2019-06-04,175.44,179.83,174.52,179.64,177.5272,30967961.0,0.0,1.0,39.0,33.54,30.1,20.75
234,2019-06-05,2019-06-05,184.28,184.99,181.14,182.54,180.3931,29773427.0,0.0,1.0,35.88,32.76,28.35,20.5
233,2019-06-06,2019-06-06,183.08,185.47,182.1489,185.22,183.0416,22526311.0,0.0,1.0,32.76,32.76,26.95,20.0
232,2019-06-07,2019-06-07,186.51,191.92,185.77,190.15,187.9136,30684393.0,0.0,1.0,30.42,32.76,28.0,20.5
231,2019-06-10,2019-06-10,191.81,195.37,191.62,192.58,190.315,26220851.0,0.0,1.0,25.08,31.08,28.22,19.75
230,2019-06-11,2019-06-11,194.86,196.0,193.6,194.81,192.5188,26932882.0,0.0,1.0,24.75,30.34,27.88000000000001,18.5
229,2019-06-12,2019-06-12,193.95,195.97,193.385,194.19,191.9061,18253189.0,0.0,1.0,24.42,30.71,29.92,19.5
228,2019-06-13,2019-06-13,194.7,196.79,193.6,194.15,191.8665,21674625.0,0.0,1.0,24.09,30.34,25.840000000000003,21.0
227,2019-06-14,2019-06-14,191.545,193.5863,190.3,192.74,190.4731,18761474.0,0.0,1.0,24.75,29.97,26.86000000000001,20.75
226,2019-06-17,2019-06-17,192.9,194.96,192.17,193.89,191.6096,14669144.0,0.0,1.0,23.68,32.68,29.58,20.0
225,2019-06-18,2019-06-18,196.05,200.29,195.21,198.45,196.116,26551004.0,0.0,1.0,24.0,31.92,29.58,20.75
224,2019-06-19,2019-06-19,199.68,199.88,197.31,197.87,195.5428,21124235.0,0.0,1.0,23.68,33.06,28.56,20.0
223,2019-06-20,2019-06-20,200.37,200.61,198.03,199.46,197.1141,21513988.0,0.0,1.0,23.04,30.78,24.48,19.5
222,2019-06-21,2019-06-21,198.8,200.85,198.15,198.78,196.4421,47800589.0,0.0,1.0,23.68,31.54,26.180000000000003,18.75
221,2019-06-24,2019-06-24,198.54,200.16,198.17,198.58,196.2444,18220421.0,0.0,1.0,23.76,33.06,25.28,19.68
220,2019-06-25,2019-06-25,198.43,199.26,195.29,195.57,193.2698,21070334.0,0.0,1.0,24.09,31.54,24.32,18.72
219,2019-06-26,2019-06-26,197.77,200.99,197.35,199.8,197.4501,26067512.0,0.0,1.0,23.76,31.92,24.32,17.759999999999994
218,2019-06-27,2019-06-27,200.29,201.57,199.57,199.74,197.3908,20899717.0,0.0,1.0,23.76,30.78,23.04,20.16
217,2019-06-28,2019-06-28,198.68,199.495,197.05,197.92,195.5922,31110642.0,0.0,1.0,24.75,31.92,26.24,19.68
216,2019-07-01,2019-07-01,203.17,204.49,200.65,201.55,199.1795,27316739.0,0.0,1.0,28.48,34.2,20.77,17.759999999999994
215,2019-07-02,2019-07-02,201.41,203.1323,201.36,202.73,200.3456,16935217.0,0.0,1.0,27.84,34.2,18.91,16.8
214,2019-07-03,2019-07-03,203.28,204.44,202.6901,204.41,202.0059,11362045.0,0.0,1.0,28.16,36.1,18.29,18.96
213,2019-07-05,2019-07-05,203.35,205.08,202.9,204.23,201.828,17265518.0,0.0,1.0,27.2,35.72,18.91,17.52
212,2019-07-08,2019-07-08,200.81,201.4,198.41,200.02,197.6675,25338628.0,0.0,1.0,28.48,35.34,20.16,20.75
211,2019-07-09,2019-07-09,199.2,201.51,198.81,201.24,198.8731,20578015.0,0.0,1.0,28.16,34.96,21.44,19.75
210,2019-07-10,2019-07-10,201.85,203.73,201.56,203.23,200.8397,17897138.0,0.0,1.0,28.48,34.2,20.16,20.5
209,2019-07-11,2019-07-11,203.31,204.39,201.71,201.75,199.3771,20191842.0,0.0,1.0,28.48,34.58,20.8,20.25
208,2019-07-12,2019-07-12,202.45,204.0,202.2,203.3,200.9089,17595212.0,0.0,1.0,26.88,34.58,20.48,19.25
207,2019-07-15,2019-07-15,204.09,205.87,204.0,205.21,202.7965,16947420.0,0.0,1.0,34.0,38.22,38.0,27.0
206,2019-07-16,2019-07-16,204.59,206.11,203.5,204.5,202.0948,16866816.0,0.0,1.0,32.980000000000004,36.66,33.82,23.76
205,2019-07-17,2019-07-17,204.05,205.0915,203.27,203.35,200.9583,14107450.0,0.0,1.0,30.26,36.27,29.26,21.33
204,2019-07-18,2019-07-18,204.0,205.88,203.7,205.66,203.2412,18582161.0,0.0,1.0,29.58,37.05,27.74,21.06
203,2019-07-19,2019-07-19,205.79,206.5,202.36,202.59,200.2073,20929307.0,0.0,1.0,29.24,36.27,25.84,22.14
202,2019-07-22,2019-07-22,203.65,207.23,203.61,207.22,204.7828,22277932.0,0.0,1.0,29.04000000000001,35.34,22.44,19.0
201,2019-07-23,2019-07-23,208.46,208.91,207.29,208.84,206.3838,18355210.0,0.0,1.0,29.37,34.58,23.8,18.75
200,2019-07-24,2019-07-24,207.67,209.15,207.17,208.67,206.2158,14991567.0,0.0,1.0,28.71,34.96,23.8,18.5
199,2019-07-25,2019-07-25,208.89,209.24,206.73,207.02,204.5852,13909535.0,0.0,1.0,29.37,34.2,22.44,19.5
198,2019-07-26,2019-07-26,207.48,209.73,207.14,207.74,205.2967,17618874.0,0.0,1.0,29.04000000000001,34.96,22.1,19.25
197,2019-07-29,2019-07-29,208.46,210.64,208.44,209.68,207.2139,21673389.0,0.0,1.0,29.70000000000001,35.34,22.77,16.560000000000002
196,2019-07-30,2019-07-30,208.76,210.16,207.31,208.78,206.3245,33935718.0,0.0,1.0,30.69,34.96,21.45,16.330000000000002
195,2019-07-31,2019-07-31,216.42,221.37,211.3,213.04,210.5344,69281361.0,0.0,1.0,30.03,34.2,21.78,18.17
194,2019-08-01,2019-08-01,213.9,218.03,206.7435,208.43,205.9786,54017922.0,0.0,1.0,8.58,32.68,28.38000000000001,18.630000000000006
193,2019-08-02,2019-08-02,205.53,206.43,201.63,204.02,201.6204,40862122.0,0.0,1.0,8.58,34.2,28.38000000000001,18.630000000000006
192,2019-08-05,2019-08-05,197.99,198.649,192.58,193.34,191.0661,52392969.0,0.0,1.0,8.84,33.06,27.2,19.92
191,2019-08-06,2019-08-06,196.31,198.067,194.04,197.0,194.683,35824787.0,0.0,1.0,9.18,32.68,27.2,17.759999999999994
190,2019-08-07,2019-08-07,195.41,199.56,193.82,199.04,196.699,33364400.0,0.0,1.0,8.84,32.3,24.64,18.96
189,2019-08-08,2019-08-08,200.2,203.53,199.39,203.43,201.0374,27009523.0,0.0,1.0,9.18,33.82,26.24,20.64
188,2019-08-09,2019-08-09,201.3,202.76,199.29,200.99,199.387,24619746.0,0.77,1.0,9.18,33.44,24.64,18.48
187,2019-08-12,2019-08-12,199.62,202.0516,199.15,200.48,198.8811,22481889.0,0.0,1.0,10.15,33.82,26.7,19.2
186,2019-08-13,2019-08-13,201.02,212.14,200.83,208.97,207.3034,47539786.0,0.0,1.0,9.8,33.06,24.6,20.4
185,2019-08-14,2019-08-14,203.16,206.44,202.5869,202.75,201.133,36547443.0,0.0,1.0,9.8,33.06,24.9,20.4
184,2019-08-15,2019-08-15,203.46,205.14,199.67,201.74,200.131,27883363.0,0.0,1.0,9.1,33.06,24.3,19.92
183,2019-08-16,2019-08-16,204.28,207.16,203.84,206.5,204.8531,28813624.0,0.0,1.0,9.45,33.06,23.4,19.44
182,2019-08-19,2019-08-19,210.62,212.7307,210.025,210.35,208.6724,24431915.0,0.0,1.0,9.72,31.92,25.73,20.25
181,2019-08-20,2019-08-20,210.88,213.35,210.32,210.36,208.6823,26919529.0,0.0,1.0,10.44,33.44,24.8,20.5
180,2019-08-21,2019-08-21,212.99,213.65,211.6032,212.64,210.9441,21564747.0,0.0,1.0,10.08,31.92,25.42,21.5
179,2019-08-22,2019-08-22,213.19,214.435,210.75,212.46,210.7656,22267819.0,0.0,1.0,10.44,32.3,25.42,22.0
178,2019-08-23,2019-08-23,209.43,212.051,201.0,202.64,201.0239,46882843.0,0.0,1.0,10.08,32.3,24.8,22.75
177,2019-08-26,2019-08-26,205.86,207.19,205.0573,206.49,204.8432,26066130.0,0.0,1.0,15.68,31.08,22.5,23.49
176,2019-08-27,2019-08-27,207.86,208.55,203.53,204.16,202.5317,25897344.0,0.0,1.0,15.12,31.45,24.6,23.22
175,2019-08-28,2019-08-28,204.1,205.72,203.32,205.53,203.8908,15957632.0,0.0,1.0,15.12,31.08,24.9,25.38000000000001
174,2019-08-29,2019-08-29,208.5,209.32,206.655,209.01,207.3431,21007652.0,0.0,1.0,15.12,30.71,22.5,25.11000000000001
173,2019-08-30,2019-08-30,210.16,210.45,207.2,208.74,207.0752,21162561.0,0.0,1.0,38.08000000000001,31.45,23.1,23.49
172,2019-09-03,2019-09-03,206.43,206.98,204.22,205.7,204.0595,20059574.0,0.0,1.0,70.0,12.16,11.760000000000002,20.790000000000006
171,2019-09-04,2019-09-04,208.39,209.48,207.32,209.19,207.5216,19216820.0,0.0,1.0,76.0,12.16,10.64,21.06
170,2019-09-05,2019-09-05,212.0,213.97,211.51,213.28,211.579,23946984.0,0.0,1.0,82.0,11.4,10.64,19.44
169,2019-09-06,2019-09-06,214.05,214.42,212.51,213.26,211.5592,19362294.0,0.0,1.0,74.0,12.54,10.080000000000002,18.36
168,2019-09-09,2019-09-09,214.84,216.44,211.07,214.17,212.4619,27309401.0,0.0,1.0,59.52,26.25,17.94,24.3
167,2019-09-10,2019-09-10,213.86,216.78,211.71,216.7,214.9717,31777931.0,0.0,1.0,96.0,63.0,41.4,29.1
166,2019-09-11,2019-09-11,218.07,223.71,217.73,223.59,221.8068,44289646.0,0.0,1.0,77.75999999999998,75.0,42.32,27.6
165,2019-09-12,2019-09-12,224.8,226.42,222.86,223.085,221.3058,32226669.0,0.0,1.0,66.24,50.25,30.82,24.9
164,2019-09-13,2019-09-13,220.0,220.79,217.02,218.75,217.0054,39763296.0,0.0,1.0,64.32,46.5,28.06,23.7
163,2019-09-16,2019-09-16,217.73,220.13,217.56,219.9,218.1462,21158141.0,0.0,1.0,51.46,26.22,21.84,23.24
162,2019-09-17,2019-09-17,219.96,220.82,219.12,220.7,218.9398,18386468.0,0.0,1.0,50.63,24.51,20.58,23.520000000000003
161,2019-09-18,2019-09-18,221.06,222.85,219.44,222.77,220.9933,25643093.0,0.0,1.0,50.63,23.94,21.42,22.680000000000003
160,2019-09-19,2019-09-19,222.01,223.76,220.37,220.96,219.1978,22187876.0,0.0,1.0,49.8,23.94,21.0,21.840000000000003
159,2019-09-20,2019-09-20,221.38,222.56,217.473,217.73,215.9935,57977094.0,0.0,1.0,50.63,31.92,27.3,22.4
158,2019-09-23,2019-09-23,218.95,219.84,217.65,218.72,216.9756,19419648.0,0.0,1.0,37.05,30.68,37.5,26.1
157,2019-09-24,2019-09-24,221.055,222.49,217.19,217.68,215.9439,31434367.0,0.0,1.0,33.800000000000004,29.5,35.5,26.7
156,2019-09-25,2019-09-25,218.55,221.5,217.1402,221.03,219.2672,22481006.0,0.0,1.0,29.9,27.73,32.5,27.6
155,2019-09-26,2019-09-26,220.0,220.94,218.83,219.89,218.1363,19088312.0,0.0,1.0,29.25,27.73,32.0,26.4
154,2019-09-27,2019-09-27,220.54,220.96,217.2814,218.82,217.0748,25361285.0,0.0,1.0,24.05,26.55,31.5,23.4
153,2019-09-30,2019-09-30,220.9,224.58,220.79,223.97,222.1838,26318583.0,0.0,1.0,15.75,21.5,24.19,23.49
152,2019-10-01,2019-10-01,225.07,228.22,224.2,224.59,222.7988,36187163.0,0.0,1.0,36.45,43.5,35.26,6.38
151,2019-10-02,2019-10-02,223.06,223.58,217.93,218.96,217.2137,35767257.0,0.0,1.0,34.65,42.0,32.8,6.67
150,2019-10-03,2019-10-03,218.43,220.96,215.132,220.82,219.0589,30352686.0,0.0,1.0,34.65,43.0,31.16,6.959999999999999
149,2019-10-04,2019-10-04,225.64,227.49,223.89,227.01,225.1995,34755553.0,0.0,1.0,37.35,43.0,35.26,6.67
148,2019-10-07,2019-10-07,226.27,229.93,225.84,227.06,225.2491,30889269.0,0.0,1.0,35.64,43.12,33.15,6.959999999999999
147,2019-10-08,2019-10-08,225.82,228.06,224.33,224.4,222.6103,29282700.0,0.0,1.0,34.76,42.63,31.98,6.67
146,2019-10-09,2019-10-09,227.03,227.79,225.64,227.03,225.2194,19029424.0,0.0,1.0,34.32,44.1,33.54,7.249999999999999
145,2019-10-10,2019-10-10,227.93,230.44,227.3,230.09,228.2549,28962984.0,0.0,1.0,33.88,41.65,31.98,6.67
144,2019-10-11,2019-10-11,232.95,237.64,232.3075,236.21,234.3261,41990210.0,0.0,1.0,34.76,40.67,29.64,6.38
143,2019-10-14,2019-10-14,234.9,238.1342,234.6701,235.87,233.9888,24413484.0,0.0,1.0,34.44,40.89,26.520000000000003,6.6
142,2019-10-15,2019-10-15,236.39,237.65,234.88,235.32,233.4432,23040483.0,0.0,1.0,31.5,39.48,24.14,7.1999999999999975
141,2019-10-16,2019-10-16,233.37,235.24,233.2,234.37,232.5008,19286694.0,0.0,1.0,31.5,38.54,24.82,6.9
140,2019-10-17,2019-10-17,235.09,236.15,233.52,235.28,233.4036,17272897.0,0.0,1.0,30.66,39.01,23.12,6.9
139,2019-10-18,2019-10-18,234.59,237.58,234.29,236.41,234.5245,24248023.0,0.0,1.0,31.08,38.54,22.78,6.9
138,2019-10-21,2019-10-21,237.52,240.99,237.32,240.51,238.5918,21811567.0,0.0,1.0,31.57,33.97,23.04,7.439999999999999
137,2019-10-22,2019-10-22,241.16,242.2,239.6218,239.96,238.0462,22684001.0,0.0,1.0,29.52,33.11,21.44,7.439999999999999
136,2019-10-23,2019-10-23,242.1,243.24,241.22,243.18,241.2405,19932545.0,0.0,1.0,29.11,33.11,21.76,8.06
135,2019-10-24,2019-10-24,244.51,244.8,241.805,243.58,241.6374,17916255.0,0.0,1.0,27.47,31.82,22.72,7.439999999999999
134,2019-10-25,2019-10-25,243.16,246.73,242.88,246.58,244.6134,18369296.0,0.0,1.0,28.7,32.68,22.08,7.13
133,2019-10-28,2019-10-28,247.42,249.25,246.72,249.05,247.0637,23655368.0,0.0,1.0,32.76,32.34,21.39,60.0
132,2019-10-29,2019-10-29,248.97,249.75,242.57,243.29,241.3497,35709867.0,0.0,1.0,33.18,31.92,21.08,80.0
131,2019-10-30,2019-10-30,244.76,245.3,241.21,243.26,241.3199,31130522.0,0.0,1.0,32.76,30.66,20.77,59.2
130,2019-10-31,2019-10-31,247.24,249.17,237.26,248.76,246.776,34790520.0,0.0,1.0,29.82,29.4,18.29,46.40000000000001
129,2019-11-01,2019-11-01,249.54,255.93,249.16,255.82,253.7797,37781334.0,0.0,1.0,19.32,25.2,5.27,33.6
128,2019-11-04,2019-11-04,257.33,257.845,255.38,257.5,255.4463,25817952.0,0.0,1.0,18.0,26.23,6.84,17.34
127,2019-11-05,2019-11-05,257.05,258.19,256.32,257.13,255.0793,19974427.0,0.0,1.0,17.2,25.37,6.48,15.81
126,2019-11-06,2019-11-06,256.77,257.49,255.365,257.24,255.1884,18966124.0,0.0,1.0,17.2,24.94,6.48,15.81
125,2019-11-07,2019-11-07,258.74,260.35,258.11,259.43,258.1248,23735083.0,0.77,1.0,16.8,24.94,6.48,15.3
124,2019-11-08,2019-11-08,258.69,260.44,256.85,260.14,258.8312,17520495.0,0.0,1.0,16.8,25.37,7.1999999999999975,14.79
123,2019-11-11,2019-11-11,258.3,262.47,258.28,262.2,260.8809,20507459.0,0.0,1.0,19.35,25.42,8.19,12.76
122,2019-11-12,2019-11-12,261.55,262.79,260.92,261.96,260.6421,21847226.0,0.0,1.0,18.49,24.19,7.8000000000000025,12.76
121,2019-11-13,2019-11-13,261.13,264.78,261.07,264.47,263.1395,25817593.0,0.0,1.0,19.35,23.78,7.41,13.2
120,2019-11-14,2019-11-14,263.75,264.88,262.1,262.64,261.3187,22395556.0,0.0,1.0,20.21,23.78,8.97,12.32
119,2019-11-15,2019-11-15,263.68,265.78,263.01,265.76,264.423,25093666.0,0.0,1.0,21.93,23.37,8.58,12.32
118,2019-11-18,2019-11-18,265.8,267.43,264.23,267.1,265.7562,21700897.0,0.0,1.0,19.35,24.19,9.46,13.63
117,2019-11-19,2019-11-19,267.9,268.0,265.3926,266.29,264.9503,19069597.0,0.0,1.0,18.49,23.78,9.89,13.16
116,2019-11-20,2019-11-20,265.54,266.083,260.4,263.19,261.8659,26609919.0,0.0,1.0,19.35,23.78,9.89,13.63
115,2019-11-21,2019-11-21,263.69,264.005,261.18,262.01,260.6918,30348778.0,0.0,1.0,18.92,23.78,9.89,13.63
114,2019-11-22,2019-11-22,262.59,263.18,260.84,261.78,260.463,16331263.0,0.0,1.0,19.78,24.19,10.32,13.16
113,2019-11-25,2019-11-25,262.71,266.44,262.52,266.37,265.0299,21029517.0,0.0,1.0,32.64,32.13,23.76,28.35
112,2019-11-26,2019-11-26,266.94,267.16,262.5,264.29,262.9604,26334882.0,0.0,1.0,35.84,32.64,25.52,27.54000000000001
111,2019-11-27,2019-11-27,265.58,267.98,265.31,267.84,266.4925,16386122.0,0.0,1.0,44.8,34.17,30.8,31.590000000000003
110,2019-11-29,2019-11-29,266.6,268.0,265.9,267.25,265.9055,11654363.0,0.0,1.0,64.0,51.0,88.0,81.0
109,2019-12-02,2019-12-02,267.27,268.25,263.45,264.16,262.831,23693550.0,0.0,1.0,34.309999999999995,30.08,35.2,31.5
108,2019-12-03,2019-12-03,258.31,259.53,256.29,259.45,258.1447,29377268.0,0.0,1.0,27.26,27.73,21.76,22.05
107,2019-12-04,2019-12-04,261.07,263.31,260.68,261.74,260.4232,16810388.0,0.0,1.0,23.03,25.85,17.28,16.38
106,2019-12-05,2019-12-05,263.79,265.89,262.73,265.58,264.2439,18661343.0,0.0,1.0,25.85,25.38,16.64,16.38
105,2019-12-06,2019-12-06,267.48,271.0,267.3,270.71,269.3481,26547493.0,0.0,1.0,24.91,25.38,16.64,15.75
104,2019-12-09,2019-12-09,270.0,270.8,264.91,266.92,265.5771,32182645.0,0.0,1.0,19.6,22.79,13.77,13.78
103,2019-12-10,2019-12-10,268.6,270.07,265.86,268.48,267.1293,22632383.0,0.0,1.0,19.6,22.36,13.26,13.78
102,2019-12-11,2019-12-11,268.81,271.1,268.5,270.77,269.4078,19723391.0,0.0,1.0,20.0,22.36,13.26,14.31
101,2019-12-12,2019-12-12,267.78,272.5599,267.321,271.46,270.0943,34437042.0,0.0,1.0,19.200000000000006,21.93,13.77,14.84
100,2019-12-13,2019-12-13,271.46,275.3,270.93,275.15,273.7657,33432806.0,0.0,1.0,20.4,23.22,13.77,14.84
99,2019-12-16,2019-12-16,277.0,280.79,276.98,279.86,278.452,32081105.0,0.0,1.0,22.36,26.68,15.9,16.529999999999998
98,2019-12-17,2019-12-17,279.57,281.77,278.8,280.41,278.9993,28575798.0,0.0,1.0,21.93,25.76,15.37,17.099999999999998
97,2019-12-18,2019-12-18,279.8,281.9,279.12,279.74,278.3326,29024687.0,0.0,1.0,21.5,24.84,14.31,16.529999999999998
96,2019-12-19,2019-12-19,279.5,281.18,278.95,280.02,278.6112,24626947.0,0.0,1.0,21.5,25.3,13.25,15.96
95,2019-12-20,2019-12-20,282.23,282.65,278.56,279.44,278.0341,69032743.0,0.0,1.0,21.93,26.68,14.84,17.099999999999998
94,2019-12-23,2019-12-23,280.53,284.25,280.3735,284.0,282.5712,24677883.0,0.0,1.0,34.8,37.17,31.04,36.0
93,2019-12-24,2019-12-24,284.69,284.89,282.9197,284.27,282.8398,12119714.0,0.0,1.0,38.86,38.94,33.95,36.0
92,2019-12-26,2019-12-26,284.82,289.98,284.7,289.91,288.4515,23334004.0,0.0,1.0,48.13999999999999,50.15,75.66,74.0
91,2019-12-27,2019-12-27,291.12,293.97,288.12,289.8,288.342,36592936.0,0.0,1.0,38.28,43.07,49.47,48.0
90,2019-12-30,2019-12-30,289.46,292.69,285.22,291.52,290.0534,36059614.0,0.0,1.0,22.26,27.6,17.6,15.9
89,2019-12-31,2019-12-31,289.93,293.68,289.52,293.65,292.1726,25247625.0,0.0,1.0,22.26,28.06,15.95,14.31
88,2020-01-02,2020-01-02,296.24,300.6,295.19,300.35,298.8389,33911864.0,0.0,1.0,42.0,43.7,55.00000000000001,53.0
87,2020-01-03,2020-01-03,297.15,300.58,296.5,297.43,295.9336,36633878.0,0.0,1.0,40.74,43.7,53.90000000000001,52.47000000000001
86,2020-01-06,2020-01-06,293.79,299.96,292.75,299.8,298.2917,29644644.0,0.0,1.0,34.2,36.08,37.41,44.65
85,2020-01-07,2020-01-07,299.84,300.9,297.48,298.39,296.8888,27877655.0,0.0,1.0,33.82,34.85,35.69,44.18
84,2020-01-08,2020-01-08,297.16,304.4399,297.156,303.19,301.6647,33090946.0,0.0,1.0,33.06,34.03,32.25,42.77
83,2020-01-09,2020-01-09,307.235,310.43,306.2,309.63,308.0723,42621542.0,0.0,1.0,33.06,33.62,32.25,46.06
82,2020-01-10,2020-01-10,310.6,312.67,308.25,310.33,308.7687,35217272.0,0.0,1.0,32.3,34.44,32.25,42.77
81,2020-01-13,2020-01-13,311.64,317.07,311.15,316.96,315.3654,30028742.0,0.0,1.0,29.52,29.64,25.53,35.26
80,2020-01-14,2020-01-14,316.7,317.57,312.17,312.68,311.1069,40653457.0,0.0,1.0,28.8,29.26,24.79,35.69
79,2020-01-15,2020-01-15,311.85,315.5,309.55,311.34,309.7736,30480882.0,0.0,1.0,29.88,29.26,24.05,36.12
78,2020-01-16,2020-01-16,313.59,315.7,312.09,315.24,313.654,27207254.0,0.0,1.0,29.88,30.02,24.79,35.69
77,2020-01-17,2020-01-17,316.27,318.74,315.0,318.73,317.1265,34454117.0,0.0,1.0,30.24,29.64,24.79,37.41
76,2020-01-21,2020-01-21,317.19,319.02,316.0,316.57,314.9773,27235039.0,0.0,1.0,29.16,31.20000000000001,21.76,29.25
75,2020-01-22,2020-01-22,318.58,319.99,317.31,317.7,316.1017,25458115.0,0.0,1.0,29.16,30.81,20.4,30.03
74,2020-01-23,2020-01-23,317.92,319.56,315.65,319.23,317.624,26117993.0,0.0,1.0,29.52,30.03,20.74,31.20000000000001
73,2020-01-24,2020-01-24,320.25,323.33,317.5188,318.31,316.7086,36634380.0,0.0,1.0,30.24,28.86,21.76,29.64
72,2020-01-27,2020-01-27,310.06,311.77,304.88,308.95,307.3957,40485005.0,0.0,1.0,24.09,23.8,18.24,25.16
71,2020-01-28,2020-01-28,312.6,318.4,312.19,317.69,316.0917,40558486.0,0.0,1.0,25.74,24.14,17.92,28.86
70,2020-01-29,2020-01-29,324.45,327.85,321.38,324.34,322.7082,54149928.0,0.0,1.0,26.4,24.48,19.52,27.38
69,2020-01-30,2020-01-30,320.5435,324.09,318.75,323.87,322.2406,31685808.0,0.0,1.0,25.74,25.500000000000004,19.84,27.75
68,2020-01-31,2020-01-31,320.93,322.68,308.29,309.51,307.9529,49897096.0,0.0,1.0,25.41,24.48,19.84,26.64
67,2020-02-03,2020-02-03,304.3,313.49,302.22,308.66,307.1071,43496401.0,0.0,1.0,25.28,26.6,24.42,28.08
66,2020-02-04,2020-02-04,315.31,319.64,313.6345,318.85,317.2459,34154134.0,0.0,1.0,27.52,28.35,26.07,29.88
65,2020-02-05,2020-02-05,323.52,324.76,318.95,321.45,319.8328,29706718.0,0.0,1.0,28.16,28.7,25.74,30.24
64,2020-02-06,2020-02-06,322.57,325.22,320.2648,325.21,323.5739,26356385.0,0.0,1.0,28.16,29.4,26.4,31.68
63,2020-02-07,2020-02-07,322.37,323.4,318.0,320.03,319.1861,29421012.0,0.77,1.0,28.8,29.05,27.06,31.32
62,2020-02-10,2020-02-10,314.18,321.55,313.85,321.55,320.702,27337215.0,0.0,1.0,30.36000000000001,29.4,25.6,31.82
61,2020-02-11,2020-02-11,323.6,323.9,318.71,319.61,318.7672,23580780.0,0.0,1.0,28.71,29.05,23.36,32.19
60,2020-02-12,2020-02-12,321.47,327.22,321.47,327.2,326.3371,28432573.0,0.0,1.0,29.04000000000001,29.4,23.68,31.08
59,2020-02-13,2020-02-13,324.19,326.22,323.35,324.87,324.0133,23686892.0,0.0,1.0,28.71,28.7,24.64,32.56
58,2020-02-14,2020-02-14,324.73,325.98,322.85,324.95,324.0931,20028447.0,0.0,1.0,29.04000000000001,30.1,25.6,33.3
57,2020-02-18,2020-02-18,315.36,319.75,314.61,319.0,318.1588,38190545.0,0.0,1.0,29.44,31.82,26.07,29.88
56,2020-02-19,2020-02-19,320.0,324.57,320.0,323.62,322.7666,23495991.0,0.0,1.0,28.48,31.08,25.08,30.6
55,2020-02-20,2020-02-20,322.63,324.65,318.21,320.3,319.4553,25141489.0,0.0,1.0,28.16,30.34,25.74,30.6
54,2020-02-21,2020-02-21,318.62,320.45,310.5,313.05,312.2245,32426415.0,0.0,1.0,28.16,31.45,24.75,30.6
53,2020-02-24,2020-02-24,297.26,304.18,289.23,298.18,297.3937,55548828.0,0.0,1.0,30.03,30.96,22.8,28.8
52,2020-02-25,2020-02-25,300.95,302.53,286.13,288.08,287.3203,57668364.0,0.0,1.0,29.37,30.6,24.0,31.32
51,2020-02-26,2020-02-26,286.53,297.88,286.5,292.65,291.8783,49678431.0,0.0,1.0,29.04000000000001,30.6,21.6,30.6
50,2020-02-27,2020-02-27,281.1,286.0,272.96,273.52,272.7987,80151381.0,0.0,1.0,30.36000000000001,32.04,23.1,29.88
49,2020-02-28,2020-02-28,257.26,278.41,256.37,273.36,272.6391,106721230.0,0.0,1.0,31.35,32.04,22.5,30.24
48,2020-03-02,2020-03-02,282.28,301.44,277.72,298.81,298.022,85349339.0,0.0,1.0,29.04000000000001,29.88,24.36,29.92
47,2020-03-03,2020-03-03,303.67,304.0,285.8,289.32,288.557,79868852.0,0.0,1.0,31.68,31.68,23.49,27.54000000000001
46,2020-03-04,2020-03-04,296.44,303.4,293.13,302.74,301.9417,54794568.0,0.0,1.0,28.71,29.88,23.49,28.9
45,2020-03-05,2020-03-05,295.52,299.55,291.41,292.92,292.1475,46893219.0,0.0,1.0,28.38000000000001,29.88,22.33,28.22
44,2020-03-06,2020-03-06,282.0,290.82,281.23,289.03,288.2678,56544246.0,0.0,1.0,28.71,29.52,22.33,31.28
43,2020-03-09,2020-03-09,263.75,278.09,263.0,266.17,265.4681,71686208.0,0.0,1.0,27.84,27.20000000000001,21.32,27.9
42,2020-03-10,2020-03-10,277.14,286.44,269.37,285.34,284.5875,71322520.0,0.0,1.0,27.2,27.20000000000001,20.02,25.73
41,2020-03-11,2020-03-11,277.39,281.22,271.86,275.43,274.7037,64094970.0,0.0,1.0,26.24,26.520000000000003,19.5,25.11
40,2020-03-12,2020-03-12,255.94,270.0,248.0,248.23,247.5754,104618517.0,0.0,1.0,25.6,23.12,16.38,22.63
39,2020-03-13,2020-03-13,264.89,279.92,252.95,277.97,277.237,92683032.0,0.0,1.0,26.24,24.48,16.12,21.7
38,2020-03-16,2020-03-16,241.95,259.08,240.0,242.21,241.5713,80605865.0,0.0,1.0,28.71,24.09,10.26,20.160000000000004
37,2020-03-17,2020-03-17,247.51,257.61,238.4,252.86,252.1932,81013965.0,0.0,1.0,28.05,24.42,9.31,20.72
36,2020-03-18,2020-03-18,239.77,250.0,237.12,246.67,246.0195,75058406.0,0.0,1.0,30.03,25.41,9.88,20.44
35,2020-03-19,2020-03-19,247.385,252.84,242.61,244.78,244.1345,67964255.0,0.0,1.0,30.03,26.4,10.26,21.56
34,2020-03-20,2020-03-20,247.18,251.83,228.0,229.24,228.6355,100423346.0,0.0,1.0,27.39,25.08,9.5,19.040000000000006
33,2020-03-23,2020-03-23,228.08,228.4997,212.61,224.37,223.7783,84188208.0,0.0,1.0,29.92,26.86000000000001,11.13,23.4
32,2020-03-24,2020-03-24,236.36,247.69,234.3,246.88,246.229,71882773.0,0.0,1.0,30.94,26.86000000000001,11.97,22.5
31,2020-03-25,2020-03-25,250.75,258.25,244.3,245.52,244.8725,75900510.0,0.0,1.0,30.94,27.88000000000001,12.39,24.0
30,2020-03-26,2020-03-26,246.52,258.68,246.36,258.44,257.7585,63140169.0,0.0,1.0,29.92,28.22,12.39,23.1
29,2020-03-27,2020-03-27,252.75,255.87,247.05,247.74,247.0867,51054153.0,0.0,1.0,29.92,27.88000000000001,12.6,24.0
28,2020-03-30,2020-03-30,250.74,255.52,249.4,254.81,254.138,41994110.0,0.0,1.0,27.2,27.3,12.18,19.71
27,2020-03-31,2020-03-31,255.6,262.49,252.0,254.29,253.6194,49250501.0,0.0,1.0,27.52,28.0,12.81,18.9
26,2020-04-01,2020-04-01,246.5,248.72,239.13,240.91,240.2747,44054638.0,0.0,1.0,24.0,23.45,12.39,21.87
25,2020-04-02,2020-04-02,240.34,245.15,236.9,244.93,244.2841,41483493.0,0.0,1.0,23.36,23.45,12.39,21.6
24,2020-04-03,2020-04-03,242.8,245.7,238.9741,241.41,240.7734,32470017.0,0.0,1.0,23.68,23.45,11.76,20.790000000000006
23,2020-04-06,2020-04-06,250.9,263.11,249.38,262.47,261.7778,50455071.0,0.0,1.0,24.09,22.4,14.4,21.28
22,2020-04-07,2020-04-07,270.8,271.7,259.0,259.43,258.7459,50721831.0,0.0,1.0,24.42,23.45,15.36,22.96
21,2020-04-08,2020-04-08,262.74,267.37,261.23,266.07,265.3684,42223821.0,0.0,1.0,24.75,24.5,15.12,23.520000000000003
20,2020-04-09,2020-04-09,268.7,270.07,264.7,267.99,267.2833,40529123.0,0.0,1.0,24.09,24.5,14.4,22.4
19,2020-04-13,2020-04-13,268.31,273.7,265.83,273.25,272.5294,32755731.0,0.0,1.0,30.03,30.53,18.200000000000006,26.97
18,2020-04-14,2020-04-14,280.0,288.25,278.05,287.05,286.293,48748672.0,0.0,1.0,30.81,31.39,20.44,26.35
17,2020-04-15,2020-04-15,282.4,286.33,280.63,284.43,283.6799,32788641.0,0.0,1.0,33.93,39.56,21.000000000000004,28.52
16,2020-04-16,2020-04-16,287.38,288.1975,282.3502,286.69,285.934,39281290.0,0.0,1.0,35.49,41.71,21.840000000000003,31.0
15,2020-04-17,2020-04-17,284.69,286.945,276.86,282.8,282.0542,53812478.0,0.0,1.0,37.44,43.0,22.680000000000003,28.52
14,2020-04-20,2020-04-20,277.95,281.68,276.85,276.93,276.1997,32503750.0,0.0,1.0,30.71,31.57,21.75,25.2
13,2020-04-21,2020-04-21,276.28,277.25,265.43,268.37,267.6623,45247893.0,0.0,1.0,31.08,30.34,22.62,26.7
12,2020-04-22,2020-04-22,273.61,277.9,272.2,276.1,275.3719,29264342.0,0.0,1.0,31.08,32.8,23.78,27.6
11,2020-04-23,2020-04-23,275.87,281.75,274.87,275.03,274.3047,31203582.0,0.0,1.0,31.08,31.98,22.33,24.9
10,2020-04-24,2020-04-24,277.2,283.01,277.0,282.97,282.2238,31627183.0,0.0,1.0,31.08,34.85,23.49,24.0
9,2020-04-27,2020-04-27,281.8,284.54,279.95,283.17,282.4233,29271893.0,0.0,1.0,33.54,30.42,30.94,26.1
8,2020-04-28,2020-04-28,285.08,285.83,278.2,278.58,277.8454,28001187.0,0.0,1.0,33.93,30.81,30.26,27.3
7,2020-04-29,2020-04-29,284.73,289.67,283.89,287.73,286.9712,34320204.0,0.0,1.0,33.54,29.25,28.9,26.4
6,2020-04-30,2020-04-30,289.96,294.53,288.35,293.8,293.0252,45765968.0,0.0,1.0,34.71,30.03,29.58,26.4
5,2020-05-01,2020-05-01,286.25,299.0,285.85,289.07,288.3077,60154175.0,0.0,1.0,37.05,35.1,25.840000000000003,27.3
4,2020-05-04,2020-05-04,289.17,293.69,286.3172,293.16,292.3869,33391986.0,0.0,1.0,34.58,33.54,30.4,26.7
3,2020-05-05,2020-05-05,295.06,301.0,294.46,297.56,296.7753,36937795.0,0.0,1.0,36.1,33.54,30.78,27.3
2,2020-05-06,2020-05-06,300.46,303.24,298.87,300.63,299.8372,35583438.0,0.0,1.0,36.48,37.83,33.06,29.4
1,2020-05-07,2020-05-07,303.22,305.17,301.97,303.74,302.939,28803764.0,0.0,1.0,34.58,34.71,31.54,28.2
0,2020-05-08,2020-05-08,305.64,310.35,304.29,310.13,310.13,33511985.0,0.82,1.0,35.34,34.71,31.92,26.7
