,Trump,Donald Trump,President of USA,Close,DateTime
0,21.0,4.0,0.0,105.23,2019-12-02 11:00:00
1,26.0,5.0,0.0,105.0,2019-12-02 12:00:00
2,29.0,6.0,0.0,105.0,2019-12-02 13:00:00
3,32.0,7.0,0.0,104.17,2019-12-02 14:00:00
4,35.0,7.0,0.0,104.24,2019-12-02 15:00:00
5,38.0,7.0,0.0,104.49,2019-12-02 16:00:00
6,40.0,8.0,0.0,104.33,2019-12-02 17:00:00
7,41.0,8.0,0.0,104.51,2019-12-02 18:00:00
8,43.0,9.0,0.0,104.615,2019-12-02 19:00:00
9,46.0,9.0,0.0,104.475,2019-12-02 20:00:00
10,49.0,9.0,0.0,105.0,2019-12-02 21:00:00
11,63.0,11.0,0.0,105.0,2019-12-02 22:00:00
12,59.0,11.0,0.0,105.0,2019-12-02 23:00:00
13,53.0,10.0,0.0,105.0,2019-12-03 00:00:00
14,29.0,5.0,0.0,104.895,2019-12-03 11:00:00
15,33.0,6.0,0.0,104.895,2019-12-03 12:00:00
16,35.0,7.0,0.0,104.895,2019-12-03 13:00:00
17,39.0,7.0,0.0,104.325,2019-12-03 14:00:00
18,42.0,8.0,0.0,104.365,2019-12-03 15:00:00
19,44.0,8.0,0.0,104.225,2019-12-03 16:00:00
20,46.0,9.0,0.0,104.19,2019-12-03 17:00:00
21,50.0,10.0,0.0,104.495,2019-12-03 18:00:00
22,55.0,10.0,0.0,104.545,2019-12-03 19:00:00
23,59.0,11.0,0.0,104.495,2019-12-03 20:00:00
24,58.0,10.0,0.0,105.0,2019-12-03 21:00:00
25,63.0,12.0,0.0,105.0,2019-12-03 22:00:00
26,67.0,13.0,0.0,105.0,2019-12-03 23:00:00
27,66.0,12.0,0.0,105.0,2019-12-04 00:00:00
28,33.0,6.0,0.0,105.095,2019-12-04 11:00:00
29,39.0,7.0,0.0,105.0,2019-12-04 12:00:00
30,46.0,8.0,0.0,105.0,2019-12-04 13:00:00
31,54.0,9.0,0.0,105.185,2019-12-04 14:00:00
32,59.0,10.0,0.0,105.105,2019-12-04 15:00:00
33,63.0,11.0,0.0,105.1,2019-12-04 16:00:00
34,67.0,12.0,0.0,105.25,2019-12-04 17:00:00
35,69.0,12.0,0.0,105.355,2019-12-04 18:00:00
36,70.0,12.0,0.0,105.415,2019-12-04 19:00:00
37,67.0,11.0,0.0,105.205,2019-12-04 20:00:00
38,74.0,12.0,0.0,107.605,2019-12-04 21:00:00
39,96.0,14.0,0.0,107.605,2019-12-04 22:00:00
40,100.0,15.0,0.0,107.605,2019-12-04 23:00:00
41,92.0,14.0,0.0,105.17,2019-12-05 00:00:00
42,26.0,5.0,0.0,200.0,2019-12-05 09:00:00
43,28.0,5.0,0.0,200.0,2019-12-05 10:00:00
44,34.0,6.0,0.0,105.49,2019-12-05 11:00:00
45,41.0,7.0,0.0,105.0,2019-12-05 12:00:00
46,45.0,8.0,0.0,105.0,2019-12-05 13:00:00
47,64.0,11.0,0.0,105.18,2019-12-05 14:00:00
48,62.0,11.0,0.0,105.1,2019-12-05 15:00:00
49,61.0,11.0,0.0,104.485,2019-12-05 16:00:00
50,63.0,12.0,0.0,104.435,2019-12-05 17:00:00
51,65.0,12.0,0.0,104.585,2019-12-05 18:00:00
52,64.0,12.0,0.0,104.555,2019-12-05 19:00:00
53,64.0,12.0,0.0,104.68,2019-12-05 20:00:00
54,68.0,12.0,0.0,104.96,2019-12-05 21:00:00
55,74.0,14.0,0.0,104.96,2019-12-05 22:00:00
56,76.0,14.0,0.0,104.96,2019-12-05 23:00:00
57,75.0,14.0,0.0,104.96,2019-12-06 00:00:00
58,23.0,4.0,0.0,200.0,2019-12-06 09:00:00
59,24.0,5.0,0.0,200.0,2019-12-06 10:00:00
60,29.0,6.0,0.0,105.15,2019-12-06 11:00:00
61,36.0,7.0,0.0,105.0,2019-12-06 12:00:00
62,40.0,8.0,0.0,107.345,2019-12-06 13:00:00
63,41.0,8.0,0.0,105.05,2019-12-06 14:00:00
64,42.0,8.0,0.0,105.015,2019-12-06 15:00:00
65,45.0,9.0,0.0,105.305,2019-12-06 16:00:00
66,47.0,9.0,0.0,105.42,2019-12-06 17:00:00
67,49.0,10.0,0.0,105.455,2019-12-06 18:00:00
68,50.0,10.0,0.0,105.475,2019-12-06 19:00:00
69,52.0,10.0,0.0,105.28,2019-12-06 20:00:00
70,56.0,11.0,0.0,105.0,2019-12-06 21:00:00
71,59.0,11.0,0.0,105.0,2019-12-06 22:00:00
72,62.0,12.0,0.0,105.0,2019-12-06 23:00:00
73,61.0,11.0,0.0,105.0,2019-12-07 00:00:00
74,24.0,5.0,0.0,105.3,2019-12-09 11:00:00
75,29.0,6.0,0.0,105.0,2019-12-09 12:00:00
76,34.0,7.0,0.0,104.915,2019-12-09 13:00:00
77,41.0,8.0,0.0,104.73,2019-12-09 14:00:00
78,44.0,9.0,0.0,104.5,2019-12-09 15:00:00
79,46.0,9.0,0.0,104.455,2019-12-09 16:00:00
80,49.0,10.0,0.0,104.495,2019-12-09 17:00:00
81,53.0,11.0,0.0,104.53,2019-12-09 18:00:00
82,55.0,11.0,0.0,104.585,2019-12-09 19:00:00
83,57.0,11.0,0.0,104.63,2019-12-09 20:00:00
84,60.0,12.0,0.0,104.915,2019-12-09 21:00:00
85,66.0,12.0,0.0,104.915,2019-12-09 22:00:00
86,75.0,14.0,0.0,105.0,2019-12-09 23:00:00
87,70.0,13.0,0.0,105.0,2019-12-10 00:00:00
88,34.0,7.0,0.0,105.0,2019-12-10 12:00:00
89,39.0,8.0,0.0,105.0,2019-12-10 13:00:00
90,70.0,14.0,0.0,104.6,2019-12-10 14:00:00
91,63.0,13.0,0.0,104.68,2019-12-10 15:00:00
92,62.0,12.0,0.0,104.63,2019-12-10 16:00:00
93,62.0,12.0,0.0,104.465,2019-12-10 17:00:00
94,62.0,12.0,0.0,104.45,2019-12-10 18:00:00
95,61.0,12.0,0.0,104.56,2019-12-10 19:00:00
96,62.0,12.0,0.0,104.625,2019-12-10 20:00:00
97,67.0,13.0,0.0,107.2,2019-12-10 21:00:00
98,76.0,14.0,0.0,107.2,2019-12-10 22:00:00
99,93.0,16.0,0.0,107.2,2019-12-10 23:00:00
100,100.0,16.0,0.0,107.2,2019-12-11 00:00:00
101,37.0,7.0,0.0,105.0,2019-12-11 12:00:00
102,43.0,8.0,0.0,105.0,2019-12-11 13:00:00
103,47.0,9.0,0.0,104.86,2019-12-11 14:00:00
104,49.0,9.0,0.0,104.395,2019-12-11 15:00:00
105,51.0,10.0,0.0,104.47,2019-12-11 16:00:00
106,54.0,10.0,0.0,104.305,2019-12-11 17:00:00
107,55.0,10.0,0.0,104.17,2019-12-11 18:00:00
108,57.0,11.0,0.0,104.13,2019-12-11 19:00:00
109,57.0,11.0,0.0,103.875,2019-12-11 20:00:00
110,65.0,12.0,0.0,104.595,2019-12-11 21:00:00
111,69.0,13.0,0.0,104.595,2019-12-11 22:00:00
112,75.0,14.0,0.0,104.595,2019-12-11 23:00:00
113,78.0,15.0,0.0,104.595,2019-12-12 00:00:00
114,29.0,6.0,0.0,104.69,2019-12-12 11:00:00
115,38.0,8.0,0.0,106.49,2019-12-12 12:00:00
116,46.0,10.0,0.0,102.5,2019-12-12 13:00:00
117,57.0,12.0,0.0,103.81,2019-12-12 14:00:00
118,60.0,12.0,0.0,104.335,2019-12-12 15:00:00
119,62.0,13.0,0.0,104.185,2019-12-12 16:00:00
120,65.0,13.0,0.0,104.14,2019-12-12 17:00:00
121,69.0,14.0,0.0,104.295,2019-12-12 18:00:00
122,70.0,14.0,0.0,104.415,2019-12-12 19:00:00
123,72.0,14.0,0.0,104.125,2019-12-12 20:00:00
124,79.0,15.0,0.0,103.5,2019-12-12 21:00:00
125,87.0,17.0,0.0,103.5,2019-12-12 22:00:00
126,92.0,18.0,0.0,104.275,2019-12-12 23:00:00
127,92.0,17.0,0.0,104.275,2019-12-13 00:00:00
128,41.0,9.0,0.0,104.275,2019-12-13 12:00:00
129,48.0,10.0,0.0,104.275,2019-12-13 13:00:00
130,57.0,11.0,0.0,104.105,2019-12-13 14:00:00
131,95.0,19.0,0.0,104.07,2019-12-13 15:00:00
132,84.0,17.0,0.0,104.25,2019-12-13 16:00:00
133,88.0,18.0,0.0,104.28,2019-12-13 17:00:00
134,83.0,17.0,0.0,104.39,2019-12-13 18:00:00
135,82.0,17.0,0.0,104.51,2019-12-13 19:00:00
136,86.0,17.0,0.0,104.465,2019-12-13 20:00:00
137,86.0,17.0,0.0,104.275,2019-12-13 21:00:00
138,88.0,17.0,0.0,104.275,2019-12-13 22:00:00
139,99.0,19.0,0.0,104.275,2019-12-13 23:00:00
140,98.0,19.0,0.0,104.275,2019-12-14 00:00:00
141,1.0,0.0,0.0,104.275,2019-12-16 12:00:00
142,1.0,0.0,0.0,104.275,2019-12-16 13:00:00
143,1.0,0.0,0.0,105.565,2019-12-16 14:00:00
144,1.0,0.0,0.0,105.87,2019-12-16 15:00:00
145,2.0,0.0,0.0,105.93,2019-12-16 16:00:00
146,2.0,0.0,0.0,105.615,2019-12-16 17:00:00
147,2.0,0.0,0.0,105.585,2019-12-16 18:00:00
148,3.0,1.0,0.0,105.265,2019-12-16 19:00:00
149,5.0,2.0,0.0,105.19,2019-12-16 20:00:00
150,2.0,0.0,0.0,106.275,2019-12-16 21:00:00
151,2.0,0.0,0.0,106.275,2019-12-16 22:00:00
152,2.0,0.0,0.0,106.275,2019-12-16 23:00:00
153,2.0,0.0,0.0,106.275,2019-12-17 00:00:00
154,1.0,0.0,0.0,106.275,2019-12-17 12:00:00
155,1.0,0.0,0.0,106.5,2019-12-17 13:00:00
156,1.0,0.0,0.0,105.48,2019-12-17 14:00:00
157,2.0,0.0,0.0,106.09,2019-12-17 15:00:00
158,2.0,0.0,0.0,106.215,2019-12-17 16:00:00
159,2.0,0.0,0.0,106.025,2019-12-17 17:00:00
160,2.0,0.0,0.0,106.12,2019-12-17 18:00:00
161,2.0,0.0,0.0,106.075,2019-12-17 19:00:00
162,3.0,0.0,0.0,105.985,2019-12-17 20:00:00
163,3.0,0.0,0.0,106.5,2019-12-17 21:00:00
164,3.0,1.0,0.0,106.5,2019-12-17 22:00:00
165,4.0,1.0,0.0,106.5,2019-12-17 23:00:00
166,4.0,1.0,0.0,106.5,2019-12-18 00:00:00
167,2.0,0.0,0.0,107.005,2019-12-18 11:00:00
168,2.0,0.0,0.0,106.275,2019-12-18 12:00:00
169,3.0,1.0,0.0,106.275,2019-12-18 13:00:00
170,4.0,1.0,0.0,106.045,2019-12-18 14:00:00
171,5.0,1.0,0.0,106.385,2019-12-18 15:00:00
172,6.0,1.0,0.0,106.14,2019-12-18 16:00:00
173,8.0,2.0,0.0,106.135,2019-12-18 17:00:00
174,8.0,2.0,0.0,106.025,2019-12-18 18:00:00
175,8.0,2.0,0.0,105.835,2019-12-18 19:00:00
176,9.0,2.0,0.0,105.925,2019-12-18 20:00:00
177,11.0,2.0,0.0,105.13,2019-12-18 21:00:00
178,13.0,3.0,0.0,105.13,2019-12-18 22:00:00
179,16.0,3.0,0.0,105.13,2019-12-18 23:00:00
180,19.0,3.0,0.0,105.13,2019-12-19 00:00:00
181,8.0,2.0,0.0,105.13,2019-12-19 09:00:00
182,8.0,2.0,0.0,105.13,2019-12-19 10:00:00
183,10.0,3.0,0.0,105.13,2019-12-19 11:00:00
184,11.0,3.0,0.0,105.13,2019-12-19 12:00:00
185,11.0,3.0,0.0,105.13,2019-12-19 13:00:00
186,10.0,3.0,0.0,106.315,2019-12-19 14:00:00
187,10.0,2.0,0.0,107.025,2019-12-19 15:00:00
188,10.0,2.0,0.0,107.145,2019-12-19 16:00:00
189,9.0,2.0,0.0,106.955,2019-12-19 17:00:00
190,9.0,2.0,0.0,107.285,2019-12-19 18:00:00
191,9.0,2.0,0.0,107.02,2019-12-19 19:00:00
192,9.0,2.0,0.0,107.045,2019-12-19 20:00:00
193,9.0,2.0,0.0,105.13,2019-12-19 21:00:00
194,9.0,2.0,0.0,105.13,2019-12-19 22:00:00
195,10.0,2.0,0.0,105.13,2019-12-19 23:00:00
196,10.0,2.0,0.0,105.13,2019-12-20 00:00:00
197,2.0,1.0,0.0,105.13,2019-12-20 09:00:00
198,2.0,1.0,0.0,105.13,2019-12-20 10:00:00
199,3.0,1.0,0.0,105.13,2019-12-20 11:00:00
200,3.0,1.0,0.0,105.13,2019-12-20 12:00:00
201,3.0,1.0,0.0,106.105,2019-12-20 13:00:00
202,4.0,1.0,0.0,107.675,2019-12-20 14:00:00
203,4.0,1.0,0.0,107.805,2019-12-20 15:00:00
204,4.0,1.0,0.0,107.83,2019-12-20 16:00:00
205,4.0,1.0,0.0,107.655,2019-12-20 17:00:00
206,4.0,1.0,0.0,107.36,2019-12-20 18:00:00
207,4.0,1.0,0.0,107.595,2019-12-20 19:00:00
208,4.0,1.0,0.0,107.61,2019-12-20 20:00:00
209,4.0,1.0,0.0,106.75,2019-12-20 21:00:00
210,5.0,1.0,0.0,106.75,2019-12-20 22:00:00
211,5.0,1.0,0.0,105.6,2019-12-20 23:00:00
212,5.0,1.0,0.0,105.6,2019-12-21 00:00:00
213,9.0,2.0,0.0,105.775,2019-12-30 09:00:00
214,9.0,2.0,0.0,105.775,2019-12-30 10:00:00
215,11.0,2.0,0.0,105.775,2019-12-30 11:00:00
216,13.0,3.0,0.0,105.775,2019-12-30 12:00:00
217,15.0,3.0,0.0,105.775,2019-12-30 13:00:00
218,16.0,3.0,0.0,107.7,2019-12-30 14:00:00
219,17.0,4.0,0.0,107.24,2019-12-30 15:00:00
220,18.0,4.0,0.0,107.17,2019-12-30 16:00:00
221,19.0,4.0,0.0,107.14,2019-12-30 17:00:00
222,20.0,4.0,0.0,107.105,2019-12-30 18:00:00
223,21.0,4.0,0.0,107.035,2019-12-30 19:00:00
224,22.0,5.0,0.0,107.005,2019-12-30 20:00:00
225,23.0,5.0,0.0,105.165,2019-12-30 21:00:00
226,25.0,5.0,0.0,105.165,2019-12-30 22:00:00
227,27.0,6.0,0.0,105.775,2019-12-30 23:00:00
228,27.0,6.0,0.0,105.775,2019-12-31 00:00:00
229,9.0,2.0,0.0,105.775,2019-12-31 09:00:00
230,9.0,2.0,0.0,105.775,2019-12-31 10:00:00
231,11.0,2.0,0.0,105.775,2019-12-31 11:00:00
232,13.0,3.0,0.0,105.775,2019-12-31 12:00:00
233,15.0,3.0,0.0,105.165,2019-12-31 13:00:00
234,17.0,4.0,0.0,107.465,2019-12-31 14:00:00
235,18.0,4.0,0.0,106.995,2019-12-31 15:00:00
236,19.0,4.0,0.0,106.855,2019-12-31 16:00:00
237,20.0,4.0,0.0,106.75,2019-12-31 17:00:00
238,21.0,4.0,0.0,106.895,2019-12-31 18:00:00
239,22.0,5.0,0.0,106.97,2019-12-31 19:00:00
240,23.0,5.0,0.0,107.115,2019-12-31 20:00:00
241,24.0,5.0,0.0,105.165,2019-12-31 21:00:00
242,26.0,6.0,0.0,105.165,2019-12-31 22:00:00
243,26.0,6.0,0.0,105.775,2019-12-31 23:00:00
244,26.0,6.0,0.0,105.775,2020-01-01 00:00:00
245,9.0,2.0,0.0,105.775,2020-01-02 09:00:00
246,9.0,2.0,0.0,105.775,2020-01-02 10:00:00
247,10.0,2.0,0.0,105.775,2020-01-02 11:00:00
248,13.0,3.0,0.0,105.775,2020-01-02 12:00:00
249,14.0,3.0,0.0,106.14,2020-01-02 13:00:00
250,16.0,3.0,0.0,107.59,2020-01-02 14:00:00
251,17.0,4.0,0.0,107.555,2020-01-02 15:00:00
252,17.0,4.0,0.0,107.385,2020-01-02 16:00:00
253,19.0,4.0,0.0,107.52,2020-01-02 17:00:00
254,20.0,4.0,0.0,107.235,2020-01-02 18:00:00
255,20.0,4.0,0.0,107.36,2020-01-02 19:00:00
256,21.0,5.0,0.0,107.845,2020-01-02 20:00:00
257,23.0,5.0,0.0,106.75,2020-01-02 21:00:00
258,25.0,6.0,0.0,106.75,2020-01-02 22:00:00
259,28.0,6.0,0.0,105.775,2020-01-02 23:00:00
260,28.0,6.0,0.0,105.775,2020-01-03 00:00:00
261,32.0,9.0,0.0,105.775,2020-01-03 09:00:00
262,35.0,9.0,0.0,105.775,2020-01-03 10:00:00
263,42.0,10.0,0.0,105.775,2020-01-03 11:00:00
264,52.0,12.0,0.0,105.775,2020-01-03 12:00:00
265,58.0,13.0,0.0,105.775,2020-01-03 13:00:00
266,64.0,15.0,0.0,107.035,2020-01-03 14:00:00
267,69.0,16.0,0.0,107.21,2020-01-03 15:00:00
268,72.0,17.0,0.0,107.29,2020-01-03 16:00:00
269,78.0,19.0,0.0,107.53,2020-01-03 17:00:00
270,83.0,21.0,0.0,108.02,2020-01-03 18:00:00
271,85.0,22.0,0.0,108.275,2020-01-03 19:00:00
272,91.0,23.0,0.0,108.255,2020-01-03 20:00:00
273,91.0,23.0,0.0,105.775,2020-01-03 21:00:00
274,97.0,25.0,0.0,105.775,2020-01-03 22:00:00
275,100.0,26.0,0.0,105.775,2020-01-03 23:00:00
276,97.0,25.0,0.0,105.775,2020-01-04 00:00:00
277,13.0,3.0,0.0,105.775,2020-01-06 09:00:00
278,13.0,4.0,0.0,105.775,2020-01-06 10:00:00
279,15.0,4.0,0.0,105.775,2020-01-06 11:00:00
280,17.0,5.0,0.0,105.775,2020-01-06 12:00:00
281,18.0,5.0,0.0,105.775,2020-01-06 13:00:00
282,18.0,5.0,0.0,107.135,2020-01-06 14:00:00
283,20.0,5.0,0.0,107.46,2020-01-06 15:00:00
284,21.0,5.0,0.0,107.585,2020-01-06 16:00:00
285,22.0,6.0,0.0,107.91,2020-01-06 17:00:00
286,23.0,6.0,0.0,107.84,2020-01-06 18:00:00
287,23.0,6.0,0.0,107.93,2020-01-06 19:00:00
288,24.0,6.0,0.0,108.235,2020-01-06 20:00:00
289,25.0,6.0,0.0,106.35,2020-01-06 21:00:00
290,26.0,7.0,0.0,106.35,2020-01-06 22:00:00
291,29.0,7.0,0.0,105.805,2020-01-06 23:00:00
292,28.0,7.0,0.0,105.805,2020-01-07 00:00:00
293,10.0,3.0,0.0,105.775,2020-01-07 09:00:00
294,10.0,3.0,0.0,105.775,2020-01-07 10:00:00
295,12.0,3.0,0.0,105.775,2020-01-07 11:00:00
296,13.0,4.0,0.0,105.775,2020-01-07 12:00:00
297,14.0,4.0,0.0,106.75,2020-01-07 13:00:00
298,14.0,4.0,0.0,107.21,2020-01-07 14:00:00
299,15.0,4.0,0.0,107.39,2020-01-07 15:00:00
300,16.0,4.0,0.0,107.555,2020-01-07 16:00:00
301,17.0,5.0,0.0,107.265,2020-01-07 17:00:00
302,18.0,5.0,0.0,107.025,2020-01-07 18:00:00
303,19.0,5.0,0.0,106.775,2020-01-07 19:00:00
304,19.0,5.0,0.0,106.42,2020-01-07 20:00:00
305,20.0,5.0,0.0,106.01,2020-01-07 21:00:00
306,21.0,6.0,0.0,106.01,2020-01-07 22:00:00
307,30.0,8.0,0.0,105.775,2020-01-07 23:00:00
308,55.0,14.0,0.0,105.775,2020-01-08 00:00:00
309,18.0,5.0,0.0,105.775,2020-01-08 09:00:00
310,20.0,5.0,0.0,105.775,2020-01-08 10:00:00
311,23.0,6.0,0.0,105.775,2020-01-08 11:00:00
312,28.0,7.0,0.0,105.775,2020-01-08 12:00:00
313,33.0,8.0,0.0,105.045,2020-01-08 13:00:00
314,37.0,8.0,0.0,106.425,2020-01-08 14:00:00
315,47.0,10.0,0.0,105.855,2020-01-08 15:00:00
316,100.0,17.0,0.0,106.065,2020-01-08 16:00:00
317,53.0,11.0,0.0,105.99,2020-01-08 17:00:00
318,39.0,9.0,0.0,105.64,2020-01-08 18:00:00
319,33.0,8.0,0.0,106.045,2020-01-08 19:00:00
320,31.0,8.0,0.0,105.825,2020-01-08 20:00:00
321,31.0,7.0,0.0,104.775,2020-01-08 21:00:00
322,32.0,8.0,0.0,106.465,2020-01-08 22:00:00
323,32.0,8.0,0.0,106.275,2020-01-08 23:00:00
324,30.0,7.0,0.0,106.275,2020-01-09 00:00:00
325,11.0,3.0,0.0,107.18,2020-01-09 11:00:00
326,12.0,3.0,0.0,106.275,2020-01-09 12:00:00
327,13.0,3.0,0.0,104.775,2020-01-09 13:00:00
328,13.0,4.0,0.0,106.605,2020-01-09 14:00:00
329,14.0,4.0,0.0,107.15,2020-01-09 15:00:00
330,15.0,4.0,0.0,107.42,2020-01-09 16:00:00
331,17.0,4.0,0.0,107.86,2020-01-09 17:00:00
332,16.0,4.0,0.0,107.58,2020-01-09 18:00:00
333,16.0,4.0,0.0,107.475,2020-01-09 19:00:00
334,17.0,4.0,0.0,107.35,2020-01-09 20:00:00
335,18.0,4.0,0.0,106.275,2020-01-09 21:00:00
336,19.0,4.0,0.0,108.675,2020-01-09 22:00:00
337,23.0,5.0,0.0,106.275,2020-01-09 23:00:00
338,25.0,5.0,0.0,106.275,2020-01-10 00:00:00
339,8.0,2.0,0.0,108.03,2020-01-10 11:00:00
340,9.0,2.0,0.0,106.275,2020-01-10 12:00:00
341,10.0,2.0,0.0,106.275,2020-01-10 13:00:00
342,11.0,3.0,0.0,107.325,2020-01-10 14:00:00
343,11.0,3.0,0.0,107.235,2020-01-10 15:00:00
344,11.0,3.0,0.0,107.565,2020-01-10 16:00:00
345,12.0,3.0,0.0,107.765,2020-01-10 17:00:00
346,12.0,3.0,0.0,107.585,2020-01-10 18:00:00
347,13.0,3.0,0.0,107.4,2020-01-10 19:00:00
348,13.0,3.0,0.0,106.845,2020-01-10 20:00:00
349,14.0,3.0,0.0,105.25,2020-01-10 21:00:00
350,14.0,3.0,0.0,105.25,2020-01-10 22:00:00
351,15.0,3.0,0.0,106.275,2020-01-10 23:00:00
352,15.0,3.0,0.0,106.275,2020-01-11 00:00:00
353,19.0,4.0,0.0,107.6,2020-01-13 11:00:00
354,22.0,5.0,0.0,106.275,2020-01-13 12:00:00
355,25.0,6.0,0.0,105.1,2020-01-13 13:00:00
356,27.0,6.0,0.0,107.095,2020-01-13 14:00:00
357,28.0,7.0,0.0,107.395,2020-01-13 15:00:00
358,31.0,7.0,0.0,107.22,2020-01-13 16:00:00
359,34.0,8.0,0.0,107.25,2020-01-13 17:00:00
360,36.0,8.0,0.0,106.95,2020-01-13 18:00:00
361,37.0,8.0,0.0,106.995,2020-01-13 19:00:00
362,38.0,8.0,0.0,107.075,2020-01-13 20:00:00
363,42.0,9.0,0.0,105.0,2020-01-13 21:00:00
364,46.0,10.0,0.0,105.0,2020-01-13 22:00:00
365,50.0,10.0,0.0,106.275,2020-01-13 23:00:00
366,52.0,11.0,0.0,106.275,2020-01-14 00:00:00
367,20.0,4.0,0.0,107.555,2020-01-14 11:00:00
368,24.0,5.0,0.0,106.275,2020-01-14 12:00:00
369,28.0,6.0,0.0,105.25,2020-01-14 13:00:00
370,30.0,6.0,0.0,107.04,2020-01-14 14:00:00
371,32.0,7.0,0.0,106.93,2020-01-14 15:00:00
372,33.0,7.0,0.0,106.745,2020-01-14 16:00:00
373,35.0,8.0,0.0,106.83,2020-01-14 17:00:00
374,36.0,8.0,0.0,106.595,2020-01-14 18:00:00
375,37.0,8.0,0.0,106.41,2020-01-14 19:00:00
376,38.0,8.0,0.0,106.555,2020-01-14 20:00:00
377,40.0,8.0,0.0,104.975,2020-01-14 21:00:00
378,49.0,10.0,0.0,104.975,2020-01-14 22:00:00
379,57.0,10.0,0.0,104.975,2020-01-14 23:00:00
380,63.0,11.0,0.0,104.975,2020-01-15 00:00:00
381,24.0,5.0,0.0,106.275,2020-01-15 12:00:00
382,28.0,6.0,0.0,105.25,2020-01-15 13:00:00
383,29.0,6.0,0.0,106.98,2020-01-15 14:00:00
384,34.0,7.0,0.0,107.505,2020-01-15 15:00:00
385,36.0,8.0,0.0,107.955,2020-01-15 16:00:00
386,40.0,8.0,0.0,107.59,2020-01-15 17:00:00
387,42.0,9.0,0.0,107.81,2020-01-15 18:00:00
388,40.0,9.0,0.0,107.975,2020-01-15 19:00:00
389,40.0,8.0,0.0,107.855,2020-01-15 20:00:00
390,43.0,9.0,0.0,107.35,2020-01-15 21:00:00
391,59.0,13.0,0.0,107.35,2020-01-15 22:00:00
392,57.0,12.0,0.0,107.85,2020-01-15 23:00:00
393,55.0,11.0,0.0,107.85,2020-01-16 00:00:00
394,22.0,5.0,0.0,108.205,2020-01-16 11:00:00
395,26.0,6.0,0.0,105.83,2020-01-16 12:00:00
396,29.0,6.0,0.0,105.83,2020-01-16 13:00:00
397,31.0,7.0,0.0,108.08,2020-01-16 14:00:00
398,35.0,7.0,0.0,107.83,2020-01-16 15:00:00
399,37.0,8.0,0.0,108.26,2020-01-16 16:00:00
400,46.0,10.0,0.0,108.185,2020-01-16 17:00:00
401,45.0,10.0,0.0,108.26,2020-01-16 18:00:00
402,50.0,11.0,0.0,108.08,2020-01-16 19:00:00
403,58.0,13.0,0.0,108.325,2020-01-16 20:00:00
404,69.0,16.0,0.0,107.985,2020-01-16 21:00:00
405,70.0,16.0,0.0,107.985,2020-01-16 22:00:00
406,73.0,17.0,0.0,106.275,2020-01-16 23:00:00
407,69.0,15.0,0.0,106.275,2020-01-17 00:00:00
408,22.0,5.0,0.0,108.44,2020-01-17 11:00:00
409,27.0,6.0,0.0,106.39,2020-01-17 12:00:00
410,31.0,7.0,0.0,106.39,2020-01-17 13:00:00
411,32.0,7.0,0.0,109.09,2020-01-17 14:00:00
412,35.0,7.0,0.0,108.77,2020-01-17 15:00:00
413,37.0,8.0,0.0,109.185,2020-01-17 16:00:00
414,40.0,9.0,0.0,108.88,2020-01-17 17:00:00
415,41.0,9.0,0.0,108.855,2020-01-17 18:00:00
416,43.0,9.0,0.0,109.01,2020-01-17 19:00:00
417,44.0,9.0,0.0,109.29,2020-01-17 20:00:00
418,46.0,9.0,0.0,109.195,2020-01-17 21:00:00
419,50.0,10.0,0.0,109.195,2020-01-17 22:00:00
420,56.0,11.0,0.0,109.5,2020-01-17 23:00:00
421,55.0,11.0,0.0,109.5,2020-01-18 00:00:00
422,40.0,9.0,0.0,108.72,2020-01-21 11:00:00
423,42.0,9.0,0.0,111.275,2020-01-21 12:00:00
424,48.0,10.0,0.0,105.97,2020-01-21 13:00:00
425,51.0,11.0,0.0,109.82,2020-01-21 14:00:00
426,55.0,11.0,0.0,109.315,2020-01-21 15:00:00
427,60.0,12.0,0.0,109.685,2020-01-21 16:00:00
428,70.0,15.0,0.0,109.52,2020-01-21 17:00:00
429,82.0,18.0,0.0,109.42,2020-01-21 18:00:00
430,82.0,17.0,0.0,109.27,2020-01-21 19:00:00
431,83.0,17.0,0.0,109.235,2020-01-21 20:00:00
432,90.0,18.0,0.0,107.195,2020-01-21 21:00:00
433,98.0,21.0,0.0,107.47,2020-01-21 22:00:00
434,100.0,20.0,0.0,107.195,2020-01-21 23:00:00
435,99.0,20.0,0.0,107.195,2020-01-22 00:00:00
436,31.0,7.0,0.0,105.775,2020-01-22 09:00:00
437,33.0,7.0,0.0,105.775,2020-01-22 10:00:00
438,43.0,9.0,0.0,105.775,2020-01-22 11:00:00
439,49.0,10.0,0.0,106.745,2020-01-22 12:00:00
440,53.0,11.0,0.0,105.775,2020-01-22 13:00:00
441,54.0,11.0,0.0,109.095,2020-01-22 14:00:00
442,57.0,12.0,0.0,109.29,2020-01-22 15:00:00
443,61.0,12.0,0.0,109.035,2020-01-22 16:00:00
444,66.0,13.0,0.0,108.975,2020-01-22 17:00:00
445,74.0,15.0,0.0,108.94,2020-01-22 18:00:00
446,71.0,15.0,0.0,109.09,2020-01-22 19:00:00
447,77.0,15.0,0.0,109.135,2020-01-22 20:00:00
448,78.0,15.0,0.0,106.015,2020-01-22 21:00:00
449,86.0,17.0,0.0,108.07,2020-01-22 22:00:00
450,97.0,18.0,0.0,106.745,2020-01-22 23:00:00
451,95.0,18.0,0.0,106.745,2020-01-23 00:00:00
452,27.0,6.0,0.0,106.745,2020-01-23 09:00:00
453,29.0,6.0,0.0,106.745,2020-01-23 10:00:00
454,36.0,7.0,0.0,106.745,2020-01-23 11:00:00
455,43.0,8.0,0.0,106.745,2020-01-23 12:00:00
456,47.0,9.0,0.0,106.015,2020-01-23 13:00:00
457,51.0,10.0,0.0,108.88,2020-01-23 14:00:00
458,54.0,11.0,0.0,108.67,2020-01-23 15:00:00
459,60.0,12.0,0.0,108.76,2020-01-23 16:00:00
460,64.0,13.0,0.0,109.05,2020-01-23 17:00:00
461,70.0,14.0,0.0,109.36,2020-01-23 18:00:00
462,71.0,14.0,0.0,109.635,2020-01-23 19:00:00
463,74.0,15.0,0.0,109.625,2020-01-23 20:00:00
464,78.0,15.0,0.0,109.815,2020-01-23 21:00:00
465,85.0,16.0,0.0,106.965,2020-01-23 22:00:00
466,92.0,17.0,0.0,107.435,2020-01-23 23:00:00
467,92.0,17.0,0.0,107.435,2020-01-24 00:00:00
468,25.0,6.0,0.0,106.745,2020-01-24 09:00:00
469,27.0,6.0,0.0,109.97,2020-01-24 10:00:00
470,35.0,7.0,0.0,109.97,2020-01-24 11:00:00
471,42.0,9.0,0.0,109.97,2020-01-24 12:00:00
472,46.0,9.0,0.0,109.97,2020-01-24 13:00:00
473,50.0,10.0,0.0,109.95,2020-01-24 14:00:00
474,53.0,11.0,0.0,110.09,2020-01-24 15:00:00
475,57.0,11.0,0.0,110.0,2020-01-24 16:00:00
476,68.0,13.0,0.0,109.76,2020-01-24 17:00:00
477,72.0,14.0,0.0,109.305,2020-01-24 18:00:00
478,75.0,14.0,0.0,109.635,2020-01-24 19:00:00
479,78.0,15.0,0.0,110.205,2020-01-24 20:00:00
480,81.0,15.0,0.0,108.47,2020-01-24 21:00:00
481,88.0,16.0,0.0,108.47,2020-01-24 22:00:00
482,96.0,18.0,0.0,106.745,2020-01-24 23:00:00
483,98.0,18.0,0.0,106.745,2020-01-25 00:00:00
484,11.0,2.0,0.0,116.755,2020-02-03 11:00:00
485,14.0,3.0,0.0,116.755,2020-02-03 12:00:00
486,15.0,3.0,0.0,117.975,2020-02-03 13:00:00
487,16.0,3.0,0.0,117.96,2020-02-03 14:00:00
488,16.0,3.0,0.0,118.045,2020-02-03 15:00:00
489,17.0,4.0,0.0,117.76,2020-02-03 16:00:00
490,17.0,4.0,0.0,117.685,2020-02-03 17:00:00
491,18.0,4.0,0.0,117.925,2020-02-03 18:00:00
492,18.0,4.0,0.0,118.03,2020-02-03 19:00:00
493,18.0,4.0,0.0,117.815,2020-02-03 20:00:00
494,20.0,4.0,0.0,117.825,2020-02-03 21:00:00
495,22.0,4.0,0.0,117.825,2020-02-03 22:00:00
496,24.0,5.0,0.0,120.91,2020-02-03 23:00:00
497,24.0,5.0,0.0,121.02,2020-02-04 00:00:00
498,9.0,2.0,0.0,118.43,2020-02-04 11:00:00
499,10.0,2.0,0.0,120.04,2020-02-04 12:00:00
500,12.0,2.0,0.0,121.695,2020-02-04 13:00:00
501,12.0,2.0,0.0,119.435,2020-02-04 14:00:00
502,12.0,2.0,0.0,119.43,2020-02-04 15:00:00
503,13.0,3.0,0.0,119.87,2020-02-04 16:00:00
504,14.0,3.0,0.0,120.135,2020-02-04 17:00:00
505,15.0,3.0,0.0,120.005,2020-02-04 18:00:00
506,15.0,3.0,0.0,119.53,2020-02-04 19:00:00
507,15.0,3.0,0.0,118.665,2020-02-04 20:00:00
508,16.0,3.0,0.0,122.74,2020-02-04 21:00:00
509,20.0,4.0,0.0,122.74,2020-02-04 22:00:00
510,23.0,4.0,0.0,122.74,2020-02-04 23:00:00
511,25.0,4.0,0.0,122.74,2020-02-05 00:00:00
512,15.0,3.0,0.0,119.27,2020-02-05 11:00:00
513,18.0,3.0,0.0,121.64,2020-02-05 12:00:00
514,20.0,4.0,0.0,123.065,2020-02-05 13:00:00
515,21.0,4.0,0.0,118.64,2020-02-05 14:00:00
516,21.0,4.0,0.0,118.135,2020-02-05 15:00:00
517,22.0,4.0,0.0,117.705,2020-02-05 16:00:00
518,24.0,4.0,0.0,116.075,2020-02-05 17:00:00
519,26.0,5.0,0.0,116.28,2020-02-05 18:00:00
520,32.0,6.0,0.0,116.49,2020-02-05 19:00:00
521,35.0,6.0,0.0,116.45,2020-02-05 20:00:00
522,100.0,19.0,0.0,113.38,2020-02-05 21:00:00
523,86.0,16.0,0.0,116.75,2020-02-05 22:00:00
524,68.0,13.0,0.0,120.75,2020-02-05 23:00:00
525,58.0,11.0,0.0,120.75,2020-02-06 00:00:00
526,12.0,3.0,0.0,116.705,2020-02-06 11:00:00
527,15.0,3.0,0.0,119.25,2020-02-06 12:00:00
528,17.0,3.0,0.0,117.25,2020-02-06 13:00:00
529,18.0,4.0,0.0,115.91,2020-02-06 14:00:00
530,18.0,3.0,0.0,116.84,2020-02-06 15:00:00
531,20.0,4.0,0.0,116.54,2020-02-06 16:00:00
532,30.0,6.0,0.0,116.36,2020-02-06 17:00:00
533,28.0,5.0,0.0,116.235,2020-02-06 18:00:00
534,23.0,4.0,0.0,115.825,2020-02-06 19:00:00
535,22.0,4.0,0.0,115.845,2020-02-06 20:00:00
536,23.0,4.0,0.0,115.89,2020-02-06 21:00:00
537,25.0,5.0,0.0,116.39,2020-02-06 22:00:00
538,28.0,5.0,0.0,116.39,2020-02-06 23:00:00
539,27.0,5.0,0.0,115.89,2020-02-07 00:00:00
540,8.0,2.0,0.0,115.65,2020-02-07 11:00:00
541,10.0,2.0,0.0,116.02,2020-02-07 12:00:00
542,11.0,2.0,0.0,116.02,2020-02-07 13:00:00
543,12.0,2.0,0.0,116.04,2020-02-07 14:00:00
544,13.0,2.0,0.0,115.325,2020-02-07 15:00:00
545,14.0,3.0,0.0,115.25,2020-02-07 16:00:00
546,14.0,3.0,0.0,115.165,2020-02-07 17:00:00
547,15.0,3.0,0.0,114.535,2020-02-07 18:00:00
548,15.0,3.0,0.0,114.845,2020-02-07 19:00:00
549,15.0,3.0,0.0,114.335,2020-02-07 20:00:00
550,17.0,3.0,0.0,112.655,2020-02-07 21:00:00
551,18.0,3.0,0.0,114.21,2020-02-07 22:00:00
552,20.0,4.0,0.0,114.195,2020-02-07 23:00:00
553,23.0,4.0,0.0,114.195,2020-02-08 00:00:00
554,30.0,7.0,0.0,115.0,2020-02-10 12:00:00
555,35.0,7.0,0.0,112.655,2020-02-10 13:00:00
556,37.0,8.0,0.0,114.695,2020-02-10 14:00:00
557,39.0,8.0,0.0,114.54,2020-02-10 15:00:00
558,41.0,8.0,0.0,115.01,2020-02-10 16:00:00
559,46.0,9.0,0.0,115.195,2020-02-10 17:00:00
560,49.0,10.0,0.0,115.365,2020-02-10 18:00:00
561,50.0,10.0,0.0,115.505,2020-02-10 19:00:00
562,53.0,10.0,0.0,115.725,2020-02-10 20:00:00
563,60.0,11.0,0.0,115.0,2020-02-10 21:00:00
564,67.0,12.0,0.0,115.0,2020-02-10 22:00:00
565,85.0,14.0,0.0,115.0,2020-02-10 23:00:00
566,100.0,14.0,0.0,115.0,2020-02-11 00:00:00
567,25.0,5.0,0.0,115.89,2020-02-11 11:00:00
568,32.0,6.0,0.0,115.0,2020-02-11 12:00:00
569,38.0,8.0,0.0,113.6,2020-02-11 13:00:00
570,39.0,8.0,0.0,116.18,2020-02-11 14:00:00
571,42.0,8.0,0.0,115.73,2020-02-11 15:00:00
572,44.0,9.0,0.0,115.415,2020-02-11 16:00:00
573,48.0,10.0,0.0,115.26,2020-02-11 17:00:00
574,50.0,10.0,0.0,115.18,2020-02-11 18:00:00
575,50.0,11.0,0.0,115.055,2020-02-11 19:00:00
576,52.0,11.0,0.0,114.815,2020-02-11 20:00:00
577,56.0,12.0,0.0,115.65,2020-02-11 21:00:00
578,63.0,13.0,0.0,115.65,2020-02-11 22:00:00
579,71.0,14.0,0.0,115.0,2020-02-11 23:00:00
580,70.0,14.0,0.0,115.0,2020-02-12 00:00:00
581,28.0,6.0,0.0,115.04,2020-02-12 11:00:00
582,36.0,8.0,0.0,115.0,2020-02-12 12:00:00
583,40.0,9.0,0.0,115.14,2020-02-12 13:00:00
584,42.0,9.0,0.0,113.69,2020-02-12 14:00:00
585,43.0,9.0,0.0,113.0,2020-02-12 15:00:00
586,45.0,10.0,0.0,114.065,2020-02-12 16:00:00
587,48.0,10.0,0.0,113.43,2020-02-12 17:00:00
588,50.0,11.0,0.0,113.625,2020-02-12 18:00:00
589,50.0,11.0,0.0,114.11,2020-02-12 19:00:00
590,52.0,11.0,0.0,114.075,2020-02-12 20:00:00
591,54.0,11.0,0.0,114.655,2020-02-12 21:00:00
592,60.0,13.0,0.0,114.655,2020-02-12 22:00:00
593,65.0,14.0,0.0,113.08,2020-02-12 23:00:00
594,64.0,13.0,0.0,113.08,2020-02-13 00:00:00
595,24.0,5.0,0.0,113.94,2020-02-13 11:00:00
596,29.0,6.0,0.0,113.25,2020-02-13 12:00:00
597,34.0,7.0,0.0,113.25,2020-02-13 13:00:00
598,38.0,8.0,0.0,114.045,2020-02-13 14:00:00
599,40.0,9.0,0.0,114.63,2020-02-13 15:00:00
600,43.0,9.0,0.0,114.365,2020-02-13 16:00:00
601,46.0,10.0,0.0,114.72,2020-02-13 17:00:00
602,48.0,10.0,0.0,114.78,2020-02-13 18:00:00
603,50.0,10.0,0.0,114.56,2020-02-13 19:00:00
604,51.0,11.0,0.0,114.38,2020-02-13 20:00:00
605,60.0,12.0,0.0,112.525,2020-02-13 21:00:00
606,66.0,14.0,0.0,112.44,2020-02-13 22:00:00
607,71.0,15.0,0.0,112.44,2020-02-13 23:00:00
608,70.0,14.0,0.0,112.44,2020-02-14 00:00:00
609,32.0,7.0,0.0,113.25,2020-02-14 12:00:00
610,40.0,8.0,0.0,112.525,2020-02-14 13:00:00
611,40.0,9.0,0.0,115.45,2020-02-14 14:00:00
612,42.0,9.0,0.0,115.91,2020-02-14 15:00:00
613,43.0,9.0,0.0,115.605,2020-02-14 16:00:00
614,45.0,9.0,0.0,115.85,2020-02-14 17:00:00
615,47.0,10.0,0.0,115.735,2020-02-14 18:00:00
616,48.0,10.0,0.0,115.83,2020-02-14 19:00:00
617,50.0,10.0,0.0,116.205,2020-02-14 20:00:00
618,53.0,10.0,0.0,113.18,2020-02-14 21:00:00
619,56.0,12.0,0.0,113.18,2020-02-14 22:00:00
620,60.0,12.0,0.0,116.08,2020-02-14 23:00:00
621,60.0,12.0,0.0,116.08,2020-02-15 00:00:00
622,78.0,22.0,0.0,110.95,2020-02-24 09:00:00
623,64.0,18.0,0.0,110.95,2020-02-24 10:00:00
624,68.0,20.0,0.0,113.86,2020-02-24 11:00:00
625,0.0,0.0,0.0,114.32,2020-02-24 12:00:00
626,0.0,0.0,0.0,114.325,2020-02-24 13:00:00
627,0.0,0.0,0.0,114.81,2020-02-24 14:00:00
628,0.0,0.0,0.0,115.095,2020-02-24 15:00:00
629,0.0,0.0,0.0,114.61,2020-02-24 16:00:00
630,0.0,0.0,0.0,114.6,2020-02-24 17:00:00
631,0.0,0.0,0.0,114.94,2020-02-24 18:00:00
632,0.0,0.0,0.0,115.19,2020-02-24 19:00:00
633,0.0,0.0,0.0,114.73,2020-02-24 20:00:00
634,0.0,0.0,0.0,112.825,2020-02-24 21:00:00
635,0.0,0.0,0.0,112.825,2020-02-24 22:00:00
636,0.0,0.0,0.0,112.825,2020-02-24 23:00:00
637,0.0,0.0,0.0,115.2,2020-02-25 00:00:00
638,0.0,0.0,0.0,111.53,2020-02-25 09:00:00
639,0.0,0.0,0.0,111.53,2020-02-25 10:00:00
640,0.0,0.0,0.0,114.34,2020-02-25 11:00:00
641,0.0,0.0,0.0,115.9,2020-02-25 12:00:00
642,0.0,0.0,0.0,113.825,2020-02-25 13:00:00
643,0.0,0.0,0.0,115.03,2020-02-25 14:00:00
644,0.0,0.0,0.0,114.725,2020-02-25 15:00:00
645,0.0,0.0,0.0,114.365,2020-02-25 16:00:00
646,0.0,0.0,0.0,113.525,2020-02-25 17:00:00
647,0.0,0.0,0.0,112.645,2020-02-25 18:00:00
648,0.0,0.0,0.0,112.595,2020-02-25 19:00:00
649,0.0,0.0,0.0,112.385,2020-02-25 20:00:00
650,0.0,0.0,0.0,112.675,2020-02-25 21:00:00
651,0.0,0.0,0.0,113.825,2020-02-25 22:00:00
652,0.0,0.0,0.0,113.825,2020-02-25 23:00:00
653,0.0,0.0,0.0,112.675,2020-02-26 00:00:00
654,0.0,0.0,0.0,111.53,2020-02-26 09:00:00
655,0.0,0.0,0.0,111.53,2020-02-26 10:00:00
656,0.0,0.0,0.0,112.58,2020-02-26 11:00:00
657,0.0,0.0,0.0,114.245,2020-02-26 12:00:00
658,0.0,0.0,0.0,112.675,2020-02-26 13:00:00
659,0.0,0.0,0.0,113.655,2020-02-26 14:00:00
660,0.0,0.0,0.0,114.505,2020-02-26 15:00:00
661,0.0,0.0,0.0,113.89,2020-02-26 16:00:00
662,0.0,0.0,0.0,113.86,2020-02-26 17:00:00
663,0.0,0.0,0.0,113.09,2020-02-26 18:00:00
664,0.0,0.0,0.0,113.285,2020-02-26 19:00:00
665,0.0,0.0,0.0,112.985,2020-02-26 20:00:00
666,0.0,0.0,0.0,112.675,2020-02-26 21:00:00
667,0.0,0.0,0.0,112.675,2020-02-26 22:00:00
668,0.0,0.0,0.0,112.675,2020-02-26 23:00:00
669,0.0,0.0,0.0,112.675,2020-02-27 00:00:00
670,0.0,0.0,0.0,111.53,2020-02-27 09:00:00
671,0.0,0.0,0.0,111.53,2020-02-27 10:00:00
672,0.0,0.0,0.0,112.47,2020-02-27 11:00:00
673,0.0,0.0,0.0,114.395,2020-02-27 12:00:00
674,0.0,0.0,0.0,112.675,2020-02-27 13:00:00
675,0.0,0.0,0.0,111.8,2020-02-27 14:00:00
676,0.0,0.0,0.0,111.75,2020-02-27 15:00:00
677,0.0,0.0,0.0,111.28,2020-02-27 16:00:00
678,0.0,0.0,0.0,111.405,2020-02-27 17:00:00
679,0.0,0.0,0.0,109.985,2020-02-27 18:00:00
680,0.0,0.0,0.0,109.615,2020-02-27 19:00:00
681,0.0,0.0,0.0,107.425,2020-02-27 20:00:00
682,0.0,0.0,0.0,108.15,2020-02-27 21:00:00
683,0.0,0.0,0.0,105.355,2020-02-27 22:00:00
684,0.0,0.0,0.0,109.305,2020-02-27 23:00:00
685,0.0,0.0,0.0,109.305,2020-02-28 00:00:00
686,0.0,0.0,0.0,111.53,2020-02-28 09:00:00
687,0.0,0.0,0.0,110.03,2020-02-28 10:00:00
688,0.0,0.0,0.0,108.095,2020-02-28 11:00:00
689,0.0,0.0,0.0,106.63,2020-02-28 12:00:00
690,0.0,0.0,0.0,105.13,2020-02-28 13:00:00
691,0.0,0.0,0.0,101.785,2020-02-28 14:00:00
692,0.0,0.0,0.0,102.12,2020-02-28 15:00:00
693,0.0,0.0,0.0,102.71,2020-02-28 16:00:00
694,0.0,0.0,0.0,103.915,2020-02-28 17:00:00
695,0.0,0.0,0.0,102.225,2020-02-28 18:00:00
696,0.0,0.0,0.0,102.24,2020-02-28 19:00:00
697,0.0,0.0,0.0,102.535,2020-02-28 20:00:00
698,0.0,0.0,0.0,102.16,2020-02-28 21:00:00
699,0.0,0.0,0.0,102.775,2020-02-28 22:00:00
700,0.0,0.0,0.0,102.775,2020-02-28 23:00:00
701,0.0,0.0,0.0,101.63,2020-02-29 00:00:00
702,13.0,3.0,0.0,76.23,2020-03-23 08:00:00
703,13.0,3.0,0.0,76.38,2020-03-23 09:00:00
704,14.0,3.0,0.0,78.16,2020-03-23 10:00:00
705,17.0,3.0,0.0,80.0,2020-03-23 11:00:00
706,21.0,4.0,0.0,79.485,2020-03-23 12:00:00
707,23.0,4.0,0.0,76.66,2020-03-23 13:00:00
708,26.0,5.0,0.0,74.135,2020-03-23 14:00:00
709,29.0,5.0,0.0,73.145,2020-03-23 15:00:00
710,32.0,5.0,0.0,75.61,2020-03-23 16:00:00
711,32.0,6.0,0.0,73.73,2020-03-23 17:00:00
712,34.0,6.0,0.0,72.965,2020-03-23 18:00:00
713,35.0,6.0,0.0,72.865,2020-03-23 19:00:00
714,38.0,7.0,0.0,72.5,2020-03-23 20:00:00
715,43.0,7.0,0.0,73.9,2020-03-23 21:00:00
716,65.0,11.0,0.0,74.465,2020-03-23 22:00:00
717,67.0,11.0,0.0,74.47,2020-03-23 23:00:00
718,14.0,3.0,0.0,97.05,2020-03-24 08:00:00
719,14.0,3.0,0.0,78.65,2020-03-24 09:00:00
720,16.0,3.0,0.0,76.98,2020-03-24 10:00:00
721,21.0,4.0,0.0,76.875,2020-03-24 11:00:00
722,24.0,4.0,0.0,76.875,2020-03-24 12:00:00
723,26.0,4.0,0.0,77.845,2020-03-24 13:00:00
724,27.0,5.0,0.0,79.33,2020-03-24 14:00:00
725,31.0,5.0,0.0,79.805,2020-03-24 15:00:00
726,35.0,6.0,0.0,79.61,2020-03-24 16:00:00
727,39.0,6.0,0.0,80.285,2020-03-24 17:00:00
728,42.0,7.0,0.0,81.51,2020-03-24 18:00:00
729,43.0,7.0,0.0,82.985,2020-03-24 19:00:00
730,44.0,8.0,0.0,82.5,2020-03-24 20:00:00
731,54.0,9.0,0.0,79.875,2020-03-24 21:00:00
732,57.0,9.0,0.0,82.5,2020-03-24 22:00:00
733,52.0,8.0,0.0,79.745,2020-03-24 23:00:00
734,15.0,3.0,0.0,94.68,2020-03-25 08:00:00
735,15.0,3.0,0.0,94.68,2020-03-25 09:00:00
736,17.0,3.0,0.0,83.915,2020-03-25 10:00:00
737,22.0,4.0,0.0,92.65,2020-03-25 11:00:00
738,26.0,5.0,0.0,83.695,2020-03-25 12:00:00
739,27.0,5.0,0.0,87.325,2020-03-25 13:00:00
740,28.0,5.0,0.0,86.695,2020-03-25 14:00:00
741,30.0,5.0,0.0,87.19,2020-03-25 15:00:00
742,30.0,5.0,0.0,87.985,2020-03-25 16:00:00
743,32.0,6.0,0.0,88.92,2020-03-25 17:00:00
744,33.0,6.0,0.0,88.725,2020-03-25 18:00:00
745,34.0,6.0,0.0,86.885,2020-03-25 19:00:00
746,37.0,7.0,0.0,88.025,2020-03-25 20:00:00
747,44.0,8.0,0.0,88.025,2020-03-25 21:00:00
748,56.0,10.0,0.0,88.025,2020-03-25 22:00:00
749,48.0,8.0,0.0,88.025,2020-03-25 23:00:00
750,13.0,3.0,0.0,95.765,2020-03-26 08:00:00
751,13.0,3.0,0.0,95.765,2020-03-26 09:00:00
752,15.0,3.0,0.0,86.405,2020-03-26 10:00:00
753,18.0,4.0,0.0,86.625,2020-03-26 11:00:00
754,21.0,4.0,0.0,88.54,2020-03-26 12:00:00
755,23.0,4.0,0.0,94.715,2020-03-26 13:00:00
756,24.0,4.0,0.0,93.775,2020-03-26 14:00:00
757,25.0,5.0,0.0,93.235,2020-03-26 15:00:00
758,27.0,5.0,0.0,93.05,2020-03-26 16:00:00
759,28.0,5.0,0.0,92.195,2020-03-26 17:00:00
760,31.0,6.0,0.0,92.82,2020-03-26 18:00:00
761,31.0,6.0,0.0,93.735,2020-03-26 19:00:00
762,40.0,10.0,0.0,93.545,2020-03-26 20:00:00
763,52.0,9.0,0.0,93.545,2020-03-26 21:00:00
764,52.0,9.0,0.0,93.545,2020-03-26 22:00:00
765,51.0,9.0,0.0,93.545,2020-03-26 23:00:00
766,16.0,3.0,0.0,82.665,2020-03-27 08:00:00
767,16.0,3.0,0.0,82.665,2020-03-27 09:00:00
768,17.0,4.0,0.0,92.76,2020-03-27 10:00:00
769,24.0,5.0,0.0,103.4,2020-03-27 11:00:00
770,27.0,6.0,0.0,90.925,2020-03-27 12:00:00
771,28.0,5.0,0.0,91.36,2020-03-27 13:00:00
772,28.0,5.0,0.0,92.22,2020-03-27 14:00:00
773,30.0,6.0,0.0,91.125,2020-03-27 15:00:00
774,33.0,7.0,0.0,92.325,2020-03-27 16:00:00
775,33.0,7.0,0.0,92.15,2020-03-27 17:00:00
776,36.0,7.0,0.0,93.405,2020-03-27 18:00:00
777,37.0,7.0,0.0,92.675,2020-03-27 19:00:00
778,44.0,8.0,0.0,92.86,2020-03-27 20:00:00
779,49.0,8.0,0.0,94.32,2020-03-27 21:00:00
780,59.0,11.0,0.0,94.32,2020-03-27 22:00:00
781,53.0,9.0,0.0,94.32,2020-03-27 23:00:00
782,20.0,4.0,0.0,102.4,2020-03-30 08:00:00
783,20.0,4.0,0.0,102.4,2020-03-30 09:00:00
784,22.0,5.0,0.0,94.76,2020-03-30 10:00:00
785,26.0,5.0,0.0,105.9,2020-03-30 11:00:00
786,30.0,6.0,0.0,95.14,2020-03-30 12:00:00
787,32.0,6.0,0.0,94.79,2020-03-30 13:00:00
788,34.0,6.0,0.0,96.785,2020-03-30 14:00:00
789,35.0,6.0,0.0,96.935,2020-03-30 15:00:00
790,38.0,7.0,0.0,97.015,2020-03-30 16:00:00
791,39.0,7.0,0.0,97.73,2020-03-30 17:00:00
792,39.0,7.0,0.0,98.415,2020-03-30 18:00:00
793,40.0,7.0,0.0,99.435,2020-03-30 19:00:00
794,45.0,8.0,0.0,99.68,2020-03-30 20:00:00
795,58.0,10.0,0.0,99.68,2020-03-30 21:00:00
796,61.0,10.0,0.0,99.68,2020-03-30 22:00:00
797,55.0,9.0,0.0,99.675,2020-03-30 23:00:00
