,Trump,trump,hamburger,open_spx,high_spx,low_spx,sp500,sp500_adj,volume_spx,divid,split coef
0,,,,,,,,,,,
1,,,,0.006039621148504537,-0.01045850549119054,-0.009527978050391628,-0.02475671605518659,-0.02475671605518659,0.02402790129541721,,0.0
2,,,,-0.007058734110996001,0.018021531804131685,0.01242659454328221,0.03433569459149277,0.03433569459149277,0.10216173231559611,,0.0
3,,,,0.024766299371292266,0.011067385412246944,0.020300444148499075,0.007010434963325984,0.007010434963325984,-0.025798581196702863,,0.0
4,0.26315789473684204,0.26315789473684204,0.15714285714285725,0.01281742804226882,0.005323206866415298,0.009110498102223863,0.009695296671175635,0.009695296671175635,-0.005281737321272351,,0.0
5,1.0833333333333335,1.0833333333333335,0.03703703703703698,0.004629824866153598,0.0060081708798223055,0.008372638588585168,0.004098065346936464,0.004098065346936464,-0.007482188472776374,,0.0
6,-0.44000000000000006,-0.44000000000000006,-0.16666666666666674,-0.002515503875968883,0.000963272314655983,-0.002674267978553746,0.0045184064743748475,0.0045184064743748475,-0.08586840650663297,,0.0
7,-0.1071428571428571,-0.1071428571428571,0.014285714285714235,0.005673224506607566,-0.0005966925885283469,0.006003036666380357,-0.00014630446062235958,-0.00014630446062235958,-0.07288702928870294,,0.0
8,-0.1200000000000001,-0.1200000000000001,0.1062740076824582,-0.00301378214164838,-0.002676878752980283,-0.0027120354897196552,-0.0052575242849330905,-0.0052575242849330905,0.0669560837271328,,0.0
9,0.20454545454545459,0.20454545454545459,0.18055555555555558,0.0018563660236030621,0.009176154002743964,0.005715119600185226,0.01072167262104351,0.01072167262104351,-0.025138833931422133,,0.0
10,-0.037735849056603765,-0.037735849056603765,0.12941176470588256,0.011469536518140977,0.004852472758106519,0.010668755148011577,0.0022220051335095636,0.0022220051335095636,0.08158260854960209,,0.0
11,0.019607843137255054,0.019607843137255054,-0.10416666666666674,-0.0020919782005927035,0.007350290963378248,-0.0024188956327946265,0.007591414411092234,0.007591414411092234,-0.023681533838711966,,0.0
12,0.13461538461538458,0.13461538461538458,-0.18604651162790697,0.016092561932793625,0.011496865420940638,0.0158151592329856,0.013183052853609212,0.013183052853609212,0.05685170997834188,,0.0
13,-0.38983050847457623,-0.38983050847457623,0.03452380952380962,0.002493107076985801,-0.00657458315735171,-0.01144822776089005,-0.014157321461334305,-0.014157321461334305,-0.019740489072498035,,0.0
14,0.023809523809523725,0.023809523809523725,-0.012987012987012991,-0.005417814401621368,-0.0017645643055580473,-0.001684923603602284,0.002202932211741171,0.002202932211741171,-0.14647277528575775,,0.0
15,0.023255813953488413,0.023255813953488413,-0.026315789473684292,-0.0017552241741947139,-0.002257622042055929,0.005415483209376681,0.001375715314359427,0.001375715314359427,0.029272007219069307,,0.0
16,0.40909090909090895,0.40909090909090895,-0.09459459459459463,0.007048475578342206,0.009511899365367116,0.011541676659015287,0.008488682015922233,0.008488682015922233,0.11092405155464946,,0.0
17,-0.5852534562211982,-0.5852534562211982,0.006045720763272255,-0.004692448547942707,-0.010256737823840179,-0.012520085479782894,-0.007846822978429646,-0.007846822978429646,-0.052770261766926785,,0.0
18,-0.02777777777777768,-0.02777777777777768,0.08450704225352124,-3.0283897359817402e-05,0.002253295878592354,0.0026637728305078934,-0.0014562474627438649,-0.0014562474627438649,-0.030062472147718844,,0.0
19,0.0,0.0,-0.025974025974025983,0.0033007801194295805,0.014904203992719633,0.006571558883335493,0.015549242424242493,0.015549242424242493,0.10376405456309579,,0.0
20,-0.05714285714285716,-0.05714285714285716,-0.040000000000000036,0.012009970831921235,0.006879952977206338,0.01144482915921552,0.008597415191809121,0.008597415191809121,0.27143008575912475,,0.0
21,0.3939393939393938,0.3939393939393938,-0.20833333333333337,0.00626704996108729,0.002846084276195704,0.006805667287837824,0.0008985983913836204,0.0008985983913836204,-0.23555560074425796,,0.0
22,0.07608695652173925,0.07608695652173925,-0.056842105263157916,0.0015430814432382256,0.0030663021160652892,0.000693430953302876,0.0067762411648863985,0.0067762411648863985,-0.10625201169375964,,0.0
23,0.022222222222222143,0.022222222222222143,0.1607142857142856,0.008073223991221123,0.005133963794362595,0.009367299675775875,0.0047084446337459784,0.0047084446337459784,0.059702247726082236,,0.0
24,1.1739130434782608,1.1739130434782608,-0.09230769230769231,0.002459334157057791,-0.00032855296497236175,4.401566796241596e-05,-0.0022244584870511064,-0.0022244584870511064,-0.02464309086262051,,0.0
25,-0.49,-0.49,-0.03389830508474567,-0.0064057329847717615,-0.006851516140817138,-0.013541802527092806,-0.009357155327548328,-0.009357155327548328,0.18049408383702548,,0.0
26,-0.11764705882352944,-0.11764705882352944,-0.07017543859649134,-0.009262050464944438,-0.0041370635255482124,-0.002020608352001685,0.0006762254947247914,0.0006762254947247914,-0.11639496620311307,,0.0
27,0.07609427609427599,0.07609427609427599,0.10062893081761026,0.007443209398326767,0.003685244336917304,0.008188400898326842,0.0007090787150494382,0.0007090787150494382,-0.071876388954071,,0.0
28,0.2340425531914896,0.2340425531914896,0.016666666666666607,0.0037642679458880224,0.01108879527602502,0.006960636735841241,0.012890250202966858,0.012890250202966858,0.13854971936096994,,0.0
29,-0.18965517241379315,-0.18965517241379315,-0.11475409836065575,0.010170350870291722,0.004970617205164896,0.009556932151246977,0.003023976857468691,0.003023976857468691,-0.041016048508661695,,0.0
30,0.06382978723404253,0.06382978723404253,-0.05555555555555558,-0.002472457550085516,-0.0014302731346643727,-0.006330390279171372,-0.0026516238471793185,-0.0026516238471793185,0.0452030500412719,,0.0
31,0.6800000000000002,0.6800000000000002,0.196078431372549,0.006101694915254141,0.006439682600517971,0.010621588075702126,0.010878746271483442,0.010878746271483442,-0.05091093908827904,,0.0
32,-0.42226890756302526,-0.42226890756302526,0.11405152224824366,0.0032750775294903,0.004204477645117777,0.002554125728197576,0.0014987389573879462,0.0014987389573879462,-0.02956579529133263,,0.0
33,-0.09090909090909094,-0.09090909090909094,-0.04477611940298509,0.003527992835682836,0.0009147822139903283,0.0024464729030930776,0.0017771318387196366,0.0017771318387196366,0.08538901041681402,,0.0
34,-0.09999999999999998,-0.09999999999999998,-0.09375,0.0004282038826215473,-0.002974966771867038,-0.0034282242118690576,-0.0035264480913562712,-0.0035264480913562712,-0.07189247676283095,,0.0
35,-0.022222222222222254,-0.022222222222222254,-0.12068965517241381,0.00015462693868162347,0.004536953654507236,0.005266716102078073,0.006411088278090782,0.006411088278090782,-0.03705358020737648,,0.0
36,-0.030303030303030165,-0.030303030303030165,0.11764705882352944,0.008516005441710384,0.006903585999570527,0.005714023348697195,0.001231867754939442,0.001231867754939442,0.10985731414518307,,0.0
37,0.09999999999999987,0.09999999999999987,0.07017543859649122,-0.00427550040916802,-0.0036857781616425056,-0.0019749623433357177,-0.0007904552828588152,-0.0007904552828588152,-0.04171507578107336,,0.0
38,0.6136363636363635,0.6136363636363635,0.016393442622950838,-0.001740499013719532,-0.0026256812899311255,-0.005140797355769999,-0.0005440423975103803,-0.0005440423975103803,0.03331340106646774,,0.0
39,-0.05633802816901401,-0.05633802816901401,0.0,0.00021886995515685292,-0.0007260995221335387,0.002659371008182365,-0.0028255109557263625,-0.0028255109557263625,0.16718297483760858,,0.0
40,0.4328358208955223,0.4328358208955223,0.17741935483870974,0.0036260763159963183,0.005115025431949416,0.001750182389281596,0.006895302191783692,0.006895302191783692,-0.09657874926369081,,0.0
41,-0.2001953125,-0.2001953125,0.07582481188500889,0.0057715619215072955,0.0031552125697109634,-0.007074744278668277,-0.003880529012855405,-0.003880529012855405,-0.013209038637759685,,0.0
42,-0.07692307692307698,-0.07692307692307698,-0.024390243902439046,-0.0070922441934697655,-0.00725625540513819,0.00553178517345998,-0.0011315484715557211,-0.0011315484715557211,-0.08523882535122873,,0.0
43,-0.011904761904761862,-0.011904761904761862,-0.03749999999999998,-0.001481493463074357,-0.0022063409980668247,-0.005131244677448854,-0.006524080315598035,-0.006524080315598035,0.05603105678404985,,0.0
44,-0.06024096385542155,-0.06024096385542155,0.025974025974025983,-0.008508137205359922,-0.008250097660799871,-0.010690904748848928,-0.008125746450413973,-0.008125746450413973,0.03123118364759936,,0.0
45,0.038461538461538325,0.038461538461538325,-0.12658227848101278,-0.012918710442323178,-0.008354901075074528,-0.006140761853726473,-0.0021316658529560994,-0.0021316658529560994,-0.12336677883458047,,0.0
46,-0.1426611796982168,-0.1426611796982168,0.0831202046035806,0.00615942639309508,0.014529232016312399,0.0093084447905607,0.014666012363300673,0.014666012363300673,0.0952052653565596,,0.0
47,0.08000000000000007,0.08000000000000007,0.0,0.014459839116183204,0.005143714080459771,0.014237791599324812,0.0029533287823806376,0.0029533287823806376,-0.08930309973513151,,0.0
48,0.03703703703703698,0.03703703703703698,-0.06493506493506485,0.004463000406731865,0.00819059263448807,0.004682907924341562,0.006949583022869188,0.006949583022869188,0.10307448531586916,,0.0
49,-0.0357142857142857,-0.0357142857142857,-0.04166666666666674,0.003785976040974637,-0.0022117933958116787,0.0013143889877060833,-0.0008680076582757712,-0.0008680076582757712,-0.0787063712279118,,0.0
50,0.08641975308641969,0.08641975308641969,0.02898550724637672,0.00014592333228691245,0.0055879218472469905,0.0026146262118953434,0.004984902865607044,0.004984902865607044,0.7184997103521022,,0.0
51,0.1045454545454545,0.1045454545454545,0.12676056338028174,0.004205259019706142,0.001653248455345535,0.003984644886313005,0.0037059252855644598,0.0037059252855644598,-0.4042678437561318,,0.0
52,-0.033333333333333326,-0.033333333333333326,-0.03750000000000009,0.006430183183997018,0.00599913261218421,0.0004535806292722544,-0.00013053577310273567,-0.00013053577310273567,0.019151565653864333,,0.0
53,0.0,0.0,-0.03896103896103886,-0.0033159788225687326,-0.003113111081576747,-0.0038395548424344783,-0.002944357846607182,-0.002944357846607182,0.04170464778383631,,0.0
54,0.0,0.0,-0.013513513513513598,-0.004104098974192505,0.005897613538054847,0.0017600438681155683,0.010852480145030707,0.010852480145030707,-0.0595036062791684,,0.0
55,0.04597701149425282,0.04597701149425282,0.0,0.008795199523357056,-0.004947085982040966,-0.006001994974124791,-0.018974493462929898,-0.018974493462929898,0.19465433630314655,,0.0
56,-0.07407407407407407,-0.07407407407407407,0.015151515151515138,-0.017053843882271824,-0.012778586333115016,-0.005516931086567589,-0.0008390372441274829,-0.0008390372441274829,-0.20311054469932976,,0.0
57,-0.1428571428571429,-0.1428571428571429,0.06849315068493156,0.005954878559089494,0.007146477138860963,0.006811441210476055,0.007182742492647831,0.007182742492647831,-0.032734305125304286,,0.0
58,-0.08974358974358976,-0.08974358974358976,-0.0641025641025641,0.0025101150693689345,-0.0015230381069434307,-0.005802445800448641,-0.004644344784030974,-0.004644344784030974,0.03272454493960586,,0.0
59,0.11267605633802824,0.11267605633802824,0.013698630136986356,-0.00365997333068524,-0.00207042136530744,0.003963812721507143,0.003589472918386072,0.003589472918386072,-0.06367164453457375,,0.0
60,0.012658227848101333,0.012658227848101333,-0.06756756756756754,0.00671677250362257,0.005787829244851439,0.007310354191305546,0.006734293990789952,0.006734293990789952,0.18445175528866398,,0.0
61,-0.17200000000000004,-0.17200000000000004,0.11940298507462654,0.007198711579870398,0.01176641290818492,0.010428343909507198,0.011568586352264543,0.011568586352264543,-0.06414307482556736,,0.0
62,0.0724637681159419,0.0724637681159419,0.09333333333333349,0.006884046256763643,0.0012197672412270766,0.0035526201560969195,1.7473554855929052e-05,1.7473554855929052e-05,-0.07251568230898431,,0.0
63,0.14864864864864868,0.14864864864864868,0.012195121951219523,0.002736904861518008,0.004298827118898174,0.002245701792741528,0.002148372651051167,0.002148372651051167,0.09342449721272605,,0.0
64,-0.03529411764705881,-0.03529411764705881,-0.09638554216867479,-0.0007301927015430643,-0.001375963954596604,0.0006875683009235356,0.0020846384800110584,0.0020846384800110584,-0.1507109378520889,,0.0
65,0.07317073170731692,0.07317073170731692,-0.013333333333333308,0.003538599647180618,0.00415093291870261,0.005528192049505387,0.00463643357226462,0.00463643357226462,0.04365908502974958,,0.0
66,-0.3139204545454545,-0.3139204545454545,0.1186839012925971,0.0014909367542346175,0.0009366661597378645,-0.0007665652673091161,0.0010474498226595852,0.0010474498226595852,-0.02948691059545827,,0.0
67,0.014492753623188248,0.014492753623188248,-0.09523809523809523,-0.000650831238791616,-0.0031319946822285782,-0.002586070439256072,-0.0060674708281390766,-0.0060674708281390766,-0.015078437343444606,,0.0
68,0.0714285714285714,0.0714285714285714,0.03947368421052633,-0.0018049040108050196,0.0009803317415455481,0.002018494150741512,0.0034778681120144483,0.0034778681120144483,0.018085226630496276,,0.0
69,-0.026666666666666616,-0.026666666666666616,-0.050632911392405,0.0036613831732341673,0.0012838312495024873,0.0009933903989534087,3.812049677831553e-05,3.812049677831553e-05,-0.04043913557429191,,0.0
70,-0.04109589041095896,-0.04109589041095896,-0.1066666666666668,0.0030914410872859843,0.005916908223379647,0.005683607507312782,0.006609308988986484,0.006609308988986484,0.2552117718322704,,0.0
71,0.5210884353741496,0.5210884353741496,0.0575065847234415,0.002571651076865189,-0.00032292976561043574,-0.0006521251375040116,-0.0006293574222197007,-0.0006293574222197007,-0.1627115703173928,,0.0
72,-0.06976744186046502,-0.06976744186046502,0.013698630136986356,0.0013546995738193957,0.0022202363823125015,0.0014603933049770479,0.0005093647220395514,0.0005093647220395514,0.10163421655069249,,0.0
73,-0.07499999999999996,-0.07499999999999996,0.08108108108108114,0.0012979610336987246,0.0006652469199794897,-0.0018133491455540884,-0.0022738091998856236,-0.0022738091998856236,0.058811772347973745,,0.0
74,0.3513513513513513,0.3513513513513513,-0.050000000000000044,-0.00385107886037217,-0.0032899588759424114,-0.0012260961163204076,0.0015790653174507785,0.0015790653174507785,-0.026496960275379622,,0.0
75,-0.24038461538461542,-0.24038461538461542,-0.03947368421052644,-0.002075901622622389,0.00038168753891110185,0.0015388499442876569,0.001012037741434657,0.001012037741434657,-0.1451159872820338,,0.0
76,-0.025316455696202556,-0.025316455696202556,0.1095890410958904,0.0038671441089008773,0.009211207385436015,0.004205258197204742,0.008841184743996866,0.008841184743996866,0.21250521189479477,,0.0
77,0.051948051948051965,0.051948051948051965,-0.09876543209876543,0.008250887460094392,0.00017709301207657902,0.006023661437220884,-0.002191752413070014,-0.002191752413070014,-0.05118802320751137,,0.0
78,0.03703703703703698,0.03703703703703698,0.0,-0.0017075664621677422,-0.00127007687642533,-0.004514584508125363,-0.00036898112562988583,-0.00036898112562988583,-0.006865837817776943,,0.0
79,0.0,0.0,-0.041095890410958846,-0.0010856643416330414,0.002311479243412018,0.001620411638799002,0.004685305525150785,0.004685305525150785,-0.05161037929745893,,0.0
80,-0.29000000000000004,-0.29000000000000004,0.1350649350649349,0.005048174520964288,0.0032790795297454878,0.007468569370687517,0.0010715063564332716,0.0010715063564332716,-0.03993227643527786,,0.0
81,0.0,0.0,0.10526315789473673,-0.0011699052170012214,-0.00044074968130414227,-0.005184819596685708,0.0009514344060372881,0.0009514344060372881,0.25668690962491736,,0.0
82,0.0,0.0,-0.5357142857142857,0.0051717659073713396,0.0020045654666205337,-0.0002564882902322818,-0.0075021638213284,-0.0075021638213284,-0.06977723233307731,,0.0
83,-0.05633802816901412,-0.05633802816901412,0.025641025641025772,-0.010219114725687373,-0.007599530406567356,-0.007819802972613532,-0.0021239991380873624,-0.0021239991380873624,0.036490804613464656,,0.0
84,0.014925373134328401,0.014925373134328401,-0.04999999999999993,0.002412633203268566,0.005515677206096026,0.009898293397690106,0.009638288683539553,0.009638288683539553,-0.11664007155540379,,0.0
85,0.21008403361344552,0.21008403361344552,0.15331807780320372,-0.006937058114645178,-0.0035720947954579474,-0.01058305823071748,-0.0044709809912610865,-0.0044709809912610865,-0.046912633458353836,,0.0
86,-0.01388888888888895,-0.01388888888888895,0.14285714285714302,0.0014232577176607197,-0.008269476656629915,-0.01228685982037181,-0.016511677868827124,-0.016511677868827124,0.1840566773114738,,0.0
87,0.40845070422535223,0.40845070422535223,-0.06250000000000011,-0.011472556067050554,-0.005173307518288595,0.003730838966993666,-0.0016054159948684088,-0.0016054159948684088,-0.07467547981205702,,0.0
88,-0.13,-0.13,0.022222222222222143,-0.00686551279980574,-0.007588096454057447,-0.012835539870809765,-0.003021407193858794,-0.003021407193858794,0.04390109559095645,,0.0
89,-0.09195402298850563,-0.09195402298850563,-0.08695652173913038,0.0011399238719675964,0.005333887349311839,-0.003881681140942006,0.0037202861999776626,0.0037202861999776626,-0.030015224715704503,,0.0
90,-0.2136075949367089,-0.2136075949367089,0.05654761904761907,-0.008001885788065932,-0.01768063550153276,-0.008480245505230966,-0.02413056237004796,-0.02413056237004796,0.1032496600181323,,0.0
91,0.04225352112676051,0.04225352112676051,-0.0888888888888889,-0.007066358485395607,0.004348336003870745,0.0066716643525508434,0.008015946398092888,0.008015946398092888,-0.1467143293708575,,0.0
92,-0.08108108108108103,-0.08108108108108103,0.07317073170731714,9.212373614864156e-05,0.0021524325688684343,-0.0017871579299051366,0.00583899315338976,0.00583899315338976,-0.05921955506332166,,0.0
93,0.07352941176470584,0.07352941176470584,-0.022727272727272707,0.012558627296982428,0.011708201397435225,0.014464917001828947,0.008895284395431746,0.008895284395431746,0.06785457221004809,,0.0
94,-0.0273972602739726,-0.0273972602739726,-0.09302325581395354,0.0009804958330414948,-0.0023062082639629944,-0.0005497583864416677,-0.005837354472473244,-0.005837354472473244,-0.023998969461303865,,0.0
95,0.17505030181086512,0.17505030181086512,0.1957385337667028,-0.005828097466308857,-0.010958280771310225,-0.008037193919200658,-0.006749360908960611,-0.006749360908960611,0.009490630611273865,,0.0
96,-0.013698630136986245,-0.013698630136986245,0.0,0.004250652872708649,0.0052629769763417045,0.008028142648757397,0.008495826042257182,0.008495826042257182,-0.021335595508487737,,0.0
97,0.12499999999999978,0.12499999999999978,0.0,0.0007148162942096636,-0.001188582345325817,-0.0010195794002845204,-0.002824400465569865,-0.002824400465569865,-0.008136825426414362,,0.0
98,0.07407407407407418,0.07407407407407418,-0.023255813953488302,-0.0067786038536095106,-0.010040237727144241,-0.016000820171763963,-0.011914139769699683,-0.011914139769699683,0.2190971993823041,,0.0
99,-0.02298850574712641,-0.02298850574712641,0.11904761904761885,-0.0015123559065109982,0.0016427891564141373,0.005239690749209602,0.001353570213731059,0.001353570213731059,-0.25811797594026686,,0.0
100,-0.19999999999999996,-0.19999999999999996,1.7631942525559547,-0.0008402385544549196,-0.00029918770239634185,-0.006598775493806164,-0.008375688825584482,-0.008375688825584482,0.42738251500490065,,0.0
101,0.17647058823529416,0.17647058823529416,-0.45999999999999996,-0.0140563880948259,-0.01706735762239875,-0.01267855950290342,-0.0069119218564126506,-0.0069119218564126506,-0.1022368558333192,,0.0
102,0.1499999999999999,0.1499999999999999,-0.16666666666666663,-0.0011863094704775978,0.0024963915144178284,0.0038610513198897856,0.0020984757565520873,0.0020984757565520873,-0.11520384859664057,,0.0
103,-0.09782608695652173,-0.09782608695652173,-0.11111111111111116,-0.007459794881116699,-0.010725259021078903,-0.009442727803107176,-0.013195355335321346,-0.013195355335321346,0.21602790649369696,,0.0
104,0.4006024096385543,0.4006024096385543,0.4052500000000001,-0.005285288407544275,-0.0021343238304357692,-0.007893016593225943,-0.0027652375760254255,-0.0027652375760254255,-0.009346850807079643,,0.0
105,0.11111111111111116,0.11111111111111116,-0.025974025974025983,0.00403771719734114,0.014990535346895317,0.012397271616665373,0.021432345278653342,0.021432345278653342,-0.033820087681708855,,0.0
106,-0.10000000000000009,-0.10000000000000009,0.026666666666666616,0.020071454118938847,0.008126254684452494,0.01385631185591718,0.00816186096951066,0.00816186096951066,-0.06865366900848457,,0.0
107,-0.19999999999999996,-0.19999999999999996,-0.11688311688311692,0.0036975042068385644,0.008778790922724378,0.007686796041543431,0.0061355910385361145,0.0061355910385361145,-0.042949366410901635,,0.0
108,-0.11111111111111116,-0.11111111111111116,-0.08823529411764708,0.008612343601401395,0.01152480587900806,0.010777905720207759,0.010497698251092924,0.010497698251092924,-0.051866529659257865,,0.0
109,-0.38558467741935476,-0.38558467741935476,0.274193548387097,0.011553277522169614,0.006863156289320216,0.011441074726816325,0.004660047030283776,0.004660047030283776,-0.0034283052558030658,,0.0
110,0.05660377358490565,0.05660377358490565,-0.05063291139240511,0.006043287163717492,0.002010520626417822,-0.0024189831260331696,-0.00034987685027698667,-0.00034987685027698667,0.10569891032372447,,0.0
111,0.0535714285714286,0.0535714285714286,-0.039999999999999925,-0.0070747811949973816,-0.007572295581603328,-0.0013375229717946802,-0.00203758507408891,-0.00203758507408891,-0.14493492878520586,,0.0
112,0.0847457627118644,0.0847457627118644,-0.05555555555555558,0.0012175958206281923,0.0023090663439324643,0.0025429266054977084,0.004097380267744866,0.004097380267744866,0.01175954886573738,,0.0
113,0.0625,0.0625,-0.02941176470588236,0.00020098813681479477,-0.0002728616625909952,-0.0008223137484861809,-0.0016115077122846877,-0.0016115077122846877,-0.04804206123506016,,0.0
114,0.08759590792838878,0.08759590792838878,0.21046077210460767,0.001014922959695408,0.0009742783603103877,0.0026669837455295387,0.0009317348925172997,0.0009317348925172997,-0.03839059928207966,,0.0
115,0.26984126984126977,0.26984126984126977,-0.06172839506172845,0.005869019811402421,0.01156951198887235,0.006282651612232737,0.009717407514263199,0.009717407514263199,0.2232913662664493,,0.0
116,0.125,0.125,-0.02631578947368418,0.004761396905780035,0.00032414468453900724,0.0020616499415460066,0.002985176934281464,0.002985176934281464,-0.04355629767106317,,0.0
117,-0.2666666666666667,-0.2666666666666667,-0.06756756756756754,0.009946790844190367,0.008977637853288645,0.00689355426349092,0.009472160904300697,0.009472160904300697,0.18797769998388025,,0.0
118,0.07575757575757591,0.07575757575757591,0.02898550724637672,0.0010543463163024125,0.0020587140876549004,0.005243083745522847,-0.0012591988727564951,-0.0012591988727564951,0.28013231130022476,,0.0
119,-0.21335419926969235,-0.21335419926969235,0.10035211267605648,-0.0004369206593265451,-0.003113877607876736,-0.0009569814427856649,-0.0017318994326308568,-0.0017318994326308568,-0.3727650536387127,,0.0
120,0.12068965517241392,0.12068965517241392,0.10666666666666669,-0.0019109107450280272,-0.002842682808423924,-0.009524294764015506,-0.009496392296454048,-0.009496392296454048,0.14086887206058196,,0.0
121,0.01538461538461533,0.01538461538461533,-0.12048192771084343,-0.006690893413629051,-0.0047275769382186805,-0.0010356617432726312,-0.0012339496820416018,-0.0012339496820416018,-0.027925825519486858,,0.0
122,0.18181818181818188,0.18181818181818188,0.027397260273972712,-0.0021907199010713363,-0.0011219092637596573,0.0019155918832540753,0.003823178139735983,0.003823178139735983,-0.1021267175177466,,0.0
123,0.0,0.0,-0.09333333333333338,0.004548474978198547,0.005011436179291895,0.0035907652175291016,0.005757456811039674,0.005757456811039674,0.7357793347251931,,0.0
124,-0.18639053254437876,-0.18639053254437876,-0.0337254901960784,0.013116531982124924,0.011531973722647582,0.007910414639558772,0.007672311813336163,0.007672311813336163,-0.35187890862803695,,0.0
125,0.06000000000000005,0.06000000000000005,-0.0892857142857143,-0.0022716488896399323,-0.0015849600757895654,0.0012532602583819052,0.0029281151920295123,0.0029281151920295123,-0.08722073737572122,,0.0
126,-0.018867924528301994,-0.018867924528301994,0.09803921568627438,0.004526724971049889,0.007611335896219762,0.007456257525787491,0.007672392625655444,0.007672392625655444,-0.38764640580758625,,0.0
127,0.9230769230769231,0.9230769230769231,0.1785714285714286,0.0020717710044131366,-0.0006042044767341492,-0.0033546454619941546,-0.0018059161830177306,-0.0018059161830177306,0.23959118407919666,,0.0
128,-0.49090909090909085,-0.49090909090909085,-0.3502066115702479,-0.0015012147105637474,-0.004432153318437049,0.0007143266272906512,-0.004835424066781058,-0.004835424066781058,0.1932207985342267,,0.0
129,-0.11666666666666659,-0.11666666666666659,0.019607843137254832,-0.0047822482943314926,0.0003824192487820177,-0.002239056653533855,0.0012365463129420107,0.0012365463129420107,0.04257458126043612,,0.0
130,-0.05660377358490565,-0.05660377358490565,0.11538461538461542,0.00801882974992596,0.00706935199266745,0.007147167047322434,0.004510694432217965,0.004510694432217965,0.04161864599879128,,0.0
131,0.020000000000000018,0.020000000000000018,-0.017241379310344862,0.00345234670324146,-0.00021641835776453622,0.001400479746149319,0.0022852120971039724,0.0022852120971039724,0.00012047276047488786,,0.0
132,0.0,0.0,-0.14035087719298245,0.001246824556216275,0.003860268396203237,0.0043730259635974544,0.004620172092501873,0.004620172092501873,-0.05695139192676135,,0.0
133,0.6666666666666663,0.6666666666666663,-0.11417539988968561,0.004807914974964245,0.0012873932051080672,0.002298533837290284,0.00017585947169163063,0.00017585947169163063,-0.03361053593997898,,0.0
134,0.08823529411764719,0.08823529411764719,0.06818181818181834,-0.0018788852806681522,-0.0009212008748095135,-0.002532629612765347,-0.0034037753375577573,-0.0034037753375577573,0.14458585654806844,,0.0
135,0.06756756756756754,0.06756756756756754,0.0851063829787233,-0.0023338302906523722,-0.0032371261218829828,-0.005631141583431032,-0.006531237932916989,-0.006531237932916989,-0.033139349368665805,,0.0
136,-0.07594936708860767,-0.07594936708860767,-0.0980392156862745,-0.008728494601560888,-0.002322594384512544,-0.0037395995643797475,0.003582002653178984,0.003582002653178984,0.036139049534825274,,0.0
137,-0.1643835616438356,-0.1643835616438356,0.021739130434782705,0.008523332387001314,0.002581480048561069,0.0009316905666598707,-0.006176734538072548,-0.006176734538072548,-0.010987144252528336,,0.0
138,-0.35737704918032775,-0.35737704918032775,0.14893617021276584,-0.00743281207352231,-0.005093113152939699,0.00026540226134952327,0.002828687573155797,0.002828687573155797,-0.07871523390055091,,0.0
139,0.020408163265306145,0.020408163265306145,-0.05555555555555569,0.004295909169427459,0.005079028056882873,0.004001209547686457,0.006847502370160408,0.006847502370160408,0.10318538345784556,,0.0
140,0.31999999999999984,0.31999999999999984,0.03921568627450989,0.0013456927813433328,0.004554443080423187,0.002763872809517842,0.004688151936302898,0.004688151936302898,0.03480139785011138,,0.0
141,-0.16666666666666652,-0.16666666666666652,-0.01886792452830177,0.005832391280425009,-0.001086240148952533,0.00014011518409118295,-0.0052624221654009595,-0.0052624221654009595,0.0630770666495577,,0.0
142,-0.054545454545454564,-0.054545454545454564,-0.15384615384615397,-0.000997924582098464,0.003868932441660977,0.00512141169876279,0.007387695964859553,0.007387695964859553,-0.10635151854320801,,0.0
143,0.055631868131867934,0.055631868131867934,0.20454545454545459,0.003723554301833465,-0.0007826669925165008,0.0005675846840234033,-0.0016161024761190967,-0.0016161024761190967,-0.016539834663048425,,0.0
144,0.018867924528301883,0.018867924528301883,0.018867924528301883,-0.005558031655132911,-0.0027829759029427414,-0.004432239657632064,-0.002578675061321256,-0.002578675061321256,0.13441291502664088,,0.0
145,-0.01851851851851849,-0.01851851851851849,-0.11111111111111116,0.00284609972025085,6.960118751564437e-05,-0.01428212541010887,-0.0108855100221531,-0.0108855100221531,0.27215470251738294,,0.0
146,0.49056603773584917,0.49056603773584917,0.47916666666666674,-0.01190228166380436,-0.0012626102360512315,-0.004344067626836812,-0.008998785691716638,-0.008998785691716638,0.03003614199847293,,0.0
147,-0.07594936708860767,-0.07594936708860767,0.028169014084507005,-0.01222023097451852,-0.022594346855599245,-0.010566203658118445,-0.007282770375994674,-0.007282770375994674,-0.18638892971883336,,0.0
148,0.606046291922532,0.606046291922532,0.04034528054043918,-0.015567716823523758,-0.016102495331862143,-0.03156709830558557,-0.02977780051499812,-0.02977780051499812,0.16493576210557825,,0.0
149,-0.1499999999999999,-0.1499999999999999,0.03896103896103886,-0.012729229703587808,-0.004717001151904543,0.008964820455373168,0.013017006826634425,0.013017006826634425,-0.07964366499546938,,0.0
150,0.11764705882352944,0.11764705882352944,0.025000000000000133,-0.0008842505848724036,0.0026938012305437464,-0.007624411137956755,0.0007668897934256513,0.0007668897934256513,0.08124470420582353,,0.0
151,-0.10526315789473695,-0.10526315789473695,-0.060975609756097615,0.013139104582201577,0.016095216259597978,0.024333707280647987,0.018762300709436186,0.018762300709436186,-0.08579729504090838,,0.0
152,0.0,0.0,-0.1298701298701299,0.011843063866225245,-0.0010106440899438907,0.0019623281637053402,-0.006616611246877735,-0.006616611246877735,-0.18403845732362156,,0.0
153,-0.23737024221453296,-0.23737024221453296,0.16521558872305153,-0.007998573627116201,-0.009595469641488497,-0.009313311701577787,-0.012317304655142136,-0.012317304655142136,-0.14892975670319697,,0.0
154,-0.013157894736842035,-0.013157894736842035,-0.012987012987013102,-0.009064143310476114,0.012288569453340337,0.0013609152829627824,0.0151316821035834,0.0151316821035834,0.35136746352086345,,0.0
155,-0.053333333333333344,-0.053333333333333344,-0.013157894736842035,0.00466199422366631,-0.01670235154630839,-0.013002937036200257,-0.029292762606524025,-0.029292762606524025,0.11909123936059784,,0.0
156,0.05633802816901401,0.05633802816901401,-0.06666666666666665,-0.01656787024058437,-0.012950262182342409,-0.004975947830568206,0.002464268025619054,0.002464268025619054,-0.06365868759173854,,0.0
157,0.07999999999999985,0.07999999999999985,0.014285714285714235,0.006513948422457894,0.012938141715288953,0.013884219132121123,0.014426112711542594,0.014426112711542594,-0.13369242199108466,,0.0
158,-0.2222222222222222,-0.2222222222222222,0.04186764422149336,0.017013760411066947,0.012914609432256752,0.017013760411066947,0.012105875766989627,0.012105875766989627,-0.08154881866129238,,0.0
159,0.0793650793650793,0.0793650793650793,0.0,0.0018980737811826742,-0.0025145342886386812,-0.004764027897908973,-0.007914730146040938,-0.007914730146040938,-0.04562261895869124,,0.0
160,0.3088235294117647,0.3088235294117647,0.01333333333333342,0.0010380231653881467,0.0017444410457014836,0.006314594898793047,0.00824679108156845,0.00824679108156845,-0.017972801095783142,,0.0
161,-0.022471910112359605,-0.022471910112359605,-0.07894736842105265,0.0030457830830514787,0.003533989135222404,-0.0045922939567119014,-0.00050604734960491,-0.00050604734960491,-0.039954303780233014,,0.0
162,-0.04597701149425293,-0.04597701149425293,-0.05714285714285716,-0.006779327000188573,-0.004106761159724748,-0.023942076288255287,-0.025946355565439005,-0.025946355565439005,0.36197282488377236,,0.0
163,-0.16992106356460313,-0.16992106356460313,0.10185185185185208,-0.015241852128535127,-0.01631015951431669,0.007418067916062698,0.010982996407479906,0.010982996407479906,-0.2742234526198156,,0.0
164,-0.04054054054054046,-0.04054054054054046,-0.025974025974025983,0.009223113684724726,0.006779496191743117,0.0016071778711483908,-0.0032031907949329197,-0.0032031907949329197,0.2365726483762598,,0.0
165,0.04225352112676051,0.04225352112676051,-0.053333333333333455,-0.011012222395467286,-0.0030219505379830425,-0.0026358547489903073,0.006545469982345509,0.006545469982345509,-0.1234452956308385,,0.0
166,-0.04054054054054046,-0.04054054054054046,0.028169014084507005,0.017156692109824956,0.014003314844482473,0.018443385149226055,0.01268731388766109,0.01268731388766109,0.025430842443065593,,0.0
167,-0.07042253521126762,-0.07042253521126762,-0.1095890410958904,0.009180962929766112,0.0033884661320593423,0.0026328524103855777,0.0006427931312258384,0.0006427931312258384,-0.052811702070719946,,0.0
168,-0.6363636363636365,-0.6363636363636365,0.14027149321266963,-0.009560517057341733,-0.008855847915299697,-0.0073695986925707,-0.006899120439028739,-0.006899120439028739,0.13905499509714314,,0.0
169,0.03703703703703698,0.03703703703703698,0.02777777777777768,0.0053832403463720535,0.008389474586087298,0.010377439688177503,0.010842075925499017,0.010842075925499017,-0.07690287411834396,,0.0
170,0.25,0.25,-0.06756756756756754,0.012285215504149738,0.01599950946633677,0.01325867723783225,0.013009823744460025,0.013009823744460025,0.22996528897403312,,0.0
171,-0.05714285714285716,-0.05714285714285716,-0.05797101449275355,0.006664189466182968,-0.00027801034616448117,0.00402279929666971,0.0009106182795699524,0.0009106182795699524,-0.17539774333667468,,0.0
172,0.08333333333333326,0.08333333333333326,0.08791208791208782,0.0027177526408903585,0.0014739885361285676,-0.001049651641205629,-9.403399458152162e-05,-9.403399458152162e-05,0.24767476654157372,,0.0
173,0.030303030303030276,0.030303030303030276,-0.026666666666666727,-0.0058291144791450256,-0.003358499893240552,-0.004169172933470189,0.00032231747337752026,0.00032231747337752026,0.09689998975740033,,0.0
174,0.05882352941176472,0.05882352941176472,-0.06849315068493145,0.003500459439719217,0.00722966806056502,0.006188717657363396,0.00722966806056502,0.00722966806056502,-0.10549857997572176,,0.0
175,-0.08333333333333326,-0.08333333333333326,0.07352941176470584,0.009280911021325888,0.0066013204773625045,0.008607438935524625,0.002879174218631375,0.002879174218631375,-0.03454825527364391,,0.0
176,0.0,0.0,-0.15068493150684925,0.0010401517726297271,-0.001128829359693162,0.0006597976840367892,-0.0007244224017243228,-0.0007244224017243228,-0.07167986159826578,,0.0
177,-0.27622377622377625,-0.27622377622377625,0.21456500488758534,-0.005245351419721711,-0.005017747312433651,-0.004072729830255084,-0.0031355761353059064,-0.0031355761353059064,0.2143656642216325,,0.0
178,0.18518518518518534,0.18518518518518534,0.15714285714285725,-0.00024696220633901866,0.0013390558671855235,0.0010232155678566723,0.002581755593803692,0.002581755593803692,-0.14101772312990102,,0.0
179,-0.03125000000000011,-0.03125000000000011,0.04938271604938271,0.0019461757118166556,0.0005389177735422024,-0.005063883516549628,0.0003426822370828919,0.0003426822370828919,-0.0643546559762953,,0.0
180,-0.032258064516129004,-0.032258064516129004,-0.14117647058823524,0.002951890721305972,0.004707679466336767,0.008255572027665359,1.9955233758972568e-05,1.9955233758972568e-05,-0.053630579181147664,,0.0
181,-0.03333333333333344,-0.03333333333333344,-0.04109589041095896,-0.0006445076122288951,-0.0018596686289497066,-0.00615351849896506,-0.0048955530648964185,-0.0048955530648964185,0.8745605590396428,,0.0
182,1.2308845577211391,1.2308845577211391,-0.05835010060362156,-0.008283384909134495,-0.005708914831107803,-0.0008208250405680184,-9.695628454686744e-05,-9.695628454686744e-05,-0.4771573520773651,,0.0
183,1.096774193548387,1.096774193548387,-0.013888888888889062,0.006344863415451707,0.002944200955077303,-0.008215328797577692,-0.008416360828670588,-0.008416360828670588,0.2138869449788019,,0.0
184,0.5384615384615385,0.5384615384615385,-0.014084507042253502,-0.011350739612605132,-0.006037240939102073,-0.001646499173352578,0.006158565153422613,0.006158565153422613,-0.14200291611515548,,0.0
185,-0.19000000000000006,-0.19000000000000006,-0.014285714285714235,0.00585507080178993,-0.000849582889619227,0.0036743698084444887,-0.0024289164208519676,-0.0024289164208519676,-0.07280490046310939,,0.0
186,-0.19753086419753074,-0.19753086419753074,-0.0434782608695653,-8.708088139253167e-05,1.0076055809937756e-05,-0.006134203413964201,-0.005316359867398868,-0.005316359867398868,0.05407767999896018,,0.0
187,-0.29038461538461546,-0.29038461538461546,0.0937062937062938,-0.006163150190757194,-0.001158232618702737,0.007312809579260726,0.005047623227845355,0.005047623227845355,0.0012208468854530974,,0.0
188,0.5370370370370372,0.5370370370370372,0.0869565217391306,0.0056014180453640705,0.0029089598033091857,-0.009561654778564299,-0.012258376613342059,-0.012258376613342059,0.09558721644532442,,0.0
189,0.13253012048192758,0.13253012048192758,-0.02666666666666684,-0.019743975404414416,-0.0226397062017758,-0.02170010548882151,-0.017903205509735565,-0.017903205509735565,0.09962788501534559,,0.0
190,0.03191489361702127,0.03191489361702127,0.027397260273972712,-0.013471132871532343,-0.004667051880825279,-0.006605378447662402,0.007971921139907412,0.007971921139907412,-0.10450553607393698,,0.0
191,-0.16494845360824728,-0.16494845360824728,-0.1200000000000001,0.011499421618623051,0.014636962782045515,0.021926301740453402,0.014216888241270542,0.014216888241270542,-0.14636492333687245,,0.0
192,-0.06052393857271898,-0.06052393857271898,0.16666666666666674,0.00879539879956548,0.0020347085390048925,0.005865837746496849,-0.004478304612789308,-0.004478304612789308,-0.016948472497601008,,0.0
193,0.012820512820512775,0.012820512820512775,0.03896103896103886,-0.008093830984671757,-0.011582059295548675,-0.014654186241490397,-0.015560792026650394,-0.015560792026650394,0.1415952981830797,,0.0
194,-0.012658227848101222,-0.012658227848101222,-0.012499999999999956,-0.0031844268998912906,0.0013160620344765395,0.005099113103479658,0.00910447729723951,0.00910447729723951,-0.18758807668816757,,0.0
195,0.1282051282051282,0.1282051282051282,-0.025316455696202556,0.002559135633982468,0.006533905256718153,0.003339811149435823,0.006415702076306928,0.006415702076306928,0.17985418912872864,,0.0
196,0.09090909090909105,0.09090909090909105,-0.012987012987012991,0.015254184440903762,0.015201155857634152,0.01575183688871773,0.010938964951821895,0.010938964951821895,0.11289455280130545,,0.0
197,-0.19843750000000004,-0.19843750000000004,-0.02767027863777105,0.0009247165634049814,-0.006828596055163616,-4.394091115156318e-05,-0.0013871129560613094,-0.0013871129560613094,-0.2858403668802333,,0.0
198,-0.1728395061728395,-0.1728395061728395,0.10666666666666669,0.002629972836089456,0.010239333087575186,0.0036012205310003154,0.00995566677193227,0.00995566677193227,0.30649740713799667,,0.0
199,0.11940298507462677,0.11940298507462677,-0.048192771084337505,0.00540413822242547,-0.001911243706880561,0.0038975856316871837,-0.001999546079673009,-0.001999546079673009,-0.03537240252159701,,0.0
200,0.33333333333333326,0.33333333333333326,-0.10126582278481011,0.003709460668347875,0.003586274078077434,0.0022075572825941414,0.0027628617937933697,0.0027628617937933697,-0.03308229146302488,,0.0
201,-0.18999999999999995,-0.18999999999999995,0.014084507042253502,-0.0013096305281644627,-0.0027557183649182804,-0.005174126526260148,-0.003919344885671916,-0.003919344885671916,0.04760330684604419,,0.0
202,-0.43599740090968164,-0.43599740090968164,0.3016169154228854,-0.00012015989775360225,0.0024433666666667797,0.0063971828741904435,0.006871609403255041,0.006871609403255041,0.002245511275039913,,0.0
203,0.125,0.125,-0.10989010989010983,0.0047555798803931015,0.002407451047691689,-0.00010352713026773319,-0.0035686728395061262,-0.0035686728395061262,0.07710858840574386,,0.0
204,0.0793650793650793,0.0793650793650793,-0.03703703703703709,-0.005553470420794904,-0.0032475940765152034,-0.0012787809177839948,0.002847139009142241,0.002847139009142241,-0.037180502229070767,,0.0
205,-0.014705882352941124,-0.014705882352941124,-0.02564102564102555,0.006937184578541755,0.0037573799080130588,0.003078988101804958,0.001920439870594981,0.001920439870594981,0.08834113891778927,,0.0
206,-0.05970149253731338,-0.05970149253731338,-0.052631578947368474,-0.0038012392280698526,0.0037531621032282914,0.0005065957601466664,0.004072697314876805,0.004072697314876805,-0.08726371662243404,,0.0
207,0.9969278033794162,0.9969278033794162,0.022946859903381744,0.009589387424936868,0.005513065892173374,0.010053565695968825,0.005581346875981996,0.005581346875981996,0.04476066425941361,,0.0
208,-0.24,-0.24,0.168831168831169,0.0010783873633501972,0.001245039511279522,0.0008871680247757308,-0.0008323956818206968,-0.0008323956818206968,0.019510227960116255,,0.0
209,-0.13157894736842102,-0.13157894736842102,-0.0888888888888889,0.0014331272565675235,0.0007316584784895497,-0.0029161956459813343,0.0032533612759553243,0.0032533612759553243,0.05183945090851361,,0.0
210,0.19696969696969702,0.19696969696969702,-0.1707317073170732,0.0023554317145546566,-0.001049211466863098,-0.0009154450157966565,-0.0030228405819933135,-0.0030228405819933135,0.09619891791113955,,0.0
211,-0.012658227848101333,-0.012658227848101333,-0.02941176470588236,0.0012537661640934505,0.006580491863221294,0.009106308538540775,0.009662294418470996,0.009662294418470996,-0.05051120001546161,,0.0
212,-0.17159763313609477,-0.17159763313609477,0.19972451790633605,0.009256831174280222,0.005950537178630144,0.007916196832223221,0.0037040866443451836,0.0037040866443451836,0.05512442114905092,,0.0
213,0.0714285714285714,0.0714285714285714,-0.02564102564102566,0.0005976043858966218,-0.0004051601192791576,-0.0008846552574692801,-0.001185698460498874,-0.001185698460498874,0.08181631841035975,,0.0
214,0.05333333333333323,0.05333333333333323,-0.02631578947368418,-0.0018501363282265038,-0.0018190632143840757,-0.0020376609878313134,0.0007024932933992201,0.0007024932933992201,-0.006228085231591574,,0.0
215,0.025316455696202667,0.025316455696202667,-0.013513513513513598,0.0038762640604772525,0.006311810706036036,0.004677304295891416,0.0027300944493917623,0.0027300944493917623,-0.07033123307889522,,0.0
216,0.024691358024691246,0.024691358024691246,-0.027397260273972712,-0.0018691164942241656,-0.0015107319136024033,-0.0021588972252071237,0.0025606934623163546,0.0025606934623163546,-0.15574090873996294,,0.0
217,-0.24899598393574296,-0.24899598393574296,0.2816901408450705,-0.000298547667342719,-0.0015389141105199844,0.000728791808614293,-0.001962477467040036,-0.001962477467040036,-0.13249503450838063,,0.0
218,-0.045454545454545414,-0.045454545454545414,-0.07692307692307698,0.0029055002903748406,0.004623858051961305,0.002896755892842995,0.0015646531757265159,0.0015646531757265159,0.14181378540156087,,0.0
219,0.3650793650793651,0.3650793650793651,-0.11904761904761896,-0.0016509024756578006,-0.0014665071837417498,-0.001922372460474553,0.0007115180374301922,0.0007115180374301922,0.012484095545021612,,0.0
220,-0.12790697674418594,-0.12790697674418594,0.04054054054054057,0.002130258354903436,4.515729052512185e-05,0.0014486163440301514,0.0008370609300460963,0.0008370609300460963,-0.06645522728308939,,0.0
221,0.2666666666666666,0.2666666666666666,-0.1688311688311689,0.005555253579228259,0.007184816990510656,0.00692127812769594,0.007695495028321009,0.007695495028321009,0.01818642458799724,,0.0
222,-0.15232198142414877,-0.15232198142414877,0.13689365671641784,0.0032143685556376145,0.0011888952269856201,0.002402885962671908,0.0005031309486422941,0.0005031309486422941,0.03029094779128516,,0.0
223,0.12162162162162171,0.12162162162162171,0.0,0.0030597741134212875,0.001110695036143916,0.00045304394989020835,-0.0005925952024804504,-0.0005925952024804504,0.0446301528505626,,0.0
224,0.20481927710843362,0.20481927710843362,0.053333333333333455,-0.004089625733424862,-0.002772026280902784,-0.007085374196635796,-0.003756161623885923,-0.003756161623885923,0.12390287654558274,,0.0
225,-0.030000000000000027,-0.030000000000000027,-0.05063291139240511,-0.0019809225398895736,-0.0028406493169219615,0.0010157501274741243,-0.0015827773238195064,-0.0015827773238195064,-0.0779029911596103,,0.0
226,-0.1958762886597939,-0.1958762886597939,-0.19999999999999996,0.0009393306718052941,0.0008874283903970159,0.0015220306668175532,0.0021749357185665286,0.0021749357185665286,-0.13271658029973987,,0.0
227,-0.4275814275814275,-0.4275814275814275,0.024615384615384706,0.0019380281588741166,0.006733335901167203,0.005865884114272246,0.007507306392651625,0.007507306392651625,0.08824586739721951,,0.0
228,0.1355932203389829,0.1355932203389829,-0.013513513513513487,0.005584774866068898,0.0028271475214944886,0.004349755066649363,0.0021955617810456296,0.0021955617810456296,0.3087144350183537,,0.0
229,0.13432835820895517,0.13432835820895517,-0.12328767123287665,0.003394069783432263,0.0036815913654097976,0.003963557968700071,0.004174436080649047,0.004174436080649047,-0.3399998694400501,,0.0
230,-0.2763157894736842,-0.2763157894736842,-0.234375,0.0005372453894307849,-0.0012554450172148623,-0.0012947086538094288,-0.004011218944873662,-0.004011218944873662,-0.42533192223112404,,0.0
231,-0.887012987012987,-0.887012987012987,0.4716553287981857,-0.0010580265843715964,-0.0019013744722724546,-0.009097485168937158,-0.008631032352959922,-0.008631032352959922,0.8753313214994665,,0.0
232,0.3333333333333335,0.3333333333333335,0.07575757575757591,-0.017952573502152624,-0.015691868305228618,-0.013003137476774285,-0.006638073951768297,-0.006638073951768297,0.11767531219980798,,0.0
233,0.25,0.25,0.028169014084507005,0.005211520504614597,0.007886958516560849,0.010487439119331254,0.006323548428811776,0.006323548428811776,0.011397633430868304,,0.0
234,0.10000000000000009,0.10000000000000009,0.041095890410958846,0.005062026743998693,2.24724151103306e-05,0.00039645063867221886,0.0015002441563114477,0.0015002441563114477,-0.09182063474450819,,0.0
235,-0.18181818181818188,-0.18181818181818188,-0.14473684210526305,0.004940385546340353,0.00998576672169782,0.009942811299842758,0.009135730686357979,0.009135730686357979,0.03687104224092974,,0.0
236,0.07279693486590033,0.07279693486590033,0.03389830508474567,0.002309689777080015,-0.0005491017409667842,0.0002679431552168321,-0.003162805139460656,-0.003162805139460656,-0.03836492809270353,,0.0
237,0.25,0.25,0.2615384615384615,-0.002068838138273521,-0.0021436260581215727,-0.0029883653435222035,-0.0010969527672547441,-0.0010969527672547441,-0.0006575034593647722,,0.0
238,0.0,0.0,-0.10975609756097549,0.00012435573189817362,0.0005919251781623114,0.0022775735094775484,0.002908169780240888,0.002908169780240888,-0.02728939317361434,,0.0
239,0.0,0.0,-0.08219178082191791,0.0017475882962607603,0.010273602249378344,0.0016787894842669182,0.00857523032869012,0.00857523032869012,0.22694571012193543,,0.0
240,0.30000000000000004,0.30000000000000004,-0.02985074626865669,0.00809233962492395,0.002014904227586989,0.005748023718563644,7.25563875012547e-05,7.25563875012547e-05,-0.06360303606644468,,0.0
241,0.7582417582417582,0.7582417582417582,0.11021437578814641,0.0053621336542444276,0.004722466748855236,0.008591735809485801,0.007147816208028068,0.007147816208028068,0.08427373711153985,,0.0
242,0.125,0.125,-0.05633802816901412,0.003697037774397005,0.00015948913441166113,0.002324422194929232,0.00033527080167328194,0.00033527080167328194,-0.052877863857702434,,0.0
243,2.3333333333333335,2.3333333333333335,-0.029850746268656803,-5.942918130519281e-05,8.129522046651516e-05,3.444029043908614e-05,-0.0004322917319232733,-0.0004322917319232733,0.04600342928021606,,0.0
244,2.3333333333333335,2.3333333333333335,0.0,-0.0009044475949937514,0.0021885395562892818,0.00036983649635669025,0.004459284282710474,0.004459284282710474,-0.07315001195790816,,0.0
245,-0.78,-0.78,-0.10769230769230764,0.009713938147994705,0.006292318155159293,0.007427168722835775,0.004944795610341446,0.004944795610341446,0.7348089612815654,,0.0
246,-0.8772727272727273,-0.8772727272727273,0.046162402669632785,0.0008438167719775347,0.0006603630480792599,0.0019496086790236067,0.0008661314657181229,0.0008661314657181229,-0.5258007489615402,,0.0
247,-0.11111111111111105,-0.11111111111111105,-0.0757575757575758,-0.00018598595806029738,-0.000418275099294263,-0.0005555038326661155,-0.00019543984044723128,-0.00019543984044723128,-0.5763785650572926,,0.0
248,-0.12499999999999989,-0.12499999999999989,0.016393442622950838,0.0005425599528747771,0.004230744328274527,0.0020773107364981946,0.005128157559088908,0.005128157559088908,0.6664969842812409,,0.0
249,0.0,0.0,0.09677419354838723,0.006206618740704162,0.00242271788280779,0.0022217711948440133,3.398242648655625e-05,3.398242648655625e-05,0.12403039783771774,,0.0
250,-0.02857142857142858,-0.02857142857142858,0.54437564499484,-0.002198766333151636,-0.002158297813016241,-0.005503389980014983,-0.005780828513404224,-0.005780828513404224,0.24071611211074373,,0.0
251,0.16666666666666674,0.16666666666666674,0.024390243902439046,-0.007688119537169635,-0.002838669354339851,-0.001411472425239424,0.002946024729223451,0.002946024729223451,-0.03965101268049209,,0.0
252,2.7142857142857135,2.7142857142857135,-0.2142857142857143,0.009172115065785302,0.008175182255888647,0.007316245489612516,0.008378812546815384,0.008378812546815384,0.19505081536106372,,0.0
253,1.4615384615384617,1.4615384615384617,0.015151515151515138,-0.0056430393735892315,-0.003680013863124887,-0.00407658096200636,-0.007059870556966441,-0.007059870556966441,0.0008790573266825863,,0.0
254,0.1626838235294117,0.1626838235294117,0.2598650582702926,-0.0027306623336929015,0.00021262111155118113,-0.002389629822128314,0.0035333631069953686,0.0035333631069953686,0.06147419025854517,,0.0
255,-0.1636363636363637,-0.1636363636363637,0.03797468354430378,0.007555469223477385,-0.0005944856970319101,0.005534056862791958,-0.002803239400175017,-0.002803239400175017,-0.06904876608230115,,0.0
256,1.1739130434782608,1.1739130434782608,-0.03658536585365846,-0.0010086801709919824,0.0068292188944907295,0.0013117067132684124,0.004902446107490022,0.004902446107490022,0.0878586589794117,,0.0
257,-0.5599999999999999,-0.5599999999999999,0.0,0.008472791910282274,0.0026047803504432032,0.008341907217662259,0.006655292725288531,0.006655292725288531,-0.022172114735990567,,0.0
258,-0.20454545454545459,-0.20454545454545459,-0.06329113924050644,0.004831584523105947,0.002262164188871374,-0.0008609326574356979,-0.0028551928420923467,-0.0028551928420923467,-0.11692534335241689,,0.0
259,-0.49689440993788825,-0.49689440993788825,0.06548856548856552,-0.003254362584843129,0.0015656154907568443,0.0023214120716188447,0.006976219793399796,0.006976219793399796,0.07575856606193021,,0.0
260,0.37037037037037046,0.37037037037037046,-0.04878048780487809,0.004347182910712455,0.0018612707484579882,0.002680185981654315,-0.0015145387048121073,-0.0015145387048121073,0.060395558358745216,,0.0
261,0.0,0.0,0.05128205128205132,-0.0009375256536586773,0.0013386658571754584,0.0010679881565605065,0.001870185701846827,0.001870185701846827,0.014108640075522594,,0.0
262,0.027027027027027195,0.027027027027027195,-0.07317073170731703,0.006306610973503046,0.005593241061317089,0.006745593358274959,0.008366577589692614,0.008366577589692614,-0.0489017552544635,,0.0
263,0.0,0.0,0.09210526315789469,0.00626402904053025,0.0038496762588615674,0.004856455851167896,0.003862144534593659,0.003862144534593659,0.04613474093938463,,0.0
264,-0.01754385964912275,-0.01754385964912275,0.10409638554216882,-0.0007912662784781421,-2.6997970707598462e-05,-0.0006779436108198533,-0.0026519842308736497,-0.0026519842308736497,0.11010040100914775,,0.0
265,0.11428571428571432,0.11428571428571432,0.02298850574712641,0.0027069915056472382,0.0023965475300244954,0.0010341583413739919,0.0002890878375325645,0.0002890878375325645,-0.11825817106500314,,0.0
266,0.0,0.0,-0.1123595505617977,-0.0042792535780565855,-0.003262687363119743,-0.005472795508487782,0.0011409648528637462,0.0011409648528637462,0.040059670980841844,,0.0
267,0.0,0.0,-0.11392405063291133,0.005226568790959618,0.0018936661945627709,-0.006160175713756821,-0.009042140524546438,-0.009042140524546438,-0.015333903518324754,,0.0
268,0.1266025641025641,0.1266025641025641,0.030379746835442978,-0.025783864096970865,-0.022299966467456467,-0.014331729406709681,-0.015730715193887357,-0.015730715193887357,0.03128296013358045,,0.0
269,0.07894736842105265,0.07894736842105265,0.06756756756756754,0.0025222656882404326,0.008263620348784917,0.005787602411500892,0.010053582253634952,0.010053582253634952,-0.07752347571342633,,0.0
270,0.024390243902439046,0.024390243902439046,0.06329113924050644,0.010478104950985223,0.002340387974849145,0.0057388986911430795,-0.0008668778844040936,-0.0008668778844040936,0.016383495145630977,,0.0
271,-0.0714285714285714,-0.0714285714285714,-0.07142857142857151,-0.010035081745940144,-0.0022954816652344112,-0.008890855404394826,0.003134355811521994,0.003134355811521994,0.05656297949504818,,0.0
272,0.23076923076923062,0.23076923076923062,-0.11538461538461542,0.007947335288427615,-0.001089439488282995,-0.008671549278401414,-0.01770582270106602,-0.01770582270106602,0.19554558056637394,,0.0
273,0.632882882882883,0.632882882882883,-0.0845096932053454,-0.014218618657520166,-0.004231810810253478,0.006526310753366182,0.007254613209652927,0.007254613209652927,-0.17004171976421378,,0.0
274,-0.19999999999999996,-0.19999999999999996,0.265625,0.013892127537878718,0.011773201030864877,0.013892127537878718,0.014980424725152597,0.014980424725152597,0.0631760739347138,,0.0
275,1.4999999999999996,1.4999999999999996,-0.024691358024691357,0.013503524847405801,0.009271527864947782,0.0101017490618589,0.011250579627831936,0.011250579627831936,0.03063834686583311,,0.0
276,-0.35,-0.35,-0.050632911392405,0.006018208192648977,0.003110007756817579,0.006228562806488203,0.0033256765494147356,0.0033256765494147356,-0.06055763733901931,,0.0
277,-0.3846153846153846,-0.3846153846153846,-0.10666666666666669,-0.00280422260634694,-0.0019534582253073474,-0.0036797736221549915,-0.005400833288500828,-0.005400833288500828,-0.03560155827906841,,0.0
278,-0.5874999999999999,-0.5874999999999999,-0.010212097407698462,-0.005174574431726087,0.0032441597657333343,-0.0013094348997196859,0.007326389619287665,0.007326389619287665,-0.07513435996408135,,0.0
279,0.06896551724137923,0.06896551724137923,0.042857142857142705,0.014341797557770875,0.00697138646763662,0.01053418410558904,0.0016884689346505777,0.0016884689346505777,0.08990392279044146,,0.0
280,0.0,0.0,0.04109589041095907,0.001375543280770053,0.0017300771035355655,0.005070509914338217,0.0064626610081155444,0.0064626610081155444,0.04409727300527844,,0.0
281,-0.06451612903225812,-0.06451612903225812,-0.09210526315789469,-0.0013648123423825043,0.0010705699000730373,-0.0027301971677171633,-0.0016304724141502636,-0.0016304724141502636,-0.10904191647267969,,0.0
282,0.0,0.0,-0.10144927536231885,0.003618705357221197,-0.0012998767743287454,0.0016753062026115817,0.0018435420263414048,0.0018435420263414048,-0.02864297475301869,,0.0
283,0.030303030303030498,0.030303030303030498,0.17741935483870952,-0.0026761058744581012,-0.0016801008575201282,-0.0031311142739067765,-0.002919950621270928,-0.002919950621270928,0.1026120940306765,,0.0
284,0.10344827586206895,0.10344827586206895,-0.013698630136986245,0.003368882530335071,0.005484428194286739,0.006919755069279443,0.004705796830539732,0.004705796830539732,-0.03911954989964561,,0.0
285,0.09375,0.09375,-0.04166666666666663,1.777901418997807e-05,-0.001287777882552632,-0.011190293350352265,-0.0038155133061297253,-0.0038155133061297253,0.11309806535838796,,0.0
286,-0.08571428571428563,-0.08571428571428563,0.0,-0.005901581150438484,-0.008376702370113454,-0.00376232408067001,-0.010518108756295885,-0.010518108756295885,-0.026963157421917905,,0.0
287,-0.23069852941176483,-0.23069852941176483,-0.01449275362318836,-0.030617437881267695,-0.030037818826693985,-0.03419011852363707,-0.03351362444760686,-0.03351362444760686,0.24201709550762063,,0.0
288,0.0370370370370372,0.0370370370370372,0.13888888888888906,-0.005731256788527261,-0.003932775102451602,-0.029825922878880196,-0.03027998568705026,-0.03027998568705026,0.15456456382047334,,0.0
289,0.07142857142857162,0.07142857142857162,-0.1707317073170732,-0.030577906061177607,-0.019858391926060648,-0.0031358516338172437,-0.0037785506727489038,-0.0037785506727489038,-0.020280747061169557,,0.0
290,-0.06666666666666676,-0.06666666666666676,-0.014705882352941124,-0.024637696252673535,-0.026846702759771524,-0.042328891376298916,-0.04416324799409721,-0.04416324799409721,0.2885538990637282,,0.0
291,-0.03571428571428581,-0.03571428571428581,-0.08955223880597007,-0.04755532988956879,-0.044348398830236446,-0.04082428035374208,-0.008238327357692588,-0.008238327357692588,0.21320925251174416,,0.0
292,-0.09318996415770597,-0.09318996415770597,0.049180327868852514,0.01967160408898505,0.04434203235441192,0.03128669563817654,0.04603922524388837,0.04603922524388837,-0.2554283412250331,,0.0
293,0.08695652173913038,0.08695652173913038,-0.12499999999999989,0.04107884933496497,0.014804462044154532,0.010675033212629303,-0.028107907825631107,-0.028107907825631107,-0.003208707107458797,,0.0
294,0.28,0.28,0.0535714285714286,-0.016376765726022646,-0.0018331250478206274,0.01940113549218858,0.04220259101600554,0.04220259101600554,-0.2077521184907346,,0.0
295,-0.1875,-0.1875,0.03389830508474567,0.009833374374127901,-0.015308354918763145,-0.011386115495953475,-0.03392208497047777,-0.03392208497047777,0.1072529331861114,,0.0
296,0.0,0.0,-0.1803278688524591,-0.03950320252300288,-0.03149816414967044,-0.032765222270421335,-0.01705384422488021,-0.01705384422488021,0.1751558142246057,,0.0
297,1.088578088578089,1.088578088578089,0.16617647058823515,-0.03057006973123,-0.04087168958655052,-0.05759358823245586,-0.07596967820393563,-0.07596967820393563,0.28554182297692043,,0.0
298,0.03571428571428559,0.03571428571428559,0.0,-0.017601898732210408,0.006529650458978908,-0.00015721741486229845,0.04939629757237052,0.04939629757237052,-0.09344477356776937,,0.0
299,0.13793103448275867,0.13793103448275867,-0.0491803278688524,0.004307867836274015,-0.01977041411472269,-0.009795171909290468,-0.04886844561329251,-0.04886844561329251,-0.03429169351332384,,0.0
300,1.212121212121212,1.212121212121212,-0.18965517241379315,-0.06891987298556512,-0.05827084306799124,-0.08435217677174367,-0.09511268394431571,-0.09511268394431571,0.19734856138571288,,0.0
301,0.36986301369863006,0.36986301369863006,0.021276595744680993,-0.023136958137758845,0.018933125387549765,0.005450085706732777,0.09287123858646296,0.09287123858646296,-0.06463760762363835,,0.0
302,-0.3025,-0.3025,0.34615384615384603,-0.023891104634648386,-0.05471487960835164,-0.044708528641071554,-0.1198405397230563,-0.1198405397230563,-0.05777322498658988,,0.0
303,-0.16129032258064524,-0.16129032258064524,-0.01666666666666672,-0.03305848970702696,-0.0035310849089731366,-0.0058379886027362105,0.05995482475618785,0.05995482475618785,0.07414470657479111,,0.0
304,0.23076923076923084,0.23076923076923084,0.05084745762711873,0.004468928228561486,-0.039296223439805544,-0.03655198053264841,-0.05183074627966833,-0.05183074627966833,0.047530059221152055,,0.0
305,-0.06250000000000011,-0.06250000000000011,0.016129032258064502,-0.01765647445105689,0.005461388692338476,0.01721537193271727,0.004707810153546044,0.004707810153546044,-0.09240410334658933,,0.0
306,-0.06666666666666654,-0.06666666666666654,0.0793650793650793,0.016068611394287835,-0.005658763584477922,-0.01044060212606368,-0.043359524334355415,-0.043359524334355415,0.13816787072889292,,0.0
307,-0.3382936507936508,-0.3382936507936508,0.3991596638655466,-0.0580729400426383,-0.062078833759340646,-0.04517416032801769,-0.029293859626098095,-0.029293859626098095,-0.18159936935373133,,0.0
308,0.06521739130434767,0.06521739130434767,0.09459459459459452,0.023455566178171683,0.06475336088980455,0.06961201583987964,0.09382775068506977,0.09382775068506977,0.01961179004023128,,0.0
309,-0.10204081632653061,-0.10204081632653061,-0.08641975308641969,0.04833994678217168,0.04968339109527253,0.026910521357361494,0.011535019325754181,0.011535019325754181,0.09782506442658678,,0.0
310,-0.13636363636363635,-0.13636363636363635,0.08108108108108092,0.017707108476383127,0.02550734712755398,0.0387077211914284,0.062414158315122314,0.062414158315122314,-0.06426879178147327,,0.0
311,0.07894736842105265,0.07894736842105265,-0.1499999999999999,0.02182078047727387,-0.008001524453832176,0.007717777280143334,-0.03368735304811843,-0.03368735304811843,-0.20105737531535528,,0.0
312,-0.14213624894869636,-0.14213624894869636,0.15751633986928115,0.0012167676283705298,0.006074406461782145,0.010023729970397133,0.033515996647609514,0.033515996647609514,-0.0723419643448121,,0.0
313,-0.17499999999999982,-0.17499999999999982,0.025974025974025983,0.02177035381284731,0.003643855916102945,0.010163871951219372,-0.016012716426349827,-0.016012716426349827,0.14306274385596107,,0.0
