,date,open_oil,high_oil,low_oil,oil_price,oil_adj,volume_oil,divid,split coef,oil,production,wti,brent,crude oil,barrel
2017-01-03,2017-01-03,57.15,57.15,57.15,57.15,11.43,0.0,0.0,1.0,48.95,26.22,4.0,86.0,5.670000000000001,42.25
2017-01-04,2017-01-04,57.15,57.15,57.15,57.15,11.43,8.0,0.0,1.0,49.50000000000001,30.82,3.4,34.4,6.7200000000000015,44.2
2017-01-05,2017-01-05,57.22,57.22,57.22,57.22,11.444,200.0,0.0,1.0,50.6,37.26000000000001,2.8000000000000003,40.42,5.74,43.55
2017-01-06,2017-01-06,57.22,57.22,57.22,57.22,11.444,0.0,0.0,1.0,45.65000000000001,30.82,2.4,34.4,4.48,43.55
2017-01-09,2017-01-09,55.41,55.41,55.41,55.41,11.082,200.0,0.0,1.0,51.3,42.56,3.56,26.130000000000006,4.83,35.4
2017-01-10,2017-01-10,54.29,54.29,54.29,54.29,10.857999999999999,100.0,0.0,1.0,50.16,43.68000000000001,2.36,29.48,5.53,33.629999999999995
2017-01-11,2017-01-11,54.29,54.29,54.29,54.29,10.857999999999999,0.0,0.0,1.0,49.02,42.56,2.84,22.110000000000007,4.2700000000000005,36.58
2017-01-12,2017-01-12,54.29,54.29,54.29,54.29,10.857999999999999,0.0,0.0,1.0,50.16,44.8,2.04,22.78,4.9,38.35
2017-01-13,2017-01-13,55.81,55.81,55.81,55.81,11.162,100.0,0.0,1.0,49.59,42.56,2.24,26.130000000000006,3.01,40.12
2017-01-17,2017-01-17,55.81,55.81,55.81,55.81,11.162,0.0,0.0,1.0,47.6,54.0,1.89,22.04,7.84,35.98999999999999
2017-01-18,2017-01-18,55.81,55.81,55.81,55.81,11.162,0.0,0.0,1.0,48.72000000000001,54.6,1.65,22.04,5.04,38.35
2017-01-19,2017-01-19,55.05,55.31,54.73,54.73,10.946,1000.0,0.0,1.0,48.72000000000001,54.6,1.56,20.88,6.0,38.35
2017-01-20,2017-01-20,56.1,56.1,56.07,56.08,11.216,5600.0,0.0,1.0,45.36000000000001,49.8,2.19,16.82,5.68,35.98999999999999
2017-01-23,2017-01-23,56.08,56.08,56.08,56.08,11.216,0.0,0.0,1.0,46.48,61.2,2.72,27.0,6.6400000000000015,37.12
2017-01-24,2017-01-24,56.08,56.08,56.08,56.08,11.216,1.0,0.0,1.0,49.28,63.24,2.24,35.1,6.0,33.64
2017-01-25,2017-01-25,56.08,56.08,56.08,56.08,11.216,0.0,0.0,1.0,53.2,66.64,2.48,79.2,8.0,34.8
2017-01-26,2017-01-26,56.08,56.08,56.08,56.08,11.216,19.0,0.0,1.0,48.72000000000001,65.28,2.64,63.0,6.48,37.7
2017-01-27,2017-01-27,55.6,55.6,55.39,55.4,11.08,5000.0,0.0,1.0,47.6,58.48,2.04,43.2,5.44,37.12
2017-01-30,2017-01-30,55.4,55.4,55.4,55.4,11.08,0.0,0.0,1.0,48.72000000000001,63.92,2.2,40.85,7.6,35.91
2017-01-31,2017-01-31,55.4,55.4,55.4,55.4,11.08,1.0,0.0,1.0,47.6,68.0,2.04,46.55,6.5600000000000005,34.77
2017-02-01,2017-02-01,55.4,55.4,55.4,55.4,11.08,1.0,0.0,1.0,48.72000000000001,62.56,3.64,95.0,5.12,34.77
2017-02-02,2017-02-02,56.56,56.56,56.27,56.27,11.254000000000001,640.0,0.0,1.0,47.6,63.92,2.92,37.05,5.5200000000000005,34.2
2017-02-03,2017-02-03,56.27,56.27,56.27,56.27,11.254000000000001,0.0,0.0,1.0,48.16,52.36000000000001,1.92,33.25,3.52,37.05
2017-02-06,2017-02-06,56.27,56.27,56.27,56.27,11.254000000000001,0.0,0.0,1.0,43.2,56.28,2.2,20.15,5.44,30.24
2017-02-07,2017-02-07,56.27,56.27,56.27,56.27,11.254000000000001,0.0,0.0,1.0,45.90000000000001,56.95,1.92,18.85,8.0,28.56
2017-02-08,2017-02-08,56.27,56.27,56.27,56.27,11.254000000000001,1.0,0.0,1.0,45.90000000000001,59.63,4.0,20.8,6.24,34.160000000000004
2017-02-09,2017-02-09,56.27,56.27,56.27,56.27,11.254000000000001,56.0,0.0,1.0,44.82,50.25,2.96,23.4,5.28,35.28
2017-02-10,2017-02-10,56.27,56.27,56.27,56.27,11.254000000000001,7.0,0.0,1.0,44.82,55.61000000000001,2.16,22.1,4.16,33.040000000000006
2017-02-13,2017-02-13,56.27,56.27,56.27,56.27,11.254000000000001,50.0,0.0,1.0,47.3,62.7,1.23,29.52,3.5000000000000004,35.34
2017-02-14,2017-02-14,56.27,56.27,56.27,56.27,11.254000000000001,0.0,0.0,1.0,42.90000000000001,54.78,1.86,28.08,4.130000000000001,31.92
2017-02-15,2017-02-15,55.5,55.79,55.5,55.79,11.158,5700.0,0.0,1.0,45.1,56.1,1.89,30.24,3.71,35.91
2017-02-16,2017-02-16,55.3,55.3,55.3,55.3,11.06,400.0,0.0,1.0,48.40000000000001,60.06,1.17,27.36,5.1800000000000015,36.48
2017-02-17,2017-02-17,55.3,55.3,55.3,55.3,11.06,0.0,0.0,1.0,49.50000000000001,50.16,1.41,25.92,3.5700000000000003,38.76
2017-02-21,2017-02-21,56.9,56.9,56.82,56.82,11.364,2550.0,0.0,1.0,51.62,64.99000000000001,1.47,25.9,3.850000000000001,39.65
2017-02-22,2017-02-22,55.79,55.79,55.53,55.68,11.136,6200.0,0.0,1.0,52.2,62.98,1.56,23.1,4.41,38.43
2017-02-23,2017-02-23,55.68,55.68,55.68,55.68,11.136,50.0,0.0,1.0,50.46,58.290000000000006,2.58,23.1,4.2,40.26
2017-02-24,2017-02-24,55.68,55.68,55.68,55.68,11.136,0.0,0.0,1.0,51.04,47.57,1.83,22.4,3.78,40.26
2017-02-27,2017-02-27,56.39,56.39,56.15,56.15,11.23,4100.0,0.0,1.0,46.44000000000001,69.0,1.38,20.15,4.69,35.99
2017-02-28,2017-02-28,55.4,55.4,55.4,55.4,11.08,800.0,0.0,1.0,45.36,60.72,1.38,20.15,3.22,37.21
2017-03-01,2017-03-01,55.4,55.4,55.4,55.4,11.08,0.0,0.0,1.0,45.90000000000001,60.03,2.34,58.5,4.130000000000001,33.55
2017-03-02,2017-03-02,55.4,55.4,55.4,55.4,11.08,1.0,0.0,1.0,45.36,62.1,1.65,55.25,3.5700000000000003,37.21
2017-03-03,2017-03-03,55.4,55.4,55.4,55.4,11.08,0.0,0.0,1.0,46.44000000000001,53.81999999999999,1.7999999999999998,53.95,3.71,37.21
2017-03-06,2017-03-06,55.4,55.4,55.4,55.4,11.08,0.0,0.0,1.0,52.78,70.0,1.17,59.16,3.84,37.82
2017-03-07,2017-03-07,55.4,55.4,55.4,55.4,11.08,0.0,0.0,1.0,49.3,62.99999999999999,1.08,61.88,4.48,36.6
2017-03-08,2017-03-08,55.4,55.4,55.4,55.4,11.08,50.0,0.0,1.0,52.78,65.1,2.1,61.2,5.04,35.99
2017-03-09,2017-03-09,51.26,51.26,51.26,51.26,10.252,696.0,0.0,1.0,51.62,62.3,3.0,55.76000000000001,6.24,37.82
2017-03-10,2017-03-10,51.18,51.23,50.69,50.69,10.138,4602.0,0.0,1.0,51.62,52.5,2.28,53.040000000000006,6.72,39.65
2017-03-13,2017-03-13,50.35,50.35,50.35,50.35,10.07,1800.0,0.0,1.0,53.2,48.6,4.3500000000000005,58.56,5.04,39.0
2017-03-14,2017-03-14,50.35,50.35,50.35,50.35,10.07,0.0,0.0,1.0,49.28,46.2,4.55,56.73,8.0,36.0
2017-03-15,2017-03-15,50.35,50.35,50.35,50.35,10.07,0.0,0.0,1.0,49.28,48.6,3.8,47.58,4.8,36.0
2017-03-16,2017-03-16,50.35,50.35,50.35,50.35,10.07,0.0,0.0,1.0,50.40000000000001,43.2,4.3500000000000005,52.46,5.2,34.8
2017-03-17,2017-03-17,50.35,50.35,50.35,50.35,10.07,0.0,0.0,1.0,48.72000000000001,42.0,2.45,45.75,4.72,39.6
2017-03-20,2017-03-20,50.35,50.35,50.35,50.35,10.07,0.0,0.0,1.0,52.08000000000001,55.9,2.92,54.4,3.78,40.87000000000001
2017-03-21,2017-03-21,50.35,50.35,50.35,50.35,10.07,0.0,0.0,1.0,50.40000000000001,59.15,2.64,50.56,3.43,42.88
2017-03-22,2017-03-22,50.35,50.35,50.35,50.35,10.07,2.0,0.0,1.0,48.72000000000001,55.9,2.8000000000000003,54.4,5.6000000000000005,44.89
2017-03-23,2017-03-23,50.35,50.35,50.35,50.35,10.07,0.0,0.0,1.0,48.72000000000001,56.55,2.44,64.0,4.41,52.93
2017-03-24,2017-03-24,50.35,50.35,50.35,50.35,10.07,0.0,0.0,1.0,48.16,52.0,1.6,56.32,3.71,56.95
2017-03-27,2017-03-27,50.35,50.35,50.35,50.35,10.07,0.0,0.0,1.0,51.3,62.56,2.28,53.12000000000001,3.5700000000000003,46.23
2017-03-28,2017-03-28,50.35,50.35,50.35,50.35,10.07,0.0,0.0,1.0,51.87,59.16,2.4,50.56,4.62,44.22000000000001
2017-03-29,2017-03-29,50.35,50.35,50.35,50.35,10.07,0.0,0.0,1.0,49.59,57.8,2.52,53.12000000000001,4.48,42.88
2017-03-30,2017-03-30,51.71,51.72,51.71,51.72,10.344000000000001,3200.0,0.0,1.0,47.31,56.44000000000001,2.0,50.56,4.9,44.89
2017-03-31,2017-03-31,51.66,51.67,51.66,51.66,10.332,5600.0,0.0,1.0,51.3,51.00000000000001,1.84,50.56,4.340000000000002,46.90000000000001
2017-04-03,2017-04-03,51.66,51.66,51.66,51.66,10.332,0.0,0.0,1.0,45.36000000000001,62.08,2.52,50.84,6.16,41.54
2017-04-04,2017-04-04,51.66,51.66,51.66,51.66,10.332,0.0,0.0,1.0,43.12000000000001,62.72,2.96,59.52,6.08,39.68
2017-04-05,2017-04-05,53.23,53.29,53.23,53.29,10.658,7201.0,0.0,1.0,43.68000000000001,58.24,3.36,52.08,5.6000000000000005,38.44
2017-04-06,2017-04-06,53.29,53.29,53.29,53.29,10.658,1.0,0.0,1.0,43.68000000000001,56.96,2.96,45.88,6.5600000000000005,42.16
2017-04-07,2017-04-07,53.29,53.29,53.29,53.29,10.658,0.0,0.0,1.0,45.36000000000001,50.56,4.0,47.74,8.0,45.88
2017-04-10,2017-04-10,53.29,53.29,53.29,53.29,10.658,0.0,0.0,1.0,49.88,58.08000000000001,1.77,63.9,4.83,48.84
2017-04-11,2017-04-11,53.29,53.29,53.29,53.29,10.658,0.0,0.0,1.0,47.56,62.040000000000006,2.46,61.06,5.6000000000000005,47.52
2017-04-12,2017-04-12,53.29,53.29,53.29,53.29,10.658,0.0,0.0,1.0,46.4,62.7,2.04,62.48,6.0200000000000005,44.22
2017-04-13,2017-04-13,53.29,53.29,53.29,53.29,10.658,0.0,0.0,1.0,45.24,58.74,2.43,63.19,3.2900000000000005,44.22
2017-04-17,2017-04-17,53.29,53.29,53.29,53.29,10.658,3.0,0.0,1.0,46.48,62.98,1.6,63.7,4.62,37.8
2017-04-18,2017-04-18,53.29,53.29,53.29,53.29,10.658,0.0,0.0,1.0,45.36000000000001,64.32000000000001,1.76,53.2,3.71,34.8
2017-04-19,2017-04-19,53.29,53.29,53.29,53.29,10.658,0.0,0.0,1.0,44.24,65.66000000000001,3.12,63.7,4.760000000000002,36.6
2017-04-20,2017-04-20,53.29,53.29,53.29,53.29,10.658,0.0,0.0,1.0,46.48,67.0,2.48,60.2,4.550000000000002,40.2
2017-04-21,2017-04-21,53.29,53.29,53.29,53.29,10.658,0.0,0.0,1.0,45.92,57.62000000000001,2.68,70.0,4.62,41.4
2017-04-24,2017-04-24,53.29,53.29,53.29,53.29,10.658,0.0,0.0,1.0,48.45,65.66000000000001,2.0,60.97000000000001,4.48,40.26
2017-04-25,2017-04-25,53.29,53.29,53.29,53.29,10.658,0.0,0.0,1.0,46.17,65.66000000000001,1.88,56.28,5.53,36.6
2017-04-26,2017-04-26,53.29,53.29,53.29,53.29,10.658,0.0,0.0,1.0,45.6,60.3,2.52,58.96,4.2700000000000005,37.82
2017-04-27,2017-04-27,53.29,53.29,53.29,53.29,10.658,0.0,0.0,1.0,46.74,62.31,1.92,57.62000000000001,4.48,43.31
2017-04-28,2017-04-28,53.29,53.29,53.29,53.29,10.658,0.0,0.0,1.0,44.46,54.94000000000001,2.52,54.94000000000001,4.83,38.43
2017-05-01,2017-05-01,53.29,53.29,53.29,53.29,10.658,0.0,0.0,1.0,47.3,61.38,3.35,61.0,5.12,39.53
2017-05-02,2017-05-02,49.1,49.1,48.5,48.62,9.724,8700.0,0.0,1.0,46.75000000000001,60.06,3.25,45.75,5.36,38.35
2017-05-03,2017-05-03,48.62,48.62,48.62,48.62,9.724,0.0,0.0,1.0,47.85,66.0,2.45,39.65,6.88,35.98999999999999
2017-05-04,2017-05-04,46.48,46.48,46.3622,46.3622,9.2724,1000.0,0.0,1.0,47.3,61.38,4.0,51.85,6.88,38.35
2017-05-05,2017-05-05,46.3622,46.3622,46.3622,46.3622,9.2724,200.0,0.0,1.0,48.40000000000001,50.82,3.5500000000000003,40.87,7.2,41.3
2017-05-08,2017-05-08,46.3622,46.3622,46.3622,46.3622,9.2724,0.0,0.0,1.0,53.2,53.07,2.6,47.58,5.32,42.7
2017-05-09,2017-05-09,47.09,47.09,47.09,47.09,9.418,304.0,0.0,1.0,48.72000000000001,51.85,2.28,40.26,5.53,39.04
2017-05-10,2017-05-10,47.7099,48.56,47.7099,48.56,9.712,1049.0,0.0,1.0,49.28,51.24,2.96,51.85,7.000000000000001,37.21
2017-05-11,2017-05-11,48.56,48.56,48.56,48.56,9.712,20.0,0.0,1.0,49.84,46.97,2.16,60.39,4.69,39.04
2017-05-12,2017-05-12,48.56,48.56,48.56,48.56,9.712,0.0,0.0,1.0,47.040000000000006,39.65,2.32,41.48,5.1800000000000015,42.09
2017-05-15,2017-05-15,50.19,50.19,50.19,50.19,10.038,178.0,0.0,1.0,48.6,41.58000000000001,1.14,48.0,4.8,37.7
2017-05-16,2017-05-16,50.19,50.19,50.19,50.19,10.038,78.0,0.0,1.0,49.14,41.58000000000001,1.62,45.6,3.96,35.37999999999999
2017-05-17,2017-05-17,49.95,50.22,49.9075,50.19,10.038,873.0,0.0,1.0,45.36,44.28,1.23,49.2,3.84,35.37999999999999
2017-05-18,2017-05-18,50.19,50.19,50.19,50.19,10.038,27.0,0.0,1.0,45.36,39.42,1.83,45.6,3.6,37.7
2017-05-19,2017-05-19,50.19,50.19,50.19,50.19,10.038,0.0,0.0,1.0,46.44000000000001,39.42,1.2,58.8,4.44,37.7
2017-05-22,2017-05-22,50.19,50.19,50.19,50.19,10.038,0.0,0.0,1.0,48.16,35.7,2.52,62.72,5.95,39.6
2017-05-23,2017-05-23,50.19,50.19,50.19,50.19,10.038,0.0,0.0,1.0,47.6,35.19,2.68,46.72,4.9,35.4
2017-05-24,2017-05-24,51.77,51.82,51.76,51.82,10.364,1577.0,0.0,1.0,47.040000000000006,34.17,2.28,41.6,5.11,39.0
2017-05-25,2017-05-25,49.97,49.97,49.97,49.97,9.994,127.0,0.0,1.0,50.40000000000001,32.64,4.0,55.04,6.0200000000000005,41.4
2017-05-26,2017-05-26,49.97,49.97,49.97,49.97,9.994,51.0,0.0,1.0,52.08000000000001,32.64,2.68,44.8,4.83,39.6
2017-05-30,2017-05-30,50.1999,50.2,50.1769,50.2,10.04,1739.0,0.0,1.0,50.16,29.9,2.13,58.59,4.62,40.8
2017-05-31,2017-05-31,50.2,50.2,50.2,50.2,10.04,0.0,0.0,1.0,51.3,29.9,2.01,44.1,4.08,37.8
2017-06-01,2017-06-01,50.2,50.2,50.2,50.2,10.04,0.0,0.0,1.0,49.59,40.48,1.65,42.84,3.3,39.0
2017-06-02,2017-06-02,48.2593,48.2593,48.2593,48.2593,9.6519,201.0,0.0,1.0,48.45,37.26000000000001,1.41,35.91000000000001,4.2,38.4
2017-06-05,2017-06-05,48.15,48.15,48.0372,48.0372,9.6074,453.0,0.0,1.0,50.46,41.65,2.04,44.8,4.340000000000002,37.95
2017-06-06,2017-06-06,48.0372,48.0372,48.0372,48.0372,9.6074,13.0,0.0,1.0,49.88,47.53,2.2,55.68,4.550000000000002,33.550000000000004
2017-06-07,2017-06-07,48.0372,48.0372,48.0372,48.0372,9.6074,73.0,0.0,1.0,52.2,45.08,3.08,42.88,4.83,34.65000000000001
2017-06-08,2017-06-08,48.0372,48.0372,48.0372,48.0372,9.6074,0.0,0.0,1.0,51.04,44.1,2.08,42.88,4.48,33.550000000000004
2017-06-09,2017-06-09,48.0372,48.0372,48.0372,48.0372,9.6074,7.0,0.0,1.0,50.46,35.77,2.64,43.52,4.2700000000000005,37.95
2017-06-12,2017-06-12,48.0372,48.0372,48.0372,48.0372,9.6074,3004.0,0.0,1.0,52.78,48.02,1.68,48.24,5.53,41.3
2017-06-13,2017-06-13,46.79,47.0012,46.79,47.0012,9.4002,1254.0,0.0,1.0,47.56,44.1,2.28,65.66000000000001,4.48,38.35
2017-06-14,2017-06-14,46.59,46.59,45.14,45.14,9.027999999999999,1230.0,0.0,1.0,49.88,42.14,2.88,42.88,5.6000000000000005,38.35
2017-06-15,2017-06-15,45.14,45.14,45.14,45.14,9.027999999999999,0.0,0.0,1.0,50.46,37.73,3.0,52.26000000000001,5.1800000000000015,44.25
2017-06-16,2017-06-16,45.14,45.14,45.14,45.14,9.027999999999999,40.0,0.0,1.0,52.78,37.24,2.76,42.21,3.01,42.48
2017-06-19,2017-06-19,45.14,45.14,45.14,45.14,9.027999999999999,146.0,0.0,1.0,53.1,49.0,3.2,56.16,4.48,37.17
2017-06-20,2017-06-20,43.8524,43.8524,43.8524,43.8524,8.7705,139.0,0.0,1.0,53.69,44.59,2.8000000000000003,69.84,8.0,39.53
2017-06-21,2017-06-21,42.69,42.925,42.69,42.925,8.585,591.0,0.0,1.0,55.46,42.14,4.0,59.04,7.92,37.76
2017-06-22,2017-06-22,42.925,42.925,42.925,42.925,8.585,8050.0,0.0,1.0,51.92,43.61,2.2,64.08,6.5600000000000005,42.48
2017-06-23,2017-06-23,42.925,42.925,42.925,42.925,8.585,0.0,0.0,1.0,51.33,40.18,2.2,48.24,4.72,43.07
2017-06-26,2017-06-26,42.925,42.925,42.925,42.925,8.585,0.0,0.0,1.0,54.28,43.24,1.52,52.93,4.550000000000002,40.6
2017-06-27,2017-06-27,42.925,42.925,42.925,42.925,8.585,0.0,0.0,1.0,52.51,39.95,3.8,53.6,5.040000000000001,35.96
2017-06-28,2017-06-28,45.07,45.07,44.92,45.0,9.0,1580.0,0.0,1.0,52.51,43.24,2.8000000000000003,45.56,4.760000000000002,34.22
2017-06-29,2017-06-29,45.0,45.0,45.0,45.0,9.0,50.0,0.0,1.0,52.51,37.13,2.84,50.92,4.2700000000000005,41.76
2017-06-30,2017-06-30,45.9616,45.9616,45.9616,45.9616,9.1923,135.0,0.0,1.0,51.92,31.96,2.16,44.22000000000001,4.41,41.76
2017-07-03,2017-07-03,45.9616,45.9616,45.9616,45.9616,9.1923,0.0,0.0,1.0,55.1,32.56,2.1,61.41,3.850000000000001,48.64
2017-07-05,2017-07-05,45.9,45.9,45.4902,45.55,9.11,446.0,0.0,1.0,49.88,36.52,2.37,69.0,7.000000000000001,41.6
2017-07-06,2017-07-06,45.55,45.55,45.55,45.55,9.11,0.0,0.0,1.0,53.94,40.48,3.0,66.92999999999999,4.760000000000002,45.44
2017-07-07,2017-07-07,45.55,45.55,45.55,45.55,9.11,50.0,0.0,1.0,52.78,38.72,2.19,52.44,3.78,46.72
2017-07-10,2017-07-10,44.9499,44.9499,44.9499,44.9499,8.99,255.0,0.0,1.0,53.36,41.83,3.5500000000000003,47.6,6.65,48.1
2017-07-11,2017-07-11,44.9499,44.9499,44.9499,44.9499,8.99,177.0,0.0,1.0,51.62,44.65,3.0500000000000003,45.56,5.040000000000001,41.6
2017-07-12,2017-07-12,45.84,46.29,45.8,45.8,9.16,21300.0,0.0,1.0,51.62,46.53,4.7,50.32,6.090000000000002,61.1
2017-07-13,2017-07-13,46.42,46.42,46.39,46.39,9.277999999999999,200.0,0.0,1.0,51.04,37.6,3.95,47.6,4.340000000000002,48.75
2017-07-14,2017-07-14,46.39,46.39,46.39,46.39,9.277999999999999,0.0,0.0,1.0,51.62,37.6,2.95,55.76000000000001,6.090000000000002,45.5
2017-07-17,2017-07-17,46.49,46.49,46.49,46.49,9.298,6439.0,0.0,1.0,53.69,40.8,3.12,54.94000000000001,3.42,36.3
2017-07-18,2017-07-18,46.49,46.49,46.49,46.49,9.298,0.0,0.0,1.0,53.69,47.52,3.56,57.62000000000001,3.54,35.75
2017-07-19,2017-07-19,46.49,46.49,46.49,46.49,9.298,50.0,0.0,1.0,54.28,40.32,3.4,66.33,4.32,35.2
2017-07-20,2017-07-20,46.49,46.49,46.49,46.49,9.298,0.0,0.0,1.0,54.28,41.28,3.4,52.26000000000001,4.62,36.85
2017-07-21,2017-07-21,46.2413,46.2413,46.0899,46.0899,9.218,609.0,0.0,1.0,55.46,36.0,3.36,52.26000000000001,3.78,39.05
2017-07-24,2017-07-24,46.61,46.64,46.61,46.64,9.328,940.0,0.0,1.0,51.3,44.5,3.08,50.32,5.1800000000000015,40.12
2017-07-25,2017-07-25,48.09,48.09,48.09,48.09,9.618,263.0,0.0,1.0,51.3,45.0,3.12,64.60000000000001,6.0200000000000005,39.53
2017-07-26,2017-07-26,48.95,48.95,48.95,48.95,9.79,327.0,0.0,1.0,51.3,43.5,3.08,49.64,3.1500000000000004,37.76
2017-07-27,2017-07-27,49.35,49.36,49.31,49.31,9.862,6304.0,0.0,1.0,51.87,50.0,3.64,50.32,2.9400000000000004,41.89
2017-07-28,2017-07-28,49.92,49.98,49.8999,49.9416,9.9883,9358.0,0.0,1.0,52.44,42.0,3.72,67.32000000000001,4.9700000000000015,45.43
2017-07-31,2017-07-31,49.47,50.0,49.46,50.0,10.0,14786.0,0.0,1.0,52.44,38.4,1.92,56.76000000000001,4.83,38.94
2017-08-01,2017-08-01,49.42,49.42,49.42,49.42,9.884,100.0,0.0,1.0,51.87,36.0,2.4,46.2,6.580000000000001,44.25
2017-08-02,2017-08-02,49.5,49.76,49.0,49.74,9.948,11201.0,0.0,1.0,54.15,37.92,2.73,46.86,6.86,42.48
2017-08-03,2017-08-03,49.74,49.74,49.74,49.74,9.948,70.0,0.0,1.0,51.87,36.48,3.0,50.82,5.040000000000001,46.02
2017-08-04,2017-08-04,49.7208,49.7208,49.7208,49.7208,9.9442,404.0,0.0,1.0,49.59,32.64,2.73,51.48,4.48,44.25
2017-08-07,2017-08-07,49.7208,49.7208,49.7208,49.7208,9.9442,3.0,0.0,1.0,50.73,37.72,2.68,42.9,3.48,49.6
2017-08-08,2017-08-08,49.68,49.68,49.68,49.68,9.936,110.0,0.0,1.0,50.16,34.96,2.2,43.55,4.44,44.64
2017-08-09,2017-08-09,49.71,49.97,49.3,49.52,9.904,16201.0,0.0,1.0,49.59,35.88,3.36,44.85,4.02,46.5
2017-08-10,2017-08-10,49.52,49.52,49.52,49.52,9.904,0.0,0.0,1.0,50.16,33.120000000000005,3.3200000000000003,42.9,3.96,48.98
2017-08-11,2017-08-11,49.52,49.52,49.52,49.52,9.904,42.0,0.0,1.0,50.16,32.660000000000004,2.72,40.3,3.96,48.36
2017-08-14,2017-08-14,49.22,49.23,47.7001,47.7001,9.54,1540.0,0.0,1.0,49.28,33.84,1.41,49.64,3.84,42.92
2017-08-15,2017-08-15,47.7001,47.7001,47.7001,47.7001,9.54,0.0,0.0,1.0,49.84,39.01,1.86,48.91,4.74,40.02
2017-08-16,2017-08-16,47.96,47.96,47.96,47.96,9.592,660.0,0.0,1.0,47.6,40.89,1.65,73.0,4.26,37.7
2017-08-17,2017-08-17,47.96,47.96,47.96,47.96,9.592,0.0,0.0,1.0,47.6,39.48,2.79,59.86,3.72,38.86
2017-08-18,2017-08-18,47.96,47.96,47.96,47.96,9.592,0.0,0.0,1.0,48.72000000000001,33.84,1.56,47.45,3.66,44.08
2017-08-21,2017-08-21,47.96,47.96,47.96,47.96,9.592,0.0,0.0,1.0,39.0,32.9,2.28,35.28,3.5,34.22
2017-08-22,2017-08-22,47.8501,47.8501,47.8501,47.8501,9.57,200.0,0.0,1.0,45.24,39.95,2.1,37.17,2.95,40.6
2017-08-23,2017-08-23,47.8501,47.8501,47.8501,47.8501,9.57,0.0,0.0,1.0,43.68,38.54,2.91,45.99,3.6,41.18
2017-08-24,2017-08-24,47.8501,47.8501,47.8501,47.8501,9.57,0.0,0.0,1.0,42.64,38.54,2.04,43.47,3.45,42.92
2017-08-25,2017-08-25,47.87,47.87,47.66,47.66,9.532,5800.0,0.0,1.0,44.2,34.78,1.53,45.36,3.0500000000000003,44.08
2017-08-28,2017-08-28,47.28,47.28,46.29,46.29,9.258,1453.0,0.0,1.0,45.58000000000001,40.81,2.16,37.82,6.0,40.47
2017-08-29,2017-08-29,46.29,46.29,46.29,46.29,9.258,0.0,0.0,1.0,43.99,49.29,2.37,48.36,4.38,37.62
2017-08-30,2017-08-30,46.29,46.29,46.29,46.29,9.258,0.0,0.0,1.0,45.05,51.41,2.28,42.78,4.8,42.74999999999999
2017-08-31,2017-08-31,46.29,46.29,46.29,46.29,9.258,0.0,0.0,1.0,47.17,53.0,2.04,40.3,4.8,44.46
2017-09-01,2017-09-01,47.37,47.37,47.37,47.37,9.474,300.0,0.0,1.0,48.23,41.87000000000001,2.22,33.48,4.8,43.31999999999999
2017-09-05,2017-09-05,48.6299,48.6999,48.6114,48.6828,9.7366,901.0,0.0,1.0,44.2,40.56,0.44,38.34,3.4000000000000004,35.91
2017-09-06,2017-09-06,49.11,49.11,49.11,49.11,9.822000000000001,100.0,0.0,1.0,42.64,44.72,1.04,33.480000000000004,3.0,34.77
2017-09-07,2017-09-07,49.11,49.11,49.11,49.11,9.822000000000001,26.0,0.0,1.0,44.72,43.16,1.2,35.64,4.55,37.62
2017-09-08,2017-09-08,47.58,47.7,47.58,47.7,9.54,6911.0,0.0,1.0,41.08,37.44,0.76,38.88,2.3000000000000003,36.48
2017-09-11,2017-09-11,47.7,47.7,47.7,47.7,9.54,0.0,0.0,1.0,42.12000000000001,55.8,1.65,49.5,2.3000000000000003,33.480000000000004
2017-09-12,2017-09-12,47.7,47.7,47.7,47.7,9.54,56.0,0.0,1.0,43.16,55.18,2.13,50.82,5.0,37.26000000000001
2017-09-13,2017-09-13,47.7,47.7,47.7,47.7,9.54,0.0,0.0,1.0,45.24,62.0,1.62,66.0,4.15,37.8
2017-09-14,2017-09-14,47.7,47.7,47.7,47.7,9.54,0.0,0.0,1.0,46.28,60.76,1.14,49.5,3.4000000000000004,38.34
2017-09-15,2017-09-15,50.1,50.14,50.09,50.14,10.027999999999999,7200.0,0.0,1.0,44.72,58.28,1.35,55.44000000000001,1.35,38.34
2017-09-18,2017-09-18,49.9699,49.9699,49.9699,49.9699,9.994,160.0,0.0,1.0,46.64,61.11,1.76,51.03,4.3,37.76
2017-09-19,2017-09-19,49.9699,49.9699,49.9699,49.9699,9.994,50.0,0.0,1.0,44.52,54.18,2.6,54.81,3.65,38.35
2017-09-20,2017-09-20,49.9699,49.9699,49.9699,49.9699,9.994,0.0,0.0,1.0,45.58000000000001,58.59,2.2,46.62,2.45,37.17
2017-09-21,2017-09-21,50.1507,50.1507,50.1507,50.1507,10.0301,100.0,0.0,1.0,45.05,61.74,2.2,44.73,3.3000000000000003,39.53
2017-09-22,2017-09-22,50.1507,50.1507,50.1507,50.1507,10.0301,71.0,0.0,1.0,45.58000000000001,47.88,3.4,44.73,4.15,44.84
2017-09-25,2017-09-25,50.99,51.53,50.99,51.53,10.306,5100.0,0.0,1.0,46.64,60.48,3.0,47.58,5.8199999999999985,43.5
2017-09-26,2017-09-26,51.53,51.53,51.53,51.53,10.306,88.0,0.0,1.0,45.05,54.18,4.05,47.58,5.1,39.44
2017-09-27,2017-09-27,51.53,51.53,51.53,51.53,10.306,67.0,0.0,1.0,45.05,61.11,3.3000000000000003,43.92,5.04,41.76
2017-09-28,2017-09-28,52.26,52.26,50.92,50.99,10.198,3203.0,0.0,1.0,47.7,58.59,5.0,51.85,5.76,41.76
2017-09-29,2017-09-29,50.99,50.99,50.99,50.99,10.198,10.0,0.0,1.0,46.11,54.81,2.5500000000000003,46.97,2.64,42.34
2017-10-02,2017-10-02,49.88,50.07,49.85,49.85,9.97,3776.0,0.0,1.0,43.35,50.4,2.92,54.56,4.32,26.22
2017-10-03,2017-10-03,50.06,50.06,49.9923,49.9923,9.9985,2024.0,0.0,1.0,41.82,55.8,2.96,55.18,4.68,26.79
2017-10-04,2017-10-04,50.12,50.12,49.71,49.79,9.958,1598.0,0.0,1.0,43.86,60.0,2.68,47.74,4.44,28.5
2017-10-05,2017-10-05,49.79,49.79,49.79,49.79,9.958,0.0,0.0,1.0,44.37,54.6,4.0,51.46,4.38,29.07
2017-10-06,2017-10-06,49.79,49.79,49.79,49.79,9.958,0.0,0.0,1.0,44.37,48.0,3.24,45.88,4.08,30.21
2017-10-09,2017-10-09,49.79,49.79,49.79,49.79,9.958,0.0,0.0,1.0,48.23,50.4,1.98,47.79,4.05,29.89
2017-10-10,2017-10-10,50.5,50.5,50.48,50.48,10.096,322.0,0.0,1.0,46.11,55.2,2.61,44.25,3.8,32.94
2017-10-11,2017-10-11,50.48,50.48,50.48,50.48,10.096,0.0,0.0,1.0,45.58000000000001,55.8,2.25,43.66,3.5,30.5
2017-10-12,2017-10-12,50.25,50.25,50.2395,50.2395,10.0479,1550.0,0.0,1.0,46.11,55.2,2.58,42.48,3.45,32.94
2017-10-13,2017-10-13,50.78,50.78,50.76,50.76,10.152000000000001,1100.0,0.0,1.0,47.7,48.6,2.07,50.15,4.1000000000000005,35.38
2017-10-16,2017-10-16,51.43,51.43,51.39,51.43,10.286,2900.0,0.0,1.0,53.90000000000001,53.32,1.77,63.92,2.75,34.3
2017-10-17,2017-10-17,51.17,51.17,51.17,51.17,10.234,606.0,0.0,1.0,51.7,61.38,2.61,57.8,3.8,35.0
2017-10-18,2017-10-18,51.5599,51.56,51.5599,51.56,10.312000000000001,590.0,0.0,1.0,50.05,57.66,2.73,46.92,4.2,33.599999999999994
2017-10-19,2017-10-19,51.56,51.56,51.56,51.56,10.312000000000001,37.0,0.0,1.0,51.7,59.52,2.55,53.72000000000001,3.95,35.7
2017-10-20,2017-10-20,51.56,51.56,51.56,51.56,10.312000000000001,0.0,0.0,1.0,48.40000000000001,50.84,2.46,63.92,3.7,70.0
2017-10-23,2017-10-23,51.08,51.08,51.08,51.08,10.216000000000001,700.0,0.0,1.0,47.52,59.52,1.29,64.39999999999999,5.0,35.28
2017-10-24,2017-10-24,51.08,51.08,51.08,51.08,10.216000000000001,0.0,0.0,1.0,48.06,62.72,1.74,70.0,5.0,34.02
2017-10-25,2017-10-25,51.66,51.66,51.66,51.66,10.332,1128.0,0.0,1.0,47.52,58.88,2.58,63.7,3.75,30.87
2017-10-26,2017-10-26,51.66,51.66,51.66,51.66,10.332,0.0,0.0,1.0,48.6,60.16,1.2,65.1,3.85,34.02
2017-10-27,2017-10-27,51.66,51.66,51.66,51.66,10.332,0.0,0.0,1.0,48.6,54.4,2.34,58.8,3.45,34.02
2017-10-30,2017-10-30,53.38,53.38,53.38,53.38,10.675999999999998,100.0,0.0,1.0,44.2,62.40000000000001,1.26,57.2,3.3,30.5
2017-10-31,2017-10-31,53.38,53.38,53.38,53.38,10.675999999999998,11.0,0.0,1.0,43.68,59.15,2.4,52.65,5.2799999999999985,29.28
2017-11-01,2017-11-01,53.96,53.96,53.24,53.24,10.648,4764.0,0.0,1.0,42.64,57.85,1.89,44.2,3.72,25.01
2017-11-02,2017-11-02,53.24,53.24,53.24,53.24,10.648,0.0,0.0,1.0,43.16,61.1,1.23,50.7,3.6,26.84
2017-11-03,2017-11-03,53.24,53.24,53.24,53.24,10.648,0.0,0.0,1.0,44.72,55.25,1.77,34.45,3.84,28.06
2017-11-06,2017-11-06,53.24,53.24,53.24,53.24,10.648,36.0,0.0,1.0,47.85,61.74,4.7,50.4,5.1,29.67
2017-11-07,2017-11-07,53.24,53.24,53.24,53.24,10.648,64.0,0.0,1.0,47.85,59.22,5.0,72.0,6.0,33.12
2017-11-08,2017-11-08,53.24,53.24,53.24,53.24,10.648,4.0,0.0,1.0,47.85,56.07,3.25,58.32,5.16,31.05
2017-11-09,2017-11-09,53.24,53.24,53.24,53.24,10.648,59.0,0.0,1.0,48.40000000000001,56.7,4.4,55.44,3.9,32.43
2017-11-10,2017-11-10,56.06,56.06,56.0599,56.0599,11.212,236.0,0.0,1.0,49.50000000000001,45.99,3.3000000000000003,42.48,4.38,35.19
2017-11-13,2017-11-13,56.31,56.31,56.31,56.31,11.262,326.0,0.0,1.0,50.73,60.45,3.0,49.5,4.760000000000002,37.0
2017-11-14,2017-11-14,56.31,56.31,56.31,56.31,11.262,10.0,0.0,1.0,50.73,65.0,3.24,40.92,4.48,34.78
2017-11-15,2017-11-15,56.31,56.31,56.31,56.31,11.262,59.0,0.0,1.0,50.73,61.75,2.92,43.56,6.23,35.52
2017-11-16,2017-11-16,56.31,56.31,56.31,56.31,11.262,1.0,0.0,1.0,50.73,57.2,2.52,43.56,4.760000000000002,39.96
2017-11-17,2017-11-17,55.79,55.8,55.7792,55.7792,11.1558,430.0,0.0,1.0,51.87,55.25,2.6,53.46,4.48,43.66
2017-11-20,2017-11-20,55.7792,55.7792,55.7792,55.7792,11.1558,0.0,0.0,1.0,50.6,37.13,1.17,42.93,4.7,55.1
2017-11-21,2017-11-21,55.95,55.9999,55.77,55.77,11.154000000000002,2772.0,0.0,1.0,48.95,35.25,1.71,36.04,3.6,54.15
2017-11-22,2017-11-22,56.5,56.64,56.5,56.64,11.328,1504.0,0.0,1.0,52.8,29.61,1.7999999999999998,27.56,3.1,62.7
2017-11-24,2017-11-24,56.64,56.64,56.64,56.64,11.328,0.0,0.0,1.0,48.40000000000001,20.21,1.23,29.68,2.3000000000000003,64.6
2017-11-27,2017-11-27,56.64,56.64,56.64,56.64,11.328,0.0,0.0,1.0,45.36,46.36,1.98,48.64,3.4000000000000004,37.26
2017-11-28,2017-11-28,56.64,56.64,56.64,56.64,11.328,27.0,0.0,1.0,45.90000000000001,52.46,1.26,56.96,3.25,32.43
2017-11-29,2017-11-29,57.09,57.09,56.23,56.23,11.245999999999999,1820.0,0.0,1.0,45.90000000000001,54.9,2.01,40.96,3.0500000000000003,31.05
2017-11-30,2017-11-30,56.68,56.68,56.2,56.32,11.264000000000001,4308.0,0.0,1.0,46.44000000000001,51.85,2.37,45.44,3.45,31.05
2017-12-01,2017-12-01,56.32,56.32,56.32,56.32,11.264000000000001,0.0,0.0,1.0,41.040000000000006,50.63,1.77,45.44,3.4000000000000004,42.78
2017-12-04,2017-12-04,56.55,56.68,56.54,56.68,11.335999999999999,1342.0,0.0,1.0,43.2,62.0,2.31,59.13,3.5,42.16
2017-12-05,2017-12-05,56.68,56.68,56.68,56.68,11.335999999999999,20.0,0.0,1.0,42.66,61.38,2.49,62.05,4.1000000000000005,39.44000000000001
2017-12-06,2017-12-06,56.68,56.68,56.68,56.68,11.335999999999999,8.0,0.0,1.0,41.58000000000001,58.9,1.74,73.0,5.0,38.76000000000001
2017-12-07,2017-12-07,56.68,56.68,56.68,56.68,11.335999999999999,0.0,0.0,1.0,41.58000000000001,60.76,1.95,53.29,4.55,42.84
2017-12-08,2017-12-08,56.53,56.53,56.43,56.43,11.286,753.0,0.0,1.0,41.58000000000001,48.98,1.86,59.13,3.0500000000000003,43.52
2017-12-11,2017-12-11,56.58,56.58,56.58,56.58,11.315999999999999,282.0,0.0,1.0,43.74,58.41,1.92,49.14,4.75,44.16
2017-12-12,2017-12-12,56.3,56.3,56.2835,56.2835,11.2567,789.0,0.0,1.0,42.66,53.69,2.22,47.88,3.7,42.78
2017-12-13,2017-12-13,56.2835,56.2835,56.2835,56.2835,11.2567,0.0,0.0,1.0,43.2,54.87,1.44,39.06,4.0,40.71
2017-12-14,2017-12-14,56.2835,56.2835,56.2835,56.2835,11.2567,24.0,0.0,1.0,42.66,53.1,1.65,40.95,3.5,43.47
2017-12-15,2017-12-15,56.2835,56.2835,56.2835,56.2835,11.2567,32.0,0.0,1.0,43.74,47.2,1.92,45.36,4.2,44.85
2017-12-18,2017-12-18,56.44,56.64,56.44,56.63,11.325999999999999,401.0,0.0,1.0,45.6,32.85,1.34,35.64,1.96,50.32
2017-12-19,2017-12-19,56.63,56.63,56.63,56.63,11.325999999999999,0.0,0.0,1.0,46.17,31.5,1.2,41.58000000000001,2.16,47.36
2017-12-20,2017-12-20,56.9875,56.9875,56.9875,56.9875,11.3975,105.0,0.0,1.0,46.17,32.4,1.44,37.26000000000001,2.08,45.88
2017-12-21,2017-12-21,57.2599,57.2599,57.2599,57.2599,11.452,100.0,0.0,1.0,47.88,27.45,1.36,36.18,3.48,50.32
2017-12-22,2017-12-22,56.87,56.87,56.87,56.87,11.374,183.0,0.0,1.0,47.88,22.05,1.02,32.40000000000001,2.56,52.54
2017-12-26,2017-12-26,57.84,57.84,57.84,57.84,11.568,300.0,0.0,1.0,54.29,14.52,2.73,29.15,3.6,56.8
2017-12-27,2017-12-27,58.69,58.69,58.52,58.5212,11.7042,640.0,0.0,1.0,59.78,16.830000000000002,2.67,35.51000000000001,3.6,57.6
2017-12-28,2017-12-28,58.52,58.53,58.52,58.53,11.706,2223.0,0.0,1.0,61.0,17.16,3.0,32.86,3.65,54.40000000000001
2017-12-29,2017-12-29,59.15,59.15,59.15,59.15,11.83,600.0,0.0,1.0,61.0,15.84,2.67,30.21,3.75,54.40000000000001
2018-01-02,2018-01-02,59.15,59.15,59.15,59.15,11.83,10.0,0.0,1.0,57.33,19.68,2.22,42.18,2.95,42.9
2018-01-03,2018-01-03,59.15,59.15,59.15,59.15,11.83,49.0,0.0,1.0,56.7,26.24,2.49,44.46,2.95,40.3
2018-01-04,2018-01-04,59.15,59.15,59.15,59.15,11.83,0.0,0.0,1.0,54.81,24.6,1.74,43.31999999999999,3.5,42.9
2018-01-05,2018-01-05,60.44,60.44,60.44,60.44,12.088,100.0,0.0,1.0,56.07,24.6,1.53,44.46,3.0500000000000003,41.6
2018-01-08,2018-01-08,60.44,60.44,60.44,60.44,12.088,0.0,0.0,1.0,51.24,39.42,3.5,56.8,4.69,33.64
2018-01-09,2018-01-09,61.41,61.83,61.41,61.83,12.366,270.0,0.0,1.0,49.41,39.42,2.3000000000000003,62.48,4.41,33.64
2018-01-10,2018-01-10,62.25,62.48,62.2301,62.48,12.495999999999999,731.0,0.0,1.0,54.29,41.040000000000006,2.6,71.0,6.0200000000000005,35.96
2018-01-11,2018-01-11,62.5,62.5,62.5,62.5,12.5,252.0,0.0,1.0,51.24,42.12000000000001,5.0,64.61,7.000000000000001,36.54
2018-01-12,2018-01-12,62.4548,62.4548,62.4548,62.4548,12.491,240.0,0.0,1.0,48.8,39.42,3.85,58.22,5.95,37.7
2018-01-16,2018-01-16,62.75,62.75,62.75,62.75,12.55,2489.0,0.0,1.0,46.61,39.96,3.5,44.02,4.4,33.059999999999995
2018-01-17,2018-01-17,63.09,63.09,63.0527,63.0527,12.6105,432.0,0.0,1.0,44.25,39.96,3.1500000000000004,48.36,3.65,32.48
2018-01-18,2018-01-18,62.73,62.92,62.73,62.9177,12.5835,4228.0,0.0,1.0,46.02,44.28,3.0,50.84,3.2,35.37999999999999
2018-01-19,2018-01-19,62.48,62.48,62.4678,62.4678,12.4936,3484.0,0.0,1.0,48.38,42.12000000000001,2.15,50.84,2.85,34.22
2018-01-22,2018-01-22,62.4678,62.4678,62.4678,62.4678,12.4936,5.0,0.0,1.0,48.0,56.7,1.44,58.48,3.54,36.58
2018-01-23,2018-01-23,62.4678,62.4678,62.4678,62.4678,12.4936,0.0,0.0,1.0,48.6,57.33,2.08,57.12000000000001,3.84,34.22
2018-01-24,2018-01-24,62.4678,62.4678,62.4678,62.4678,12.4936,214.0,0.0,1.0,47.4,59.22,3.24,66.64,4.92,33.629999999999995
2018-01-25,2018-01-25,65.21,65.21,64.49,64.49,12.898,1005.0,0.0,1.0,48.0,54.81,2.8000000000000003,60.52,4.92,35.4
2018-01-26,2018-01-26,65.3,65.3,65.2626,65.2626,13.0525,802.0,0.0,1.0,48.0,52.92,2.6,57.8,3.84,36.58
2018-01-29,2018-01-29,64.31,64.31,64.3099,64.3099,12.862,1156.0,0.0,1.0,47.2,60.16,1.62,53.55,4.69,31.860000000000007
2018-01-30,2018-01-30,63.46,63.46,63.4599,63.4599,12.692,1753.0,0.0,1.0,46.02,64.0,1.86,56.7,5.32,32.40000000000001
2018-01-31,2018-01-31,63.86,63.86,63.77,63.77,12.754000000000001,803.0,0.0,1.0,45.43,60.16,1.68,52.92,5.53,31.860000000000007
2018-02-01,2018-02-01,63.77,63.77,63.77,63.77,12.754000000000001,13.0,0.0,1.0,50.15,58.88,1.44,51.66,5.670000000000001,37.8
2018-02-02,2018-02-02,63.76,63.76,63.7478,63.7478,12.7496,3366.0,0.0,1.0,50.15,54.4,2.31,45.36,5.670000000000001,40.5
2018-02-05,2018-02-05,63.61,64.11,62.88,62.88,12.575999999999999,3227.0,0.0,1.0,46.02,55.04,3.44,74.0,7.000000000000001,35.91
2018-02-06,2018-02-06,63.03,63.03,62.53,62.53,12.505999999999998,4373.0,0.0,1.0,50.74,61.44,4.0,60.68,7.000000000000001,41.04
2018-02-07,2018-02-07,62.45,62.45,60.78,60.8982,12.1796,2319.0,0.0,1.0,48.38,60.16,3.52,62.9,6.23,38.76
2018-02-08,2018-02-08,60.8982,60.8982,60.8982,60.8982,12.1796,0.0,0.0,1.0,51.33,62.08,3.4,74.0,5.250000000000001,39.9
2018-02-09,2018-02-09,57.92,58.3,57.92,58.29,11.658,1443.0,0.0,1.0,50.15,51.84,2.16,71.78,6.23,42.74999999999999
2018-02-12,2018-02-12,59.41,59.41,59.41,59.41,11.882,400.0,0.0,1.0,51.04,56.32,2.55,62.7,4.26,42.74999999999999
2018-02-13,2018-02-13,59.41,59.41,59.41,59.41,11.882,16.0,0.0,1.0,49.3,64.0,2.04,52.14,5.16,39.9
2018-02-14,2018-02-14,57.78,59.12,57.78,59.12,11.824000000000002,3705.0,0.0,1.0,46.4,56.32,1.17,56.1,4.8,40.47
2018-02-15,2018-02-15,59.12,59.12,59.12,59.12,11.824000000000002,0.0,0.0,1.0,46.98,53.12000000000001,1.62,44.88,4.62,39.33
2018-02-16,2018-02-16,60.1901,61.12,60.19,60.65,12.13,12098.0,0.0,1.0,49.88,49.28,1.95,56.1,4.02,42.18
2018-02-20,2018-02-20,60.65,60.65,60.65,60.65,12.13,0.0,0.0,1.0,47.56,55.8,1.71,43.47,3.75,43.66
2018-02-21,2018-02-21,60.68,60.97,60.68,60.9492,12.1898,2000.0,0.0,1.0,46.4,53.32,1.41,44.73,2.95,39.53
2018-02-22,2018-02-22,61.39,62.07,61.0,62.05,12.41,4546.0,0.0,1.0,47.56,57.04,1.86,54.81,4.2,43.66
2018-02-23,2018-02-23,62.8901,62.93,62.7099,62.88,12.575999999999999,3074.0,0.0,1.0,46.98,52.08,1.17,49.77,2.3000000000000003,45.43
2018-02-26,2018-02-26,62.64,63.48,62.49,63.48,12.696,1300.0,0.0,1.0,50.15,63.7,1.0,50.4,2.4000000000000004,44.25
2018-02-27,2018-02-27,63.077,63.077,63.077,63.077,12.6154,300.0,0.0,1.0,48.97,65.0,0.8200000000000001,47.4,3.5500000000000003,42.48
2018-02-28,2018-02-28,63.0772,63.0772,63.0772,63.0772,12.6154,55.0,0.0,1.0,50.15,59.15,1.24,43.2,3.7,38.94
2018-03-01,2018-03-01,60.0,60.0,60.0,60.0,12.0,403.0,0.0,1.0,49.56,58.5,1.12,32.4,4.6000000000000005,40.71
2018-03-02,2018-03-02,59.92,59.92,59.8868,59.8868,11.9774,458.0,0.0,1.0,47.79,55.9,0.94,26.4,3.5500000000000003,41.89
2018-03-05,2018-03-05,61.7961,61.85,61.79600000000001,61.8099,12.362,1156.0,0.0,1.0,49.56,65.66000000000001,1.68,28.52,3.5500000000000003,39.44
2018-03-06,2018-03-06,61.97,61.97,61.7895,61.7895,12.3579,4117.0,0.0,1.0,49.56,65.66000000000001,3.0,44.02,3.75,37.12
2018-03-07,2018-03-07,61.685,61.685,61.685,61.685,12.337,100.0,0.0,1.0,48.38,63.65000000000001,2.01,34.1,5.0,38.86
2018-03-08,2018-03-08,61.6848,61.6848,61.6848,61.6848,12.337,0.0,0.0,1.0,46.02,67.0,2.28,31.62,4.1000000000000005,40.02
2018-03-09,2018-03-09,61.0,61.0,61.0,61.0,12.2,518.0,0.0,1.0,48.97,54.94000000000001,1.56,31.62,3.9,43.5
2018-03-12,2018-03-12,61.0,61.0,61.0,61.0,12.2,73.0,0.0,1.0,50.74,49.59,0.94,42.5,2.9000000000000004,41.89
2018-03-13,2018-03-13,60.11,60.11,60.1,60.1,12.02,1289.0,0.0,1.0,48.97,48.45,1.58,85.0,3.1,39.53
2018-03-14,2018-03-14,60.16,60.16,60.14,60.14,12.027999999999999,3100.0,0.0,1.0,43.66,44.46,1.14,82.45,3.25,39.53
2018-03-15,2018-03-15,60.14,60.14,60.14,60.14,12.027999999999999,10.0,0.0,1.0,46.61,45.03,0.86,51.0,3.0500000000000003,40.71
2018-03-16,2018-03-16,61.03,61.79,61.03,61.79,12.357999999999999,6854.0,0.0,1.0,49.56,42.74999999999999,0.88,45.05,2.6500000000000004,44.25
2018-03-19,2018-03-19,61.42,61.67,61.1285,61.67,12.334000000000001,3671.0,0.0,1.0,50.74,54.9,2.07,34.2,3.45,40.8
2018-03-20,2018-03-20,62.8088,63.15,62.8085,62.9234,12.5847,2426.0,0.0,1.0,49.56,54.9,1.83,31.2,4.45,40.2
2018-03-21,2018-03-21,63.7,64.58,63.685,64.58,12.915999999999999,2846.0,0.0,1.0,50.74,50.02,2.58,31.8,4.55,38.4
2018-03-22,2018-03-22,63.8599,63.86,63.855,63.855,12.770999999999999,707.0,0.0,1.0,46.61,54.9,1.77,28.2,4.3,45.6
2018-03-23,2018-03-23,63.855,63.855,63.855,63.855,12.770999999999999,0.0,0.0,1.0,48.97,49.41,2.58,31.8,4.05,43.8
2018-03-26,2018-03-26,64.8,65.13,64.8,65.13,13.026,2415.0,0.0,1.0,54.0,53.69,1.7,36.3,4.0,46.08
2018-03-27,2018-03-27,65.14,65.14,64.24,64.24,12.847999999999999,7523.0,0.0,1.0,53.4,54.28,1.48,40.26000000000001,3.8,46.08
2018-03-28,2018-03-28,63.92,64.53,63.78,63.83,12.765999999999998,9982.0,0.0,1.0,52.2,49.56,1.04,35.64,4.6000000000000005,44.8
2018-03-29,2018-03-29,63.83,63.83,63.83,63.83,12.765999999999998,0.0,0.0,1.0,51.0,48.97,0.98,36.96,3.75,48.0
2018-04-02,2018-04-02,63.13,63.19,62.5425,62.5425,12.5085,3687.0,0.0,1.0,46.4,61.38,1.08,44.8,3.5,36.48
2018-04-03,2018-04-03,63.03,63.12,62.9937,63.12,12.624,1569.0,0.0,1.0,45.82,58.74,1.38,48.64,3.5,35.84
2018-04-04,2018-04-04,62.04,62.8999,61.99,62.8999,12.58,9114.0,0.0,1.0,46.98,58.08000000000001,1.56,47.36,2.85,35.84
2018-04-05,2018-04-05,62.75,63.18,62.7,63.1444,12.6289,1464.0,0.0,1.0,46.98,58.74,1.98,53.12000000000001,3.7,35.2
2018-04-06,2018-04-06,62.26,62.378,62.25,62.378,12.4756,1866.0,0.0,1.0,49.3,50.16,1.44,48.64,2.85,39.04
2018-04-09,2018-04-09,62.4,62.82,62.4,62.82,12.564,412.0,0.0,1.0,49.8,61.38,1.56,40.2,2.46,33.059999999999995
2018-04-10,2018-04-10,64.14,65.29,64.14,65.29,13.058,1422.0,0.0,1.0,49.2,59.40000000000001,1.38,40.8,4.02,30.74
2018-04-11,2018-04-11,65.3,66.35,65.3,66.344,13.2688,1310.0,0.0,1.0,49.2,59.40000000000001,1.74,46.2,5.4,31.9
2018-04-12,2018-04-12,66.09,66.279,65.55,66.2502,13.25,1306.0,0.0,1.0,49.8,61.38,1.05,45.0,4.8,33.059999999999995
2018-04-13,2018-04-13,66.72,66.72,66.72,66.72,13.344000000000001,175.0,0.0,1.0,48.6,52.14,1.44,41.4,4.08,30.16
2018-04-16,2018-04-16,66.33,66.3638,65.8,65.8,13.16,13917.0,0.0,1.0,46.8,59.8,3.72,39.53,4.48,30.68
2018-04-17,2018-04-17,65.38,66.04,65.38,66.03,13.206,4122.0,0.0,1.0,47.4,61.75,1.84,41.89,5.1800000000000015,31.86
2018-04-18,2018-04-18,67.43,67.77,67.32,67.32,13.464,1708.0,0.0,1.0,48.0,61.1,3.56,42.48,6.23,33.04
2018-04-19,2018-04-19,68.67,68.76,67.605,67.8488,13.5698,32405.0,0.0,1.0,51.0,62.40000000000001,4.0,43.66,5.53,34.809999999999995
2018-04-20,2018-04-20,67.2299,68.1,67.2299,68.1,13.62,1196.0,0.0,1.0,52.2,55.25,3.8,38.94,4.69,33.629999999999995
2018-04-23,2018-04-23,66.98,67.57,66.98,67.5478,13.5096,1210.0,0.0,1.0,54.56,59.8,2.48,40.96,4.2,32.45
2018-04-24,2018-04-24,68.5871,68.5871,67.29,67.29,13.458,2187.0,0.0,1.0,52.08,65.0,2.96,39.04,6.0,30.68
2018-04-25,2018-04-25,67.3052,67.41,66.7956,67.4,13.48,1080.0,0.0,1.0,49.6,58.5,2.48,40.32,4.38,31.27
2018-04-26,2018-04-26,67.55,67.55,67.5165,67.5165,13.5033,1035.0,0.0,1.0,54.56,61.1,3.72,46.72,3.3,33.629999999999995
2018-04-27,2018-04-27,67.5712,67.63,67.57,67.57,13.514000000000001,967.0,0.0,1.0,52.08,53.95,2.12,37.12,4.68,32.45
2018-04-30,2018-04-30,67.11,68.6,67.11,68.0054,13.6011,1832.0,0.0,1.0,52.08,62.72,1.38,52.54,5.52,28.08
2018-05-01,2018-05-01,67.01,67.05,67.0013,67.0013,13.4003,7231.0,0.0,1.0,52.7,59.52,0.78,68.08,2.52,30.24
2018-05-02,2018-05-02,66.86,67.3855,66.86,67.3855,13.4771,4065.0,0.0,1.0,53.94,56.32,1.3,68.82,2.34,28.62
2018-05-03,2018-05-03,67.1321,68.1706,67.0,67.95,13.59,5611.0,0.0,1.0,52.08,56.32,0.98,74.0,2.28,31.32
2018-05-04,2018-05-04,68.06,69.34,68.03,69.31,13.862,20262.0,0.0,1.0,52.7,50.56,0.7000000000000001,59.94,1.7999999999999998,33.480000000000004
2018-05-07,2018-05-07,70.02,70.2264,69.22,69.37,13.874,4295.0,0.0,1.0,58.88,55.44,4.62,63.48,5.4,35.4
2018-05-08,2018-05-08,67.715,70.13,67.7,68.93,13.786,7080.0,0.0,1.0,59.52,55.44,6.0,69.0,9.0,34.22
2018-05-09,2018-05-09,70.23,70.7403,70.23,70.7403,14.1481,854.0,0.0,1.0,56.96,57.96,5.64,64.86,5.04,34.22
2018-05-10,2018-05-10,70.6328,71.0086,70.38,71.0086,14.2017,3136.0,0.0,1.0,56.96,63.0,4.5,53.81999999999999,6.12,37.76
2018-05-11,2018-05-11,70.66,70.67,70.52,70.52,14.104000000000001,957.0,0.0,1.0,55.68,48.51,2.94,55.88999999999999,4.05,39.53
2018-05-14,2018-05-14,70.7893,70.7893,70.5393,70.73,14.145999999999999,902.0,0.0,1.0,51.6,47.88,2.68,42.6,4.62,33.059999999999995
2018-05-15,2018-05-15,70.4073,71.0,70.4073,71.0,14.2,405.0,0.0,1.0,52.2,45.6,2.4,43.8,3.640000000000001,30.21
2018-05-16,2018-05-16,70.63,71.21,70.601,71.21,14.242,3939.0,0.0,1.0,49.8,45.6,1.88,44.4,4.0600000000000005,34.2
2018-05-17,2018-05-17,71.64,71.64,71.1062,71.288,14.2576,6105.0,0.0,1.0,52.2,45.6,3.48,56.4,3.99,34.2
2018-05-18,2018-05-18,71.1146,71.1146,70.78,70.78,14.155999999999999,738.0,0.0,1.0,51.6,41.61,1.48,51.0,3.1500000000000004,35.34
2018-05-21,2018-05-21,71.53,72.18,71.53,72.18,14.436,3905.0,0.0,1.0,56.7,39.52,2.84,52.7,4.96,33.64
2018-05-22,2018-05-22,72.2036,72.4,71.96,71.96,14.392000000000001,1421.0,0.0,1.0,54.18,37.44,2.04,46.5,3.92,33.059999999999995
2018-05-23,2018-05-23,71.59,71.59,71.2,71.3561,14.2712,167562.0,0.0,1.0,55.44,37.44,2.28,57.66,3.68,33.059999999999995
2018-05-24,2018-05-24,70.6599,70.82,70.31,70.32,14.064,4403.0,0.0,1.0,56.07,36.92,1.36,44.64,4.4,35.37999999999999
2018-05-25,2018-05-25,68.49,68.49,67.21,67.3917,13.4783,13570.0,0.0,1.0,56.07,32.24,1.96,37.82,4.48,36.54
2018-05-29,2018-05-29,66.64,66.7,65.9,66.08,13.216,5127.0,0.0,1.0,54.29,32.64,2.6,39.33,5.74,34.8
2018-05-30,2018-05-30,67.81,68.11,67.81,67.97,13.594000000000001,2770.0,0.0,1.0,51.85,33.6,2.6,42.74999999999999,3.2900000000000005,36.0
2018-05-31,2018-05-31,66.82,67.582,66.51,66.86,13.372,2728.0,0.0,1.0,53.68,34.56,2.28,54.72,3.99,37.8
2018-06-01,2018-06-01,65.9,66.21,65.35,65.5,13.1,2112.0,0.0,1.0,52.46,41.76,2.8000000000000003,45.03,5.6000000000000005,42.0
2018-06-04,2018-06-04,64.43,64.66,64.43,64.5505,12.9101,1567.0,0.0,1.0,51.6,49.82,2.1,58.59,6.65,36.40000000000001
2018-06-05,2018-06-05,64.54,65.065,64.5,65.065,13.013,992.0,0.0,1.0,49.8,50.35,1.74,57.96,4.340000000000002,35.28
2018-06-06,2018-06-06,64.45,64.8098,64.45,64.795,12.959000000000001,800.0,0.0,1.0,49.8,47.7,2.07,59.85,4.0600000000000005,34.72000000000001
2018-06-07,2018-06-07,65.4633,65.8,65.4633,65.8,13.16,734.0,0.0,1.0,49.8,49.29,0.96,56.07,5.32,36.40000000000001
2018-06-08,2018-06-08,65.56,65.56,65.03,65.46,13.092,4496.0,0.0,1.0,51.0,40.28,1.7999999999999998,61.11,3.2900000000000005,36.40000000000001
2018-06-11,2018-06-11,64.96,65.89,64.9451,65.743,13.1486,2313.0,0.0,1.0,52.46,47.53,1.86,42.6,3.9,40.71
2018-06-12,2018-06-12,66.1539,66.2285,66.0525,66.0525,13.2105,1847.0,0.0,1.0,53.68,49.0,2.4,52.2,3.3,37.76
2018-06-13,2018-06-13,66.6,66.6,66.6,66.6,13.32,557.0,0.0,1.0,52.46,43.12,0.8999999999999999,44.4,4.38,38.94
2018-06-14,2018-06-14,66.6184,66.64,66.6184,66.64,13.328,1096.0,0.0,1.0,51.24,44.1,1.29,49.8,3.0,39.53
2018-06-15,2018-06-15,65.95,65.96,64.195,64.4,12.88,3904.0,0.0,1.0,52.46,36.75,1.53,46.8,3.0,41.3
2018-06-18,2018-06-18,64.655,65.62,64.655,65.55,13.11,5722.0,0.0,1.0,50.4,39.95,2.56,52.2,2.82,35.91
2018-06-19,2018-06-19,64.3816,64.75,64.38,64.7353,12.9471,28105.0,0.0,1.0,48.6,40.89,2.12,49.2,3.06,34.77
2018-06-20,2018-06-20,65.4146,65.56,65.281,65.48,13.095999999999998,8596.0,0.0,1.0,51.0,44.18,3.48,58.2,3.0,34.77
2018-06-21,2018-06-21,65.28,65.28,65.28,65.28,13.056,511.0,0.0,1.0,49.2,41.36,1.96,44.4,3.0,38.19
2018-06-22,2018-06-22,67.35,68.5409,67.07,68.5409,13.7082,2323.0,0.0,1.0,54.6,38.54,2.0,57.6,6.0,39.9
2018-06-25,2018-06-25,68.5,68.76,67.8599,67.8599,13.572000000000001,1650.0,0.0,1.0,57.33,46.5,2.36,61.0,4.62,38.08000000000001
2018-06-26,2018-06-26,68.3366,70.41,68.3366,70.3084,14.0617,20435.0,0.0,1.0,55.44,44.0,2.16,44.53,4.2700000000000005,34.72000000000001
2018-06-27,2018-06-27,71.23,72.8,71.23,72.282,14.4564,7670.0,0.0,1.0,54.18,43.0,3.88,47.58,6.44,36.40000000000001
2018-06-28,2018-06-28,73.05,73.5,73.05,73.0523,14.6105,1559.0,0.0,1.0,56.7,46.0,4.0,57.34,6.7200000000000015,37.52
2018-06-29,2018-06-29,73.38,74.18,73.38,74.17,14.834000000000001,5287.0,0.0,1.0,55.44,39.5,1.56,54.9,5.74,38.08000000000001
2018-07-02,2018-07-02,73.88,73.99,73.6,73.7844,14.7569,1961.0,0.0,1.0,54.56,40.05,2.22,41.54,2.6500000000000004,40.92
2018-07-03,2018-07-03,73.44,73.44,73.3998,73.3998,14.68,598.0,0.0,1.0,55.18,38.25,2.28,41.54,3.2,40.3
2018-07-05,2018-07-05,73.69,73.96,72.64,72.65,14.53,13315.0,0.0,1.0,51.46,36.45,2.37,47.74,5.0,44.02
2018-07-06,2018-07-06,72.63,73.676,72.32,73.45,14.69,6710.0,0.0,1.0,55.8,32.85,2.73,39.06,3.5500000000000003,45.26
2018-07-09,2018-07-09,73.84,73.96,72.91,73.96,14.792,2466.0,0.0,1.0,56.96,42.3,2.44,54.94000000000001,2.9000000000000004,38.28
2018-07-10,2018-07-10,73.76,73.97,73.72,73.97,14.794,925.0,0.0,1.0,55.68,40.42,2.64,67.0,3.6,37.7
2018-07-11,2018-07-11,72.48,72.48,70.39,70.61,14.122,8206.0,0.0,1.0,57.6,42.77,2.16,44.22000000000001,4.65,37.7
2018-07-12,2018-07-12,70.54,70.54,69.68,70.42,14.084000000000001,1826.0,0.0,1.0,56.96,41.83,3.04,44.89,4.5,40.02
2018-07-13,2018-07-13,70.955,70.955,70.955,70.955,14.190999999999999,263.0,0.0,1.0,55.04,38.54,2.36,49.58000000000001,2.9000000000000004,40.6
2018-07-16,2018-07-16,68.2367,68.645,68.0296,68.645,13.729000000000001,1509.0,0.0,1.0,56.7,47.0,1.71,58.22,3.65,37.62
2018-07-17,2018-07-17,67.82,68.68,67.69,68.33,13.665999999999999,12542.0,0.0,1.0,55.44,40.89,2.22,50.41,3.25,36.48
2018-07-18,2018-07-18,68.11,69.09,68.11,69.09,13.818,1110.0,0.0,1.0,54.18,42.77,0.36,61.06,4.3500000000000005,35.91
2018-07-19,2018-07-19,69.78,69.78,68.8127,69.3832,13.8766,2691.0,0.0,1.0,54.81,39.95,2.61,50.41,3.1,38.19
2018-07-20,2018-07-20,69.11,69.425,69.0,69.425,13.885,2191.0,0.0,1.0,54.18,37.6,1.05,60.35,3.75,38.19
2018-07-23,2018-07-23,69.625,69.63,68.9348,69.19,13.838,2707.0,0.0,1.0,56.42,42.3,3.44,54.67,4.1000000000000005,37.7
2018-07-24,2018-07-24,69.28,70.28,69.28,69.675,13.935,3119.0,0.0,1.0,52.7,41.36,1.36,55.38,2.6500000000000004,39.44
2018-07-25,2018-07-25,70.94,71.07,70.6673,70.6819,14.1364,5566.0,0.0,1.0,52.08,39.48,2.92,49.7,3.3000000000000003,34.8
2018-07-26,2018-07-26,70.806,70.8084,70.806,70.8084,14.1617,1091.0,0.0,1.0,52.7,38.54,3.0,53.25,3.3000000000000003,40.02
2018-07-27,2018-07-27,70.67,70.67,69.67,70.14,14.027999999999999,2534.0,0.0,1.0,53.94,37.6,4.0,53.25,1.7000000000000002,40.02
2018-07-30,2018-07-30,71.29,71.468,71.21,71.271,14.2542,2508.0,0.0,1.0,53.32,43.24,1.36,50.16,2.6,39.33
2018-07-31,2018-07-31,69.98,70.44,69.98,70.07,14.014000000000001,6351.0,0.0,1.0,53.32,41.4,1.34,44.88,2.85,33.059999999999995
2018-08-01,2018-08-01,69.18,69.48,68.7001,68.7001,13.74,1124.0,0.0,1.0,53.32,34.96,1.82,35.64,3.1500000000000004,36.48
2018-08-02,2018-08-02,68.52,70.81,68.52,70.4522,14.0904,2204.0,0.0,1.0,53.94,36.34,1.54,40.26000000000001,3.75,37.05
2018-08-03,2018-08-03,69.91,70.05,69.5732,69.5732,13.9146,1802.0,0.0,1.0,53.94,32.2,1.16,36.3,2.45,39.9
2018-08-06,2018-08-06,70.26,70.26,70.1062,70.21,14.042,2831.0,0.0,1.0,54.29,41.28,3.28,49.6,2.0,43.2
2018-08-07,2018-08-07,70.48,70.62,70.48,70.62,14.124,1122.0,0.0,1.0,51.85,38.88,3.24,59.2,4.2,44.4
2018-08-08,2018-08-08,69.18,69.18,67.88,68.2358,13.6472,6495.0,0.0,1.0,52.46,42.24,3.08,80.0,3.2,39.0
2018-08-09,2018-08-09,68.52,68.52,68.1596,68.1829,13.6366,1337.0,0.0,1.0,53.68,38.88,2.28,51.2,3.25,40.8
2018-08-10,2018-08-10,68.782,69.01,68.7431,68.9565,13.7913,3093.0,0.0,1.0,51.24,35.52,1.28,45.6,2.75,42.0
2018-08-13,2018-08-13,68.78,68.78,68.2316,68.7458,13.7492,2492.0,0.0,1.0,53.94,36.66,1.92,40.95,2.94,41.3
2018-08-14,2018-08-14,68.75,68.75,68.3629,68.4122,13.6824,4149.0,0.0,1.0,53.32,43.24,2.46,44.85,3.54,40.12
2018-08-15,2018-08-15,66.9823,66.9823,66.0,66.4252,13.285,2414.0,0.0,1.0,54.56,41.83,1.83,40.95,3.6,39.53
2018-08-16,2018-08-16,66.49,66.9394,66.49,66.8983,13.3797,26145.0,0.0,1.0,53.32,39.01,1.65,37.7,4.32,37.76
2018-08-17,2018-08-17,67.0942,67.19,67.08,67.19,13.437999999999999,3217.0,0.0,1.0,54.56,38.07,1.5,37.7,3.0,41.3
2018-08-20,2018-08-20,67.25,67.53,67.25,67.33,13.466,4042.0,0.0,1.0,53.07,42.33,2.4,39.65,3.72,37.52
2018-08-21,2018-08-21,67.79,67.79,67.79,67.79,13.558,731.0,0.0,1.0,52.46,46.92,2.22,34.45,6.0,38.64
2018-08-22,2018-08-22,69.48,70.1575,69.48,70.1575,14.0315,2880.0,0.0,1.0,51.85,45.9,3.0,45.5,4.32,34.160000000000004
2018-08-23,2018-08-23,70.1575,70.1575,70.1575,70.1575,14.0315,177.0,0.0,1.0,53.07,45.9,1.53,36.4,4.38,38.08000000000001
2018-08-24,2018-08-24,71.2751,71.2751,70.705,70.74,14.148,2033.0,0.0,1.0,51.85,42.33,2.85,35.1,3.24,42.56
2018-08-27,2018-08-27,71.04,71.09,70.9161,71.0268,14.2054,2416.0,0.0,1.0,49.56,56.00000000000001,2.22,47.57,2.24,38.28
2018-08-28,2018-08-28,71.0268,71.0268,71.0268,71.0268,14.2054,540.0,0.0,1.0,49.56,54.88,2.4,45.44,2.6,36.54
2018-08-29,2018-08-29,71.37,71.66,71.37,71.47,14.294,1712.0,0.0,1.0,48.97,53.2,1.56,36.92,2.56,38.86
2018-08-30,2018-08-30,71.87,72.47,71.87,72.47,14.494000000000002,1188.0,0.0,1.0,48.38,56.00000000000001,1.47,45.44,2.56,40.02
2018-08-31,2018-08-31,72.04,72.15,71.91,72.07300000000001,14.4146,10478.0,0.0,1.0,49.56,50.40000000000001,1.71,53.25,1.52,46.98
2018-09-04,2018-09-04,72.85,72.85,71.2672,71.2672,14.2534,1457.0,0.0,1.0,49.02,43.12000000000001,2.76,39.05,4.3,38.35
2018-09-05,2018-09-05,71.54,71.54,70.967,70.967,14.1934,2414.0,0.0,1.0,49.02,49.84,1.65,38.34,3.85,36.58
2018-09-06,2018-09-06,70.87,70.99,69.37,69.9548,13.991,2347.0,0.0,1.0,48.45,50.40000000000001,1.62,36.92,4.6000000000000005,38.94
2018-09-07,2018-09-07,69.3499,69.8748,69.3499,69.8748,13.975,899.0,0.0,1.0,47.88,45.36000000000001,1.56,42.6,3.5,40.71
2018-09-10,2018-09-10,70.27,70.521,69.6399,69.6399,13.927999999999999,704.0,0.0,1.0,49.59,53.94,1.17,29.14,3.45,36.96
2018-09-11,2018-09-11,71.4841,71.67,71.4565,71.67,14.334000000000001,2402.0,0.0,1.0,47.31,49.3,1.53,28.52,4.0,37.52
2018-09-12,2018-09-12,72.36,73.0,72.36,72.679,14.5358,1225.0,0.0,1.0,47.31,50.46,1.08,31.0,4.8500000000000005,35.84
2018-09-13,2018-09-13,71.75,71.75,70.6806,70.8047,14.1609,1076.0,0.0,1.0,48.45,52.78,1.29,29.76,4.45,39.2
2018-09-14,2018-09-14,71.0752,71.102,71.0752,71.102,14.2204,1061.0,0.0,1.0,49.02,44.08,1.3199999999999998,33.48,4.75,36.96
2018-09-17,2018-09-17,71.792,71.792,70.7565,70.9766,14.1953,3211.0,0.0,1.0,49.02,56.12,1.35,39.76,3.45,37.52
2018-09-18,2018-09-18,71.97,72.04,71.571,72.04,14.408,1603.0,0.0,1.0,48.45,56.12,2.07,36.21,3.8,38.08000000000001
2018-09-19,2018-09-19,72.79,72.94,72.79,72.94,14.588,1764.0,0.0,1.0,50.73,58.56,2.4,33.37,3.35,39.76000000000001
2018-09-20,2018-09-20,72.91,72.91,72.4715,72.5575,14.5115,2867.0,0.0,1.0,50.16,55.51,2.1,36.21,4.0,39.76000000000001
2018-09-21,2018-09-21,73.7,73.7,73.04,73.15,14.63,1352.0,0.0,1.0,51.3,45.14,1.98,34.08,4.0,40.88
2018-09-24,2018-09-24,74.76,75.06,74.47,74.7166,14.9433,8304.0,0.0,1.0,50.73,56.42,1.96,48.76000000000001,4.2,39.33
2018-09-25,2018-09-25,75.04,75.11,74.65,74.8732,14.9746,10801.0,0.0,1.0,49.02,62.0,4.0,78.2,6.0,39.33
2018-09-26,2018-09-26,74.38,74.6132,73.98,74.0666,14.8133,2179.0,0.0,1.0,49.02,55.8,2.68,61.64,4.8599999999999985,38.19
2018-09-27,2018-09-27,74.42,74.75,74.42,74.7374,14.9475,4705.0,0.0,1.0,48.45,58.28,3.24,92.0,4.26,38.76
2018-09-28,2018-09-28,74.86,76.33,74.86,75.7,15.14,5076.0,0.0,1.0,47.88,46.5,2.88,71.76,4.32,41.04
2018-10-01,2018-10-01,76.31,78.33,76.31,78.15,15.63,6540.0,0.0,1.0,50.16,57.66,2.28,76.0,6.0200000000000005,38.76
2018-10-02,2018-10-02,78.34,78.34,77.75,77.75,15.55,1779.0,0.0,1.0,51.87,58.28,2.88,76.0,4.69,38.76
2018-10-03,2018-10-03,77.25,79.2204,77.13,79.07,15.814,4014.0,0.0,1.0,48.45,56.42,4.0,66.12,7.000000000000001,37.62
2018-10-04,2018-10-04,78.2818,78.3683,76.67,77.0375,15.4075,2611.0,0.0,1.0,50.73,53.94,3.2,71.44,7.000000000000001,38.76
2018-10-05,2018-10-05,77.5,77.5099,76.9916,77.02,15.404000000000002,1442.0,0.0,1.0,50.73,50.84,2.28,57.0,4.2700000000000005,41.04
2018-10-08,2018-10-08,76.53,76.87,76.53,76.84,15.368,1372.0,0.0,1.0,54.87,53.1,2.04,62.98,2.82,47.79
2018-10-09,2018-10-09,77.58,77.61,77.43,77.5632,15.5126,1491.0,0.0,1.0,51.92,52.51,2.01,55.61000000000001,4.38,40.12
2018-10-10,2018-10-10,77.44,77.44,75.315,75.38,15.075999999999999,3408.0,0.0,1.0,52.51,52.51,2.4,51.59,4.2,40.12
2018-10-11,2018-10-11,74.5,74.5,73.27,73.3,14.66,2024.0,0.0,1.0,51.33,47.2,1.68,49.58000000000001,4.38,42.48
2018-10-12,2018-10-12,74.0412,74.0412,74.0412,74.0412,14.8082,1073.0,0.0,1.0,53.1,48.97,2.04,50.92,3.72,43.66
2018-10-15,2018-10-15,74.09,74.09,74.06,74.06,14.812000000000001,820.0,0.0,1.0,57.0,58.56,1.38,46.08,4.14,41.76
2018-10-16,2018-10-16,74.14699999999999,74.78,74.03,74.433,14.8866,20546.0,0.0,1.0,55.8,54.9,1.68,53.76,4.62,38.86
2018-10-17,2018-10-17,72.5399,72.86,72.301,72.6248,14.525,5374.0,0.0,1.0,54.6,56.12,2.49,51.2,4.14,36.54
2018-10-18,2018-10-18,71.2051,72.27,71.14,71.5263,14.3053,2680.0,0.0,1.0,55.8,53.68,2.28,43.52,4.26,43.5
2018-10-19,2018-10-19,71.5263,71.5263,71.5263,71.5263,14.3053,194.0,0.0,1.0,55.8,46.97,2.52,55.04,3.06,43.5
2018-10-22,2018-10-22,71.8005,71.8699,71.725,71.725,14.345,1470.0,0.0,1.0,54.28,53.68,1.83,60.03,2.7,43.8
2018-10-23,2018-10-23,70.49,70.49,68.31,69.1487,13.8297,15085.0,0.0,1.0,54.28,56.12,1.56,52.44,2.9000000000000004,42.6
2018-10-24,2018-10-24,69.64,69.7,68.94,68.96,13.792,5488.0,0.0,1.0,50.74,54.29,1.86,51.74999999999999,3.2,42.6
2018-10-25,2018-10-25,69.693,69.9592,69.693,69.8601,13.972000000000001,1001.0,0.0,1.0,50.74,53.68,1.95,51.74999999999999,2.3000000000000003,46.8
2018-10-26,2018-10-26,69.16,70.15,69.1,70.15,14.03,1874.0,0.0,1.0,53.69,48.8,1.56,48.3,2.2,47.4
2018-10-29,2018-10-29,69.72,69.97,69.14,69.14,13.828,6564.0,0.0,1.0,52.44,61.0,0.86,45.14,3.5500000000000003,51.59
2018-10-30,2018-10-30,67.93,68.9054,67.93,68.78,13.755999999999998,7441.0,0.0,1.0,50.16,56.73,1.48,44.53,3.6,60.97000000000001
2018-10-31,2018-10-31,68.73,68.73,67.67,67.68,13.536,11017.0,0.0,1.0,46.17,56.73,1.14,43.92,3.0500000000000003,50.25
2018-11-01,2018-11-01,67.32,67.32,65.89,65.93,13.186,2042.0,0.0,1.0,42.18,57.34,0.52,26.23,2.0,27.47
2018-11-02,2018-11-02,65.77,65.8,65.3944,65.3944,13.0789,1826.0,0.0,1.0,46.17,50.02,1.14,23.79,2.3000000000000003,27.47
2018-11-05,2018-11-05,66.19,66.19,65.03,65.2,13.04,19145.0,0.0,1.0,49.56,57.42,1.68,76.0,3.22,26.130000000000006
2018-11-06,2018-11-06,65.65,65.65,64.0857,64.51,12.902000000000001,2345.0,0.0,1.0,47.79,47.56,1.36,95.0,3.2900000000000005,25.46
2018-11-07,2018-11-07,65.03,65.03,63.7473,63.98,12.796,2454.0,0.0,1.0,43.07,46.4,1.48,45.6,2.5200000000000005,23.450000000000006
2018-11-08,2018-11-08,63.66,63.66,62.98,62.98,12.595999999999998,3200.0,0.0,1.0,47.79,49.3,1.76,38.95,3.01,28.14
2018-11-09,2018-11-09,61.75,62.4435,61.7,62.4435,12.4887,4215.0,0.0,1.0,48.38,45.82,1.28,43.7,3.850000000000001,28.14
2018-11-12,2018-11-12,63.35,63.35,61.165,61.165,12.232999999999999,2005.0,0.0,1.0,54.56,48.72,3.1,34.3,4.8599999999999985,34.96
2018-11-13,2018-11-13,59.91,60.17,57.17,57.29,11.458,24588.0,0.0,1.0,55.18,53.36,5.0,38.5,7.199999999999998,31.16
2018-11-14,2018-11-14,58.91,59.52,58.43,58.43,11.686,9167.0,0.0,1.0,53.32,53.94,4.4,32.2,9.0,31.16
2018-11-15,2018-11-15,58.9914,59.27,58.7701,58.7701,11.754000000000001,10088.0,0.0,1.0,49.6,47.56,1.9,32.9,6.21,34.2
2018-11-16,2018-11-16,60.34,60.35,58.59,58.97,11.794,54757.0,0.0,1.0,52.08,42.34,3.4000000000000004,27.3,4.14,34.96
2018-11-19,2018-11-19,58.21,59.94,57.44,59.45,11.89,23678.0,0.0,1.0,55.18,32.68,1.4,25.01,2.87,53.0
2018-11-20,2018-11-20,58.73,58.73,54.77,55.26,11.052,20139.0,0.0,1.0,55.18,31.39,3.6,24.4,5.250000000000001,51.0
2018-11-21,2018-11-21,56.51,57.4391,56.303999999999995,56.4,11.28,5271.0,0.0,1.0,57.66,23.22,4.0,23.79,5.11,60.0
2018-11-23,2018-11-23,53.3,53.3,52.69,53.1972,10.6394,27034.0,0.0,1.0,51.46,17.2,3.9,21.35,3.3600000000000003,58.0
2018-11-26,2018-11-26,53.71,54.07,53.45,53.63,10.725999999999999,15519.0,0.0,1.0,47.2,51.46,2.9000000000000004,27.3,4.16,27.06
2018-11-27,2018-11-27,54.44,54.44,52.31,53.769,10.7538,17518.0,0.0,1.0,47.79,60.76,2.35,26.0,4.88,26.4
2018-11-28,2018-11-28,53.28,54.12,52.015,52.24,10.448,63427.0,0.0,1.0,50.74,62.0,2.1,28.6,5.28,24.42
2018-11-29,2018-11-29,53.3,54.0962,52.93,53.2327,10.6465,14904.0,0.0,1.0,50.74,60.14,4.3,23.4,4.32,24.42
2018-11-30,2018-11-30,52.17,53.525,51.725,52.516999999999996,10.5034,19898.0,0.0,1.0,50.15,52.08,3.2,24.05,4.48,25.08
2018-12-03,2018-12-03,55.38,55.38,54.3132,55.2324,11.0465,23047.0,0.0,1.0,50.15,56.42,1.6,54.12000000000001,5.2,38.76000000000001
2018-12-04,2018-12-04,55.17,55.54,54.8033,54.92,10.984000000000002,16513.0,0.0,1.0,50.15,58.9,2.0,56.1,6.96,37.40000000000001
2018-12-06,2018-12-06,53.25,53.79,52.0601,53.65,10.73,37293.0,0.0,1.0,48.97,57.66,3.0500000000000003,47.52,5.68,38.08000000000001
2018-12-07,2018-12-07,55.62,56.38,54.39,54.48,10.895999999999999,50659.0,0.0,1.0,50.15,50.22,2.75,43.56,5.84,44.2
2018-12-10,2018-12-10,53.34,54.015,52.57,52.8038,10.5608,33174.0,0.0,1.0,51.6,52.51,2.0,42.84,4.48,40.8
2018-12-11,2018-12-11,54.2,54.45,53.409,53.7021,10.7404,12192.0,0.0,1.0,50.4,56.64,1.4,50.4,3.3600000000000003,39.44000000000001
2018-12-12,2018-12-12,54.4,54.5556,53.0517,53.0827,10.6165,27955.0,0.0,1.0,51.6,52.51,1.56,52.92,3.92,40.12000000000001
2018-12-13,2018-12-13,52.65,55.12,52.65,55.0353,11.0071,20724.0,0.0,1.0,50.4,49.56,1.08,51.03,3.78,42.84
2018-12-14,2018-12-14,54.42,54.42,53.02,53.0798,10.616,35773.0,0.0,1.0,51.0,43.07,1.04,63.0,4.2700000000000005,44.2
2018-12-17,2018-12-17,53.37,53.37,51.14,51.27,10.254000000000001,24789.0,0.0,1.0,56.07,36.48,3.04,58.65,4.59,41.89
2018-12-18,2018-12-18,51.11,51.11,47.8463,48.08,9.616,44528.0,0.0,1.0,57.96,38.4,4.64,62.1,8.01,43.31
2018-12-19,2018-12-19,48.85,49.8899,48.74,49.1094,9.8219,30155.0,0.0,1.0,56.07,31.2,5.44,67.61999999999999,7.83,44.73
2018-12-20,2018-12-20,48.07,48.3559,47.4075,47.7102,9.542,33811.0,0.0,1.0,56.7,31.2,8.0,55.88999999999999,9.0,44.73
2018-12-21,2018-12-21,47.28,47.9299,46.86,46.998999999999995,9.3998,77792.0,0.0,1.0,56.7,24.48,4.72,53.81999999999999,5.04,46.15
2018-12-24,2018-12-24,47.0,47.0,45.5747,45.5747,9.1149,21781.0,0.0,1.0,54.81,12.48,2.64,47.25,5.5200000000000005,69.72
2018-12-26,2018-12-26,45.28,48.63,45.28,48.63,9.726,100999.0,0.0,1.0,60.48,14.08,5.04,46.62,7.52,56.44
2018-12-27,2018-12-27,47.01,47.36,46.11,47.15,9.43,48329.0,0.0,1.0,62.37,15.36,3.36,52.92,5.92,55.61
2018-12-28,2018-12-28,46.8,47.07,46.03,46.69,9.338,52214.0,0.0,1.0,63.0,16.0,2.16,48.51,4.88,52.29
2018-12-31,2018-12-31,47.22,47.53,46.5,47.4571,9.4914,30008.0,0.0,1.0,59.8,16.400000000000002,1.65,68.73,2.94,46.8
2019-01-02,2019-01-02,46.19,49.43,45.99,48.2762,9.6552,25296.0,0.0,1.0,59.15,23.6,4.3,47.40000000000001,4.8599999999999985,49.68
2019-01-03,2019-01-03,49.0,49.02,47.4601,48.8024,9.7605,29314.0,0.0,1.0,59.8,28.0,4.5,49.77,3.72,46.8
2019-01-04,2019-01-04,49.9,50.96,49.35,49.9705,9.9941,30011.0,0.0,1.0,59.8,26.4,3.95,48.19000000000001,4.32,48.24
2019-01-07,2019-01-07,50.34,51.43,50.2,50.4379,10.0876,26528.0,0.0,1.0,57.33,35.88,3.1,46.44,4.83,34.77
2019-01-08,2019-01-08,51.14,51.5359,50.88,51.4738,10.2948,9503.0,0.0,1.0,54.81,38.48,4.45,86.0,6.65,33.629999999999995
2019-01-09,2019-01-09,52.98,54.38,52.58,54.09,10.818,59064.0,0.0,1.0,54.18,44.2,3.6,47.3,7.000000000000001,33.629999999999995
2019-01-10,2019-01-10,53.47,54.58,53.37,54.48,10.895999999999999,27365.0,0.0,1.0,54.81,44.72,4.5,46.44,4.130000000000001,35.34
2019-01-11,2019-01-11,53.85,53.89,53.261,53.49,10.698,78842.0,0.0,1.0,57.33,44.72,4.65,44.72,6.65,37.62
2019-01-14,2019-01-14,53.06,53.5581,52.38,52.38,10.475999999999999,23899.0,0.0,1.0,54.56,49.59,3.0,36.57,4.62,37.52
2019-01-15,2019-01-15,53.25,54.05,53.25,54.05,10.81,12575.0,0.0,1.0,53.32,52.44,2.44,35.19,4.760000000000002,32.480000000000004
2019-01-16,2019-01-16,53.75,54.32,53.7097,54.21,10.842,24481.0,0.0,1.0,53.32,55.28999999999999,2.64,31.74,4.2700000000000005,35.28
2019-01-17,2019-01-17,53.39,54.3801,52.97,54.24,10.847999999999999,25141.0,0.0,1.0,52.7,56.99999999999999,3.16,33.12,4.0600000000000005,34.72000000000001
2019-01-18,2019-01-18,54.56,55.76,54.34,55.51,11.102,60732.0,0.0,1.0,55.18,46.17,4.0,28.98,5.8100000000000005,31.360000000000007
2019-01-22,2019-01-22,54.43,54.65,53.675,54.65,10.93,40803.0,0.0,1.0,54.56,52.2,1.65,30.6,4.56,33.6
2019-01-23,2019-01-23,54.78,54.87,53.6,54.1916,10.8383,20446.0,0.0,1.0,52.08,55.8,1.68,38.08000000000001,5.7,32.480000000000004
2019-01-24,2019-01-24,54.5,55.02,54.26,54.8082,10.9616,6226.0,0.0,1.0,51.46,55.8,2.61,27.880000000000006,4.38,30.800000000000004
2019-01-25,2019-01-25,54.98,55.45,54.8,55.17,11.034,13538.0,0.0,1.0,52.08,44.4,1.44,31.28,2.88,36.40000000000001
2019-01-28,2019-01-28,53.62,53.788999999999994,52.9,53.72,10.744000000000002,56893.0,0.0,1.0,54.18,60.48,2.96,36.21,4.0600000000000005,31.35
2019-01-29,2019-01-29,54.54,55.5,54.54,54.94,10.988,16616.0,0.0,1.0,52.92,54.81,2.92,41.18,2.7300000000000004,30.250000000000004
2019-01-30,2019-01-30,55.68,56.55,55.49,55.95,11.19,25179.0,0.0,1.0,53.55,55.44,2.76,39.05,5.3900000000000015,29.700000000000006
2019-01-31,2019-01-31,56.43,56.99,55.3699,55.59,11.118,17943.0,0.0,1.0,54.18,57.96,3.0,41.18,5.74,30.250000000000004
2019-02-01,2019-02-01,56.02,57.36,56.02,57.1,11.42,21382.0,0.0,1.0,52.29,51.66,2.76,61.77,6.0200000000000005,37.95
2019-02-04,2019-02-04,55.96,56.5,55.01,56.39,11.277999999999999,17111.0,0.0,1.0,47.58,58.74,2.79,56.4,3.5,31.860000000000007
2019-02-05,2019-02-05,55.41,56.16,55.2,55.38,11.075999999999999,12536.0,0.0,1.0,50.02,63.36,3.0,49.2,3.6,35.64
2019-02-06,2019-02-06,54.98,55.9,54.67,55.65,11.13,20130.0,0.0,1.0,50.63,66.0,2.16,58.2,4.7,35.1
2019-02-07,2019-02-07,55.21,55.32,53.5,54.25,10.85,19444.0,0.0,1.0,51.24,60.72000000000001,2.67,43.2,3.1,38.88
2019-02-08,2019-02-08,54.42,54.4801,54.1,54.3,10.86,8574.0,0.0,1.0,50.02,53.46,1.7999999999999998,54.0,2.25,36.72
2019-02-11,2019-02-11,53.27,54.05,52.94,53.97,10.794,14149.0,0.0,1.0,46.8,62.040000000000006,2.55,57.95,3.85,39.33
2019-02-12,2019-02-12,55.52,55.59,54.7675,54.7675,10.9535,11505.0,0.0,1.0,48.0,64.02,2.52,52.46,3.1500000000000004,39.33
2019-02-13,2019-02-13,55.5,56.2539,55.5,55.6821,11.1364,29198.0,0.0,1.0,46.2,62.7,2.25,50.02,3.3000000000000003,37.62
2019-02-14,2019-02-14,55.27,56.28,54.93,56.2027,11.2405,6505.0,0.0,1.0,45.0,59.40000000000001,1.89,55.51,3.75,39.9
2019-02-15,2019-02-15,57.05,57.528999999999996,56.78,57.494,11.4988,14376.0,0.0,1.0,46.8,51.48,1.89,61.0,3.1500000000000004,42.18
2019-02-19,2019-02-19,57.14,57.92,57.14,57.92,11.584000000000001,22694.0,0.0,1.0,49.41,57.66,1.89,54.52,6.0,38.08000000000001
2019-02-20,2019-02-20,57.84,58.91,57.83,58.5484,11.7097,14069.0,0.0,1.0,47.58,57.04,1.89,55.67999999999999,4.08,37.52
2019-02-21,2019-02-21,58.37,58.3994,58.09,58.21,11.642000000000001,7429.0,0.0,1.0,47.58,57.66,1.29,42.92,3.84,39.2
2019-02-22,2019-02-22,58.89,59.1113,58.582,58.65,11.73,54780.0,0.0,1.0,48.8,50.84,1.71,50.46,4.56,41.44000000000001
2019-02-25,2019-02-25,57.55,57.648,56.4787,56.8,11.36,28842.0,0.0,1.0,48.6,64.0,2.37,50.22,4.8,36.96
2019-02-26,2019-02-26,56.87,57.2039,56.7,57.0402,11.408,14922.0,0.0,1.0,49.2,64.0,1.41,55.18,4.02,39.2
2019-02-27,2019-02-27,58.11,58.7663,57.82,58.4264,11.6853,11458.0,0.0,1.0,47.4,53.76,2.37,49.6,4.2,39.76000000000001
2019-02-28,2019-02-28,58.45,58.74,58.3401,58.6342,11.7268,46970.0,0.0,1.0,48.0,60.16,1.59,55.8,3.36,38.64
2019-03-01,2019-03-01,58.8912,59.0,56.96,57.1946,11.4389,8056.0,0.0,1.0,47.4,55.68,2.07,51.46,4.62,37.52
2019-03-04,2019-03-04,58.23,58.3,57.5924,57.98,11.595999999999998,1912.0,0.0,1.0,48.98,61.11,1.86,50.4,4.3,39.0
2019-03-05,2019-03-05,58.41,58.41,57.82,57.94,11.588,3911.0,0.0,1.0,47.12,59.22,1.26,51.66,4.3,35.4
2019-03-06,2019-03-06,57.41,57.7,57.0,57.61,11.522,4971.0,0.0,1.0,48.98,57.96,2.46,51.03,4.4,37.2
2019-03-07,2019-03-07,57.78,58.15,57.7,57.986999999999995,11.5974,8655.0,0.0,1.0,47.74,61.11,2.76,49.14,3.5,41.4
2019-03-08,2019-03-08,56.37,57.5526,56.01,57.5526,11.5105,11719.0,0.0,1.0,51.46,51.66,1.23,52.92,4.3500000000000005,40.8
2019-03-11,2019-03-11,58.23,58.4,57.95,58.22,11.644,19841.0,0.0,1.0,52.08,51.92,2.8000000000000003,62.56,3.7,38.35
2019-03-12,2019-03-12,58.67,58.94,58.27,58.3292,11.6658,31909.0,0.0,1.0,48.36,51.92,2.12,68.0,4.15,38.35
2019-03-13,2019-03-13,59.11,59.8656,59.08,59.8264,11.9653,19928.0,0.0,1.0,46.5,54.28,2.0,66.64,3.65,38.94
2019-03-14,2019-03-14,60.0,60.16,59.9,60.0,12.0,8183.0,0.0,1.0,48.36,51.33,2.52,60.52,3.3000000000000003,38.94
2019-03-15,2019-03-15,59.43,60.0,59.38,59.85,11.97,72349.0,0.0,1.0,50.22,43.66,3.16,64.60000000000001,2.75,39.53
2019-03-18,2019-03-18,59.95,60.62,59.95,60.42,12.084000000000001,14288.0,0.0,1.0,54.4,57.95,3.48,65.0,3.85,37.76
2019-03-19,2019-03-19,60.83,60.94,60.2501,60.2738,12.0548,8996.0,0.0,1.0,52.48,61.0,2.52,54.6,5.0,41.89
2019-03-20,2019-03-20,60.21,61.433,60.1601,61.2985,12.2597,12320.0,0.0,1.0,52.48,58.56,4.0,54.6,4.6000000000000005,37.17
2019-03-21,2019-03-21,61.32,61.35,60.9963,61.0171,12.2034,11479.0,0.0,1.0,49.92,53.68,2.04,55.25,3.7,39.53
2019-03-22,2019-03-22,60.41,60.41,59.615,60.0745,12.0149,8730.0,0.0,1.0,53.12000000000001,51.24,2.76,55.25,3.65,35.98999999999999
2019-03-25,2019-03-25,59.87,60.23,59.45,60.1322,12.0264,10217.0,0.0,1.0,52.29,62.08,2.04,56.76000000000001,3.45,37.76
2019-03-26,2019-03-26,61.4,61.44,61.06,61.2236,12.2447,14184.0,0.0,1.0,49.77,64.0,1.86,60.06,3.75,39.53
2019-03-27,2019-03-27,61.285,61.285,60.5671,60.5671,12.1134,2970.0,0.0,1.0,52.92,61.44,2.31,64.02,3.6,39.53
2019-03-28,2019-03-28,59.77,60.5887,59.77,60.5887,12.1177,2014.0,0.0,1.0,53.55,60.16,1.74,55.44000000000001,4.05,37.76
2019-03-29,2019-03-29,61.63,61.63,61.18,61.31,12.262,12598.0,0.0,1.0,52.29,51.84,2.19,58.74,3.45,39.53
2019-04-01,2019-04-01,61.95,62.98,61.78,62.86,12.572000000000001,8288.0,0.0,1.0,53.55,55.8,2.68,58.290000000000006,3.25,32.45
2019-04-02,2019-04-02,63.31,64.0,63.3,63.92,12.784,54946.0,0.0,1.0,54.18,62.0,2.52,60.3,4.25,32.45
2019-04-03,2019-04-03,63.83,64.1,63.42,63.75,12.75,15221.0,0.0,1.0,55.44,58.9,2.64,49.58000000000001,3.6,33.04
2019-04-04,2019-04-04,63.67,63.83,63.4003,63.4152,12.683,11846.0,0.0,1.0,54.18,57.66,2.04,63.65000000000001,3.1,35.4
2019-04-05,2019-04-05,63.79,64.64,63.74,64.5804,12.9161,183955.0,0.0,1.0,52.92,51.46,2.0,54.94000000000001,2.8000000000000003,38.35
2019-04-08,2019-04-08,65.0,65.83,65.0,65.75,13.15,22262.0,0.0,1.0,55.68,61.11,2.01,50.25,4.02,35.37999999999999
2019-04-09,2019-04-09,65.51,65.52,65.1,65.4,13.08,4961.0,0.0,1.0,53.76,59.22,1.95,58.96,4.5,33.059999999999995
2019-04-10,2019-04-10,65.64,66.21,65.56,65.81,13.162,7242.0,0.0,1.0,53.76,61.74,1.59,50.25,4.14,31.9
2019-04-11,2019-04-11,65.46,65.4708,64.8556,65.0899,13.017999999999999,6341.0,0.0,1.0,53.12000000000001,55.44,2.04,48.24,5.04,33.059999999999995
2019-04-12,2019-04-12,65.61,65.7,65.2567,65.2572,13.0514,4601.0,0.0,1.0,54.4,57.33,1.74,46.23,4.32,37.12
2019-04-15,2019-04-15,64.95,65.17,64.61,64.9901,12.998,31934.0,0.0,1.0,51.46,51.92,1.53,57.12000000000001,3.9,32.45
2019-04-16,2019-04-16,64.96,65.6579,64.6348,65.6579,13.1316,9246.0,0.0,1.0,52.7,53.1,1.71,59.16,4.2,33.04
2019-04-17,2019-04-17,65.57,66.06,65.1659,65.1878,13.0376,3438.0,0.0,1.0,52.08,50.74,1.2,54.40000000000001,3.7,31.86
2019-04-18,2019-04-18,64.42,65.4237,64.42,65.4237,13.0847,6895.0,0.0,1.0,54.56,51.92,1.2,58.48,3.25,37.17
2019-04-22,2019-04-22,66.87,67.35,66.8401,67.15,13.43,30627.0,0.0,1.0,54.18,52.8,3.85,66.42999999999999,7.000000000000001,35.91000000000001
2019-04-23,2019-04-23,67.44,67.93,67.31,67.7251,13.545,20757.0,0.0,1.0,54.18,59.4,5.0,58.4,6.65,34.65
2019-04-24,2019-04-24,67.8,67.87,67.12,67.14,13.427999999999999,19546.0,0.0,1.0,53.55,54.6,3.95,65.7,3.640000000000001,35.91000000000001
2019-04-25,2019-04-25,67.2,67.2,66.3687,66.3687,13.2737,4453.0,0.0,1.0,54.18,51.6,2.7,56.21,4.130000000000001,38.43
2019-04-26,2019-04-26,65.72,65.72,63.6,64.27,12.854000000000001,22050.0,0.0,1.0,52.92,45.6,3.35,57.67,4.62,44.73
2019-04-29,2019-04-29,64.6,65.01,64.24,64.94,12.988,11497.0,0.0,1.0,51.03,59.85,1.23,62.56,4.56,34.8
2019-04-30,2019-04-30,65.56,65.56,64.7668,65.2674,13.0535,15496.0,0.0,1.0,51.66,61.74,1.56,47.6,4.56,31.32
2019-05-01,2019-05-01,65.18,65.25,64.26,64.9546,12.9909,7235.0,0.0,1.0,52.92,63.0,1.35,55.08000000000001,4.38,31.9
2019-05-02,2019-05-02,63.38,63.38,62.31,62.93,12.585999999999999,12417.0,0.0,1.0,52.29,57.96,2.04,45.56,5.2799999999999985,31.9
2019-05-03,2019-05-03,63.27,63.6397,63.17,63.17,12.634,4748.0,0.0,1.0,52.29,53.55,1.26,57.12000000000001,4.8599999999999985,32.48
2019-05-06,2019-05-06,62.83,64.2301,62.83,64.17,12.834000000000001,13333.0,0.0,1.0,51.66,53.76000000000001,1.89,46.08,2.9000000000000004,29.89
2019-05-07,2019-05-07,62.8,62.94,62.04,62.56,12.512,31398.0,0.0,1.0,51.03,51.52,2.58,52.48,1.9,32.33
2019-05-08,2019-05-08,62.7006,63.48,62.7006,63.2696,12.6539,2726.0,0.0,1.0,51.03,51.52,1.23,46.72,3.2,31.72
2019-05-09,2019-05-09,62.89,62.95,62.4976,62.8933,12.5787,107338.0,0.0,1.0,52.29,52.08000000000001,1.56,51.84,3.4000000000000004,35.99
2019-05-10,2019-05-10,63.0,63.3357,62.9,62.94,12.588,4864.0,0.0,1.0,52.29,45.92,1.98,51.2,3.3000000000000003,39.65
2019-05-13,2019-05-13,64.39,64.62,62.1042,62.178000000000004,12.4356,14270.0,0.0,1.0,50.63,44.82,2.49,51.00000000000001,3.75,34.65
2019-05-14,2019-05-14,63.07,63.41,62.94,63.1345,12.6269,29112.0,0.0,1.0,52.46,44.28,1.77,61.2,3.25,33.39
2019-05-15,2019-05-15,62.69,63.75,62.69,63.71,12.742,7550.0,0.0,1.0,51.24,45.36,1.23,67.32000000000001,2.85,33.39
2019-05-16,2019-05-16,64.3,64.96,64.3,64.5319,12.9064,7310.0,0.0,1.0,49.41,44.82,1.77,55.76000000000001,3.75,34.02
2019-05-17,2019-05-17,64.56,65.07,64.1,64.1783,12.8357,11569.0,0.0,1.0,50.02,38.34,2.73,48.28,2.0,35.91000000000001
2019-05-20,2019-05-20,64.46,64.869,64.15,64.56,12.912,10532.0,0.0,1.0,50.22,40.0,1.59,50.82,1.4500000000000002,32.33
2019-05-21,2019-05-21,64.34,64.585,64.34,64.42,12.884,1446.0,0.0,1.0,53.94,38.5,1.05,66.0,2.45,32.33
2019-05-22,2019-05-22,63.72,63.84,62.325,62.5165,12.5033,17554.0,0.0,1.0,52.7,41.0,2.01,56.1,2.9000000000000004,32.33
2019-05-23,2019-05-23,60.59,60.72,58.59,59.3164,11.8633,51382.0,0.0,1.0,53.94,41.5,1.98,52.14,3.95,33.55
2019-05-24,2019-05-24,60.2,60.2,58.746,60.09,12.017999999999999,27567.0,0.0,1.0,53.32,33.0,3.0,55.44000000000001,4.25,35.99
2019-05-28,2019-05-28,60.72,60.72,60.04,60.04,12.008,11313.0,0.0,1.0,52.08,34.309999999999995,3.52,53.95,4.15,33.15
2019-05-29,2019-05-29,58.81,60.14,58.15,60.1223,12.0245,18738.0,0.0,1.0,50.84,34.78,2.8000000000000003,55.9,5.0,33.15
2019-05-30,2019-05-30,60.33,60.33,57.52,57.7095,11.5419,24812.0,0.0,1.0,52.08,35.72,2.8000000000000003,63.7,3.3000000000000003,35.1
2019-05-31,2019-05-31,56.23,56.33,54.22,54.3824,10.8765,22525.0,0.0,1.0,54.56,34.78,2.68,52.65,3.35,36.4
2019-06-03,2019-06-03,55.53,55.5305,53.88,53.9648,10.793,26182.0,0.0,1.0,52.08,45.08,1.95,57.6,3.96,37.7
2019-06-04,2019-06-04,54.31,54.83,53.84,54.69,10.937999999999999,9962.0,0.0,1.0,51.46,46.55,1.35,55.04,3.12,40.02
2019-06-05,2019-06-05,53.36,53.995,52.0,52.85,10.57,30598.0,0.0,1.0,50.84,46.06,2.07,48.0,4.44,37.7
2019-06-06,2019-06-06,52.74,54.46,52.3,54.3344,10.8669,34636.0,0.0,1.0,52.08,49.0,2.31,48.0,3.24,40.02
2019-06-07,2019-06-07,53.7898,55.339,53.7898,55.19,11.038,21249.0,0.0,1.0,51.46,43.12,1.08,52.48,3.24,37.7
2019-06-10,2019-06-10,55.16,55.5801,54.2272,54.4721,10.8944,13670.0,0.0,1.0,51.84,45.12,1.5,56.44000000000001,3.01,37.76
2019-06-11,2019-06-11,55.13,55.13,54.4,54.4907,10.8981,8041.0,0.0,1.0,52.48,40.89,1.35,54.40000000000001,3.08,37.76
2019-06-12,2019-06-12,53.47,53.47,52.0,52.1474,10.4295,23874.0,0.0,1.0,53.12000000000001,46.53,1.71,61.2,4.2,37.17
2019-06-13,2019-06-13,54.37,54.37,53.29,53.3425,10.6685,33987.0,0.0,1.0,57.6,41.83,2.16,52.36000000000001,7.000000000000001,38.35
2019-06-14,2019-06-14,53.72,54.07,53.42,53.75,10.75,20865.0,0.0,1.0,58.88,38.54,2.1,53.72000000000001,4.0600000000000005,40.12
2019-06-17,2019-06-17,53.27,53.66,52.79,53.088,10.6176,12899.0,0.0,1.0,53.55,40.02,2.52,56.95,3.48,44.16
2019-06-18,2019-06-18,53.92,55.3598,53.92,55.247,11.0494,33314.0,0.0,1.0,53.55,46.0,3.56,67.0,3.0,42.24
2019-06-19,2019-06-19,54.82,55.573,54.6,55.573,11.1146,8706.0,0.0,1.0,53.55,45.08000000000001,2.44,63.65000000000001,3.36,47.36
2019-06-20,2019-06-20,57.41,58.3145,57.055,58.18,11.636,41585.0,0.0,1.0,54.18,40.02,4.0,57.62000000000001,3.96,45.44
2019-06-21,2019-06-21,58.22,58.6815,58.17,58.6608,11.7322,17181.0,0.0,1.0,57.96,39.1,3.24,60.97000000000001,3.48,45.44
2019-06-24,2019-06-24,58.77,59.0,57.89,58.88,11.776,32519.0,0.0,1.0,55.04,41.83,1.7999999999999998,57.51,3.1,37.76
2019-06-25,2019-06-25,59.099,59.25,58.865,58.87,11.774000000000001,7587.0,0.0,1.0,53.12000000000001,44.18,1.56,65.32,2.75,38.94
2019-06-26,2019-06-26,60.28,60.79,60.21,60.2824,12.0565,52339.0,0.0,1.0,53.76,40.42,1.7999999999999998,68.16,3.0,38.94
2019-06-27,2019-06-27,60.38,60.77,60.28,60.32,12.064,16253.0,0.0,1.0,55.04,44.65,2.19,66.74,2.5500000000000003,37.17
2019-06-28,2019-06-28,60.49,60.589,58.81,59.01,11.802,23352.0,0.0,1.0,54.4,38.54,2.25,68.16,1.8,40.71
2019-07-01,2019-07-01,60.82,60.985,59.49,60.2548,12.050999999999998,14885.0,0.0,1.0,56.12,34.800000000000004,2.67,67.0,4.75,44.2
2019-07-02,2019-07-02,60.09,60.09,57.19,57.396,11.4792,22855.0,0.0,1.0,53.07,35.6,2.34,65.66000000000001,5.0,45.5
2019-07-03,2019-07-03,58.03,58.0706,57.4,57.81,11.562000000000001,12428.0,0.0,1.0,51.85,32.4,2.37,50.92,4.3,50.7
2019-07-05,2019-07-05,58.04,58.77,58.04,58.6509,11.7302,5062.0,0.0,1.0,54.29,26.0,1.62,52.93,3.35,55.9
2019-07-08,2019-07-08,58.88,59.4584,58.55,58.5572,11.7114,5892.0,0.0,1.0,50.74,35.55000000000001,2.37,55.61000000000001,2.6,38.94
2019-07-09,2019-07-09,58.9,59.0825,58.625,59.0825,11.8165,6786.0,0.0,1.0,50.15,42.3,1.98,56.28,3.16,42.48
2019-07-10,2019-07-10,60.39,61.5,60.39,61.48,12.296,24555.0,0.0,1.0,50.15,40.05,3.0,54.94000000000001,2.88,41.89
2019-07-11,2019-07-11,61.78,61.9247,61.22,61.6463,12.3293,13365.0,0.0,1.0,51.33,42.3,2.28,58.290000000000006,2.56,43.07
2019-07-12,2019-07-12,61.31,61.7005,61.12,61.3948,12.279000000000002,8805.0,0.0,1.0,53.1,39.15,2.37,49.58000000000001,2.8000000000000003,47.2
2019-07-15,2019-07-15,61.86,61.86,60.4,60.44,12.088,13723.0,0.0,1.0,53.94,36.8,1.98,57.4,3.4000000000000004,44.84
2019-07-16,2019-07-16,60.71,60.97,58.3525,59.19,11.838,17507.0,0.0,1.0,54.56,46.0,1.41,54.6,3.2,45.43
2019-07-17,2019-07-17,59.3645,59.3645,57.65,57.7217,11.5443,12601.0,0.0,1.0,53.32,40.48,2.82,58.8,3.9,40.71
2019-07-18,2019-07-18,57.9067,57.9067,55.88,56.7335,11.3467,38616.0,0.0,1.0,53.32,42.32,1.65,54.6,3.9,42.48
2019-07-19,2019-07-19,56.83,57.33,56.2593,57.2694,11.4539,20933.0,0.0,1.0,54.56,34.5,1.47,61.6,4.1000000000000005,42.48
2019-07-22,2019-07-22,56.99,57.38,56.95,57.3652,11.472999999999999,31355.0,0.0,1.0,53.94,38.72,2.67,57.96,3.35,40.47
2019-07-23,2019-07-23,57.36,58.03,56.976000000000006,57.96,11.592,36959.0,0.0,1.0,52.7,36.96,2.52,63.48,3.25,39.33
2019-07-24,2019-07-24,57.93,58.5056,56.39,56.895,11.379000000000001,38721.0,0.0,1.0,52.7,36.52,2.07,51.06,4.3,38.76
2019-07-25,2019-07-25,57.56,57.7,56.8871,56.8871,11.3774,11321.0,0.0,1.0,53.32,36.52,1.71,56.58,3.1500000000000004,39.33
2019-07-26,2019-07-26,57.09,57.32,56.9,57.12,11.424000000000001,8793.0,0.0,1.0,54.56,34.76,1.89,58.65,2.5,43.31999999999999
2019-07-29,2019-07-29,57.76,58.0387,56.91,58.0387,11.6077,19541.0,0.0,1.0,53.94,32.39,2.16,53.6,2.96,38.19
2019-07-30,2019-07-30,58.09,59.37,58.05,59.37,11.874,14641.0,0.0,1.0,53.94,33.62,1.7999999999999998,60.3,2.64,37.05
2019-07-31,2019-07-31,59.64,59.64,59.098,59.11,11.822000000000001,12490.0,0.0,1.0,52.7,31.57,2.13,51.59,2.72,37.05
2019-08-01,2019-08-01,58.48,58.48,54.48,55.53,11.106,60845.0,0.0,1.0,57.04,28.29,2.22,50.25,3.16,34.77
2019-08-02,2019-08-02,56.87,56.87,56.275,56.33,11.265999999999998,20461.0,0.0,1.0,55.18,25.01,2.79,52.26000000000001,2.92,37.05
2019-08-05,2019-08-05,55.45,56.3522,55.425,55.85,11.17,10523.0,0.0,1.0,52.51,28.7,3.0,47.6,4.45,32.45
2019-08-06,2019-08-06,56.03,56.03,54.6802,54.7,10.94,12618.0,0.0,1.0,48.38,29.52,2.43,57.8,3.85,33.550000000000004
2019-08-07,2019-08-07,53.09,53.4,51.49,53.26,10.652000000000001,62320.0,0.0,1.0,48.97,29.11,2.88,53.72000000000001,3.35,33.550000000000004
2019-08-08,2019-08-08,53.36,53.888999999999996,53.07,53.68,10.735999999999999,29091.0,0.0,1.0,50.15,29.52,2.55,49.64,3.65,31.35
2019-08-09,2019-08-09,55.13,55.85,55.07,55.3589,11.0718,23535.0,0.0,1.0,55.46,27.88,1.95,47.6,3.1,37.95
2019-08-12,2019-08-12,55.91,56.15,55.3331,55.95,11.19,19582.0,0.0,1.0,54.29,33.120000000000005,2.8000000000000003,54.75,2.95,34.22
2019-08-13,2019-08-13,55.72,58.5,55.55,58.25,11.65,34792.0,0.0,1.0,52.46,35.42,2.72,63.0,3.1500000000000004,38.28
2019-08-14,2019-08-14,56.18,56.2648,55.2,56.2025,11.2405,15472.0,0.0,1.0,53.07,38.64,2.44,74.25,5.0,34.8
2019-08-15,2019-08-15,55.47,55.75,55.14,55.62,11.124,9439.0,0.0,1.0,54.29,37.26000000000001,2.6,65.25,3.0500000000000003,34.8
2019-08-16,2019-08-16,55.5628,55.9541,55.53,55.9541,11.1908,2977.0,0.0,1.0,55.51,33.120000000000005,2.8000000000000003,61.5,2.25,39.44
2019-08-19,2019-08-19,57.0,57.4109,56.58,57.2869,11.4574,13658.0,0.0,1.0,52.2,44.5,1.83,74.0,2.7,37.05
2019-08-20,2019-08-20,56.81,57.5,56.3201,57.1242,11.4248,19893.0,0.0,1.0,51.6,42.0,2.01,69.56,2.5,31.35
2019-08-21,2019-08-21,58.211000000000006,58.211000000000006,56.7642,56.976000000000006,11.3952,6608.0,0.0,1.0,49.2,47.5,1.53,55.5,3.8,33.059999999999995
2019-08-22,2019-08-22,57.28,57.28,56.28,56.5071,11.3014,4150.0,0.0,1.0,52.2,45.5,0.93,59.94,2.3000000000000003,33.629999999999995
2019-08-23,2019-08-23,55.06,55.7294,54.45,54.66,10.932,20834.0,0.0,1.0,51.6,43.0,2.25,54.76,3.0500000000000003,36.48
2019-08-26,2019-08-26,56.13,56.3345,54.83,54.88,10.975999999999999,22611.0,0.0,1.0,47.31,43.68,1.5,50.32,2.36,38.28
2019-08-27,2019-08-27,55.32,56.1365,54.8312,56.0799,11.216,19162.0,0.0,1.0,47.31,52.0,2.67,49.64,2.88,36.54
2019-08-28,2019-08-28,57.58,57.65,56.891000000000005,57.0373,11.4075,7576.0,0.0,1.0,47.88,52.0,2.91,55.76000000000001,2.68,34.22
2019-08-29,2019-08-29,57.3109,57.79,57.31,57.7564,11.5513,8749.0,0.0,1.0,46.74,44.72,1.5,51.00000000000001,2.28,35.96
2019-08-30,2019-08-30,57.4,57.4,56.02,56.27,11.254000000000001,16520.0,0.0,1.0,47.88,44.2,1.56,49.64,2.24,37.7
2019-09-03,2019-09-03,54.39,55.2365,53.9758,55.07,11.014000000000001,29548.0,0.0,1.0,39.05,41.08,0.57,37.7,0.52,44.1
2019-09-04,2019-09-04,56.48,57.746,56.48,57.45,11.49,32338.0,0.0,1.0,39.6,44.72,0.42,40.95,0.6,40.32
2019-09-05,2019-09-05,57.92,58.8,57.22,57.37,11.474,22643.0,0.0,1.0,38.5,43.16,0.42,41.6,0.84,35.91000000000001
2019-09-06,2019-09-06,56.17,57.7518,56.0509,57.74,11.548,7154.0,0.0,1.0,40.15000000000001,38.48,0.6,39.0,0.64,39.06
2019-09-09,2019-09-09,58.45,59.2689,58.45,59.2635,11.8527,60700.0,0.0,1.0,40.88,53.69,0.48,51.06,1.02,35.37999999999999
2019-09-10,2019-09-10,59.41,59.95,58.47,58.754,11.7508,17474.0,0.0,1.0,39.76000000000001,54.28,0.48,39.33,1.02,32.48
2019-09-11,2019-09-11,58.93,59.04,56.86,57.26,11.452,19431.0,0.0,1.0,39.76000000000001,48.97,0.51,48.99,1.02,33.64
2019-09-12,2019-09-12,11.13,11.2893,11.0843,11.25,11.25,78740.0,0.0,5.0,40.32000000000001,52.51,0.78,53.13,1.2,36.54
2019-09-13,2019-09-13,11.27,11.27,11.18,11.24,11.24,52466.0,0.0,1.0,40.32000000000001,44.84,0.36,40.71,0.96,37.7
2019-09-16,2019-09-16,12.41,12.9199,12.2301,12.62,12.62,778671.0,0.0,1.0,63.0,59.22,7.000000000000001,76.0,15.0,38.28
2019-09-17,2019-09-17,12.7,12.7,11.95,12.0894,12.0894,268014.0,0.0,1.0,54.81,63.0,3.5700000000000003,60.8,9.15,34.22
2019-09-18,2019-09-18,11.92,12.01,11.77,11.85,11.85,95329.0,0.0,1.0,48.51,62.37,2.1700000000000004,57.76,5.7,34.22
2019-09-19,2019-09-19,11.98,12.03,11.89,11.9554,11.9554,30897.0,0.0,1.0,49.14,57.96,1.61,49.4,4.8,35.96
2019-09-20,2019-09-20,12.0,12.05,11.915,11.9746,11.9746,40938.0,0.0,1.0,46.62,54.18,1.33,44.08,3.0,35.96
2019-09-23,2019-09-23,11.93,12.0,11.8416,11.957,11.957,31719.0,0.0,1.0,43.5,52.8,0.72,48.24,1.1,32.480000000000004
2019-09-24,2019-09-24,11.89,11.9,11.64,11.6628,11.6628,52298.0,0.0,1.0,43.5,56.4,0.6599999999999999,49.68,0.95,31.92
2019-09-25,2019-09-25,11.45,11.58,11.4,11.5689,11.5689,33624.0,0.0,1.0,42.92,54.0,0.6599999999999999,47.52,1.0,31.92
2019-09-26,2019-09-26,11.4577,11.58,11.35,11.5655,11.5655,12350.0,0.0,1.0,41.76,51.0,0.45,48.24,0.75,33.040000000000006
2019-09-27,2019-09-27,11.41,11.6109,11.3555,11.4298,11.4298,9862.0,0.0,1.0,42.34,49.2,0.45,51.84,0.8,35.28
2019-09-30,2019-09-30,11.28,11.37,11.0849,11.1109,11.1109,89787.0,0.0,1.0,41.44000000000001,51.33,0.57,47.6,0.8,35.98999999999999
2019-10-01,2019-10-01,11.19,11.21,10.88,11.0,11.0,167261.0,0.0,1.0,46.48,50.74,3.0,40.8,4.45,38.94
2019-10-02,2019-10-02,11.0,11.0,10.7164,10.79,10.79,68207.0,0.0,1.0,47.040000000000006,51.92,2.61,50.32,4.75,40.71
2019-10-03,2019-10-03,10.63,10.75,10.45,10.7,10.7,50639.0,0.0,1.0,47.040000000000006,48.97,2.82,44.88,5.0,42.48
2019-10-04,2019-10-04,10.85,10.9117,10.6882,10.84,10.84,25353.0,0.0,1.0,48.16,47.79,1.29,42.84,4.8500000000000005,44.25
2019-10-07,2019-10-07,10.91,11.0474,10.8,10.83,10.83,20390.0,0.0,1.0,48.16,45.6,2.85,48.64,3.9,40.47
2019-10-08,2019-10-08,10.68,10.8,10.63,10.7046,10.7046,47148.0,0.0,1.0,47.6,49.59,1.95,36.48,4.7,38.76
2019-10-09,2019-10-09,10.94,10.97,10.76,10.76,10.76,41956.0,0.0,1.0,47.040000000000006,46.74,2.19,42.88,3.9,37.05
2019-10-10,2019-10-10,10.88,11.0,10.8565,10.98,10.98,33064.0,0.0,1.0,48.16,47.31,1.59,37.76,4.05,39.9
2019-10-11,2019-10-11,11.06,11.23,11.06,11.22,11.22,141354.0,0.0,1.0,49.28,40.47,1.08,48.0,3.3000000000000003,43.31999999999999
2019-10-14,2019-10-14,10.96,11.0,10.84,10.98,10.98,27070.0,0.0,1.0,49.28,44.24,2.55,54.67,2.36,44.84
2019-10-15,2019-10-15,10.95,10.9944,10.8077,10.85,10.85,42740.0,0.0,1.0,48.16,46.48,1.41,53.25,2.8000000000000003,40.12
2019-10-16,2019-10-16,10.83,10.99,10.83,10.9335,10.9335,2979.0,0.0,1.0,48.16,47.040000000000006,2.7,47.57,3.3200000000000003,43.07
2019-10-17,2019-10-17,10.84,11.09,10.84,11.0808,11.0808,12206.0,0.0,1.0,48.72000000000001,45.92,2.34,57.51,3.2,44.25
2019-10-18,2019-10-18,11.14,11.15,10.98,11.0283,11.0283,5316.0,0.0,1.0,49.28,45.92,0.8999999999999999,50.41,2.64,44.84
2019-10-21,2019-10-21,10.83,10.98,10.83,10.98,10.98,26606.0,0.0,1.0,47.85,52.8,1.2,71.28,4.4,49.8
2019-10-22,2019-10-22,11.09,11.19,11.061,11.12,11.12,21819.0,0.0,1.0,46.75000000000001,60.0,2.37,88.0,3.4000000000000004,44.4
2019-10-23,2019-10-23,11.07,11.46,11.07,11.43,11.43,104282.0,0.0,1.0,47.3,48.6,2.28,77.44,3.35,45.6
2019-10-24,2019-10-24,11.5,11.57,11.48,11.51,11.51,61293.0,0.0,1.0,46.75000000000001,52.8,1.95,81.84,2.25,47.4
2019-10-25,2019-10-25,11.5,11.61,11.45,11.61,11.61,61676.0,0.0,1.0,46.2,46.2,1.29,73.04,3.9,46.8
2019-10-28,2019-10-28,11.62,11.63,11.41,11.41,11.41,20015.0,0.0,1.0,44.52,47.040000000000006,2.07,42.16,2.2,44.64
2019-10-29,2019-10-29,11.23,11.4402,11.2,11.3561,11.3561,10209.0,0.0,1.0,44.52,49.84,1.74,46.24,2.6,47.74
2019-10-30,2019-10-30,11.36,11.36,11.16,11.2499,11.2499,24948.0,0.0,1.0,42.40000000000001,47.6,1.74,47.6,3.04,46.5
2019-10-31,2019-10-31,11.16,11.19,11.0208,11.0799,11.0799,25958.0,0.0,1.0,39.75,42.00000000000001,2.67,42.16,2.48,47.12
2019-11-01,2019-11-01,11.23,11.52,11.23,11.4892,11.4892,49853.0,0.0,1.0,42.40000000000001,44.8,2.19,64.60000000000001,1.48,22.94
2019-11-04,2019-11-04,11.7,11.75,11.561,11.58,11.58,64213.0,0.0,1.0,50.73,52.78,1.83,65.1,3.35,25.08
2019-11-05,2019-11-05,11.68,11.75,11.68,11.7,11.7,13076.0,0.0,1.0,48.45,51.62,1.83,64.39999999999999,3.65,24.42
2019-11-06,2019-11-06,11.73,11.83,11.5,11.57,11.57,43961.0,0.0,1.0,46.74,53.36,2.55,66.5,5.0,23.76
2019-11-07,2019-11-07,11.75,11.82,11.66,11.6601,11.6601,22748.0,0.0,1.0,47.88,57.42,2.49,65.8,4.1000000000000005,25.08
2019-11-08,2019-11-08,11.5,11.77,11.46,11.7601,11.7601,20776.0,0.0,1.0,49.59,47.56,0.99,70.0,2.7,26.4
2019-11-11,2019-11-11,11.7,11.7396,11.65,11.65,11.65,4263.0,0.0,1.0,48.40000000000001,50.15,0.94,56.28,1.76,26.4
2019-11-12,2019-11-12,11.74,11.77,11.63,11.6464,11.6464,4955.0,0.0,1.0,44.55,59.0,0.76,60.97000000000001,1.84,24.42
2019-11-13,2019-11-13,11.57,11.7472,11.57,11.73,11.73,3947.0,0.0,1.0,46.75000000000001,54.87,1.36,59.63,2.24,23.76
2019-11-14,2019-11-14,11.8,11.83,11.65,11.68,11.68,43812.0,0.0,1.0,46.2,53.1,0.78,60.3,3.24,24.42
2019-11-15,2019-11-15,11.64,11.88,11.64,11.85,11.85,29408.0,0.0,1.0,46.2,51.92,1.06,52.93,1.64,24.42
2019-11-18,2019-11-18,11.72,11.7599,11.63,11.6505,11.6505,23127.0,0.0,1.0,47.6,54.6,1.12,51.03,2.36,27.69
2019-11-19,2019-11-19,11.47,11.49,11.3099,11.3527,11.3527,85701.0,0.0,1.0,45.92,58.8,2.0,56.07,3.16,28.4
2019-11-20,2019-11-20,11.42,11.73,11.4158,11.69,11.69,36192.0,0.0,1.0,45.36000000000001,57.6,1.24,52.92,3.2,27.69
2019-11-21,2019-11-21,11.81,12.01,11.81,11.97,11.97,53250.0,0.0,1.0,46.48,51.6,0.88,48.51,2.56,29.11
2019-11-22,2019-11-22,11.9478,11.9478,11.794,11.88,11.88,2527.0,0.0,1.0,45.92,48.0,1.68,52.92,2.6,31.95
2019-11-25,2019-11-25,11.79,11.885,11.7845,11.8755,11.8755,11332.0,0.0,1.0,47.85,37.84,0.6900000000000001,48.0,1.44,42.75
2019-11-26,2019-11-26,11.94,11.9567,11.880999999999998,11.9549,11.9549,7768.0,0.0,1.0,47.3,35.64,0.8200000000000001,49.2,1.77,48.45
2019-11-27,2019-11-27,11.9624,11.9624,11.8298,11.9051,11.9051,3886.0,0.0,1.0,47.85,28.16,0.58,46.2,1.83,52.25
2019-11-29,2019-11-29,11.7,11.7,11.3384,11.39,11.39,73581.0,0.0,1.0,43.45,18.92,0.28,43.8,1.35,52.25
2019-12-02,2019-12-02,11.55,11.55,11.44,11.47,11.47,27386.0,0.0,1.0,41.6,47.6,2.25,39.06,4.0,42.9
2019-12-03,2019-12-03,11.46,11.6,11.37,11.56,11.56,354732.0,0.0,1.0,41.6,50.96000000000001,1.89,54.81,4.800000000000002,38.94000000000001
2019-12-04,2019-12-04,11.83,12.009,11.83,11.96,11.96,93369.0,0.0,1.0,41.6,55.44000000000001,2.25,40.32,4.3,34.32
2019-12-05,2019-12-05,12.06,12.1,11.96,11.9605,11.9605,30540.0,0.0,1.0,42.64,51.52,2.28,42.84,5.0,36.3
2019-12-06,2019-12-06,11.9,12.259,11.88,12.11,12.11,50625.0,0.0,1.0,44.72,45.36000000000001,3.0,39.06,4.95,38.28
2019-12-09,2019-12-09,12.02,12.12,12.01,12.1,12.1,18188.0,0.0,1.0,42.93,51.62,0.84,49.58000000000001,2.4,38.86
2019-12-10,2019-12-10,12.09,12.19,12.05,12.1576,12.1576,23109.0,0.0,1.0,42.40000000000001,55.67999999999999,0.92,54.94000000000001,3.4,37.52
2019-12-11,2019-12-11,12.1,12.14,11.98,12.06,12.06,77691.0,0.0,1.0,42.40000000000001,57.99999999999999,0.9,50.25,3.04,40.87000000000001
2019-12-12,2019-12-12,12.0714,12.21,12.0714,12.15,12.15,39317.0,0.0,1.0,43.46,55.1,1.06,46.90000000000001,2.48,40.87000000000001
2019-12-13,2019-12-13,12.18,12.39,12.18,12.26,12.26,47314.0,0.0,1.0,45.58000000000001,48.72,1.22,45.56,2.56,38.86
2019-12-16,2019-12-16,12.37,12.38,12.34,12.37,12.37,35030.0,0.0,1.0,45.90000000000001,47.0,1.22,42.25,3.12,42.09
2019-12-17,2019-12-17,12.44,12.5198,12.435,12.5,12.5,89821.0,0.0,1.0,46.44000000000001,48.0,1.92,53.95,3.16,43.47
2019-12-18,2019-12-18,12.44,12.545,12.3973,12.5,12.5,30719.0,0.0,1.0,44.82,38.0,1.46,50.7,3.56,40.71
2019-12-19,2019-12-19,12.51,12.615,12.49,12.54,12.54,37957.0,0.0,1.0,43.74,35.0,1.18,40.3,3.52,42.78
2019-12-20,2019-12-20,12.52,12.52,12.35,12.4,12.4,58254.0,0.0,1.0,47.52,28.0,1.8,47.45,2.04,43.47
2019-12-23,2019-12-23,12.38,12.48,12.37,12.48,12.48,27559.0,0.0,1.0,55.28999999999999,14.88,0.51,39.68,1.53,59.76
2019-12-24,2019-12-24,12.49,12.545,12.49,12.54,12.54,10383.0,0.0,1.0,51.3,12.09,0.32,34.72,1.68,72.21
2019-12-26,2019-12-26,12.61,12.7,12.61,12.67,12.67,29626.0,0.0,1.0,52.44,13.33,0.45,42.78,2.04,60.59
2019-12-27,2019-12-27,12.7,12.7,12.6004,12.68,12.68,25749.0,0.0,1.0,54.72,16.43,0.54,40.3,2.04,56.44
2019-12-30,2019-12-30,12.78,12.78,12.59,12.67,12.67,30386.0,0.0,1.0,56.05,19.61,1.71,64.68,1.85,39.2
2019-12-31,2019-12-31,12.49,12.675,12.46,12.58,12.58,18404.0,0.0,1.0,55.46,17.759999999999994,2.04,74.69,4.0,46.9
2020-01-02,2020-01-02,12.55,12.605,12.5,12.58,12.58,55047.0,0.0,1.0,53.69,21.09,1.02,57.75,1.5,44.1
2020-01-03,2020-01-03,13.03,13.0701,12.825,12.95,12.95,347578.0,0.0,1.0,57.23,19.98,1.89,56.21,5.0,44.1
2020-01-06,2020-01-06,13.06,13.09,12.8808,12.93,12.93,407540.0,0.0,1.0,52.2,34.980000000000004,3.5,39.76,5.36,31.35
2020-01-07,2020-01-07,12.87,12.9319,12.77,12.89,12.89,128824.0,0.0,1.0,54.6,36.04,1.4,43.31,4.64,29.07
2020-01-08,2020-01-08,12.82,12.84,12.18,12.43,12.43,506160.0,0.0,1.0,57.0,43.46,5.0,44.02,7.2,31.92
2020-01-09,2020-01-09,12.22,12.31,12.08,12.27,12.27,1863192.0,0.0,1.0,52.2,43.99,2.15,48.99,3.44,29.64
2020-01-10,2020-01-10,12.25,12.25,12.12,12.17,12.17,269705.0,0.0,1.0,55.2,40.81,1.35,44.02,4.08,33.059999999999995
2020-01-13,2020-01-13,12.07,12.09,11.9327,11.97,11.97,140928.0,0.0,1.0,50.16,51.3,0.48,47.45,1.75,29.160000000000004
2020-01-14,2020-01-14,12.03,12.05,11.97,12.04,12.04,102613.0,0.0,1.0,48.45,47.31,0.8099999999999999,73.0,2.0,28.62
2020-01-15,2020-01-15,11.97,11.97,11.83,11.94,11.94,205980.0,0.0,1.0,46.74,52.44,0.54,42.34,2.35,28.08
2020-01-16,2020-01-16,11.96,12.12,11.96,12.04,12.04,80140.0,0.0,1.0,47.31,55.28999999999999,0.72,42.34,2.15,29.160000000000004
2020-01-17,2020-01-17,12.08,12.09,12.025,12.0886,12.0886,56991.0,0.0,1.0,47.88,49.02,0.6599999999999999,43.8,2.1,29.160000000000004
2020-01-21,2020-01-21,12.0,12.0872,11.9844,11.9915,11.9915,135684.0,0.0,1.0,50.15,54.9,0.6599999999999999,39.69,1.36,29.120000000000005
2020-01-22,2020-01-22,11.8,11.8,11.65,11.6645,11.6645,101760.0,0.0,1.0,48.38,56.73,0.72,34.65,1.92,28.56
2020-01-23,2020-01-23,11.36,11.4663,11.27,11.45,11.45,205167.0,0.0,1.0,50.15,56.12,0.8099999999999999,39.69,1.84,29.680000000000003
2020-01-24,2020-01-24,11.26,11.2729,11.0901,11.2,11.2,220408.0,0.0,1.0,51.33,54.29,0.96,42.21,1.2,30.24
2020-01-27,2020-01-27,10.88,11.0272,10.82,10.9,10.9,235642.0,0.0,1.0,42.66,63.0,1.2,34.22,2.28,25.44
2020-01-28,2020-01-28,10.96,11.09,10.91,11.035,11.035,88539.0,0.0,1.0,42.66,61.74,1.04,34.809999999999995,3.0,27.03
2020-01-29,2020-01-29,11.05,11.059000000000001,10.89,10.93,10.93,158265.0,0.0,1.0,42.66,56.7,0.88,35.98999999999999,2.7,27.03
2020-01-30,2020-01-30,10.7,10.87,10.65,10.87,10.87,1799605.0,0.0,1.0,44.28,54.18,1.28,36.58,2.94,27.56
2020-01-31,2020-01-31,10.65,10.75,10.481,10.61,10.61,796597.0,0.0,1.0,44.82,54.81,1.44,30.09,2.88,29.15
2020-02-03,2020-02-03,10.53,10.6,10.27,10.29,10.29,377407.0,0.0,1.0,42.40000000000001,54.18,1.86,39.6,3.48,31.270000000000003
2020-02-04,2020-02-04,10.47,10.48,10.21,10.24,10.24,229307.0,0.0,1.0,43.99,53.55,2.07,49.68,5.16,33.39
2020-02-05,2020-02-05,10.53,10.6695,10.4,10.51,10.51,157804.0,0.0,1.0,40.81,52.92,1.7999999999999998,50.4,3.66,32.86
2020-02-06,2020-02-06,10.43,10.55,10.345,10.51,10.51,95605.0,0.0,1.0,39.75,51.66,2.07,49.68,3.0,34.980000000000004
2020-02-07,2020-02-07,10.38,10.4951,10.34,10.38,10.38,81404.0,0.0,1.0,42.40000000000001,49.77,1.38,72.0,2.64,38.16
2020-02-10,2020-02-10,10.27,10.3327,10.1872,10.19,10.19,95995.0,0.0,1.0,44.55,66.0,0.78,63.99,3.1,35.84
2020-02-11,2020-02-11,10.42,10.4299,10.25,10.31,10.31,124321.0,0.0,1.0,44.0,63.36,1.3,67.94,3.25,36.40000000000001
2020-02-12,2020-02-12,10.6,10.6417,10.51,10.6,10.6,106429.0,0.0,1.0,41.8,58.74,0.86,60.83000000000001,3.95,36.40000000000001
2020-02-13,2020-02-13,10.61,10.68,10.5404,10.62,10.62,99771.0,0.0,1.0,42.90000000000001,55.44000000000001,0.98,68.73,2.85,37.52
2020-02-14,2020-02-14,10.74,10.77,10.64,10.74,10.74,138788.0,0.0,1.0,42.35,45.54,0.68,56.88,2.35,44.24
2020-02-18,2020-02-18,10.53,10.73,10.53,10.72,10.72,126593.0,0.0,1.0,44.24,57.66,0.76,68.89,2.5500000000000003,38.08000000000001
2020-02-19,2020-02-19,10.91,11.0098,10.8288,10.97,10.97,95273.0,0.0,1.0,43.12000000000001,53.94,0.72,64.74,2.0,36.40000000000001
2020-02-20,2020-02-20,11.1,11.1755,11.03,11.0592,11.0592,111661.0,0.0,1.0,42.56,54.56,0.58,73.03999999999998,2.85,35.28
2020-02-21,2020-02-21,10.88,10.96,10.795,10.94,10.94,41330.0,0.0,1.0,45.36000000000001,48.36,0.86,78.02,2.1,41.44000000000001
2020-02-24,2020-02-24,10.43,10.5839,10.36,10.53,10.53,212643.0,0.0,1.0,48.97,58.5,2.52,58.52,4.5600000000000005,38.64
2020-02-25,2020-02-25,10.55,10.55,10.2,10.22,10.22,155337.0,0.0,1.0,47.2,59.15,3.28,58.52,5.04,36.40000000000001
2020-02-26,2020-02-26,10.18,10.3,9.93,9.99,9.99,174933.0,0.0,1.0,48.97,57.2,2.68,62.32,6.6400000000000015,36.40000000000001
2020-02-27,2020-02-27,9.5227,9.77,9.43,9.6,9.6,286117.0,0.0,1.0,47.2,57.2,3.44,52.44,6.6400000000000015,38.08000000000001
2020-02-28,2020-02-28,9.22,9.31,9.0018,9.29,9.29,447879.0,0.0,1.0,50.15,51.35,4.0,63.84,8.0,38.64
2020-03-02,2020-03-02,9.47,9.73,9.36,9.729,9.729,374057.0,0.0,1.0,33.04,17.64,0.6,50.37,0.72,37.8
2020-03-03,2020-03-03,9.81,9.98,9.57,9.693999999999999,9.693999999999999,250539.0,0.0,1.0,31.86,17.01,0.54,41.61,0.88,36.72
2020-03-04,2020-03-04,9.9,9.921,9.6,9.65,9.65,132045.0,0.0,1.0,32.45,16.38,0.48,45.99,0.64,38.34
2020-03-05,2020-03-05,9.62,9.65,9.3701,9.42,9.42,165430.0,0.0,1.0,33.629999999999995,15.75,0.48,43.07,0.8,37.8
2020-03-06,2020-03-06,9.07,9.08,8.42,8.56,8.56,613462.0,0.0,1.0,35.4,15.12,0.96,45.26,0.96,42.12000000000001
2020-03-09,2020-03-09,6.72,7.43,6.61,6.76,6.76,3587874.0,0.0,1.0,72.0,16.2,24.0,95.0,40.0,53.2
2020-03-10,2020-03-10,7.11,7.2,6.8001,7.13,7.13,2518835.0,0.0,1.0,56.88,15.6,11.28,77.89999999999998,22.4,47.040000000000006
2020-03-11,2020-03-11,6.9,6.99,6.72,6.83,6.83,1093962.0,0.0,1.0,48.24,15.0,9.84,71.25,13.6,39.76000000000001
2020-03-12,2020-03-12,6.5,6.66,6.32,6.48,6.48,1835091.0,0.0,1.0,44.64,14.4,8.879999999999997,81.7,14.4,40.88
2020-03-13,2020-03-13,6.76,7.0,6.4301,6.82,6.82,878182.0,0.0,1.0,44.64,13.2,6.72,72.2,11.6,40.32000000000001
2020-03-16,2020-03-16,6.57,6.57,5.98,6.02,6.02,2230311.0,0.0,1.0,35.96,18.0,8.74,48.84,9.3,39.2
2020-03-17,2020-03-17,6.0,6.07,5.54,5.605,5.605,1748582.0,0.0,1.0,34.1,22.0,8.05,51.06,8.68,39.76000000000001
2020-03-18,2020-03-18,5.0,5.12,4.42,4.67,4.67,5143509.0,0.0,1.0,40.92,100.0,15.18,47.36,15.5,43.68000000000001
2020-03-19,2020-03-19,4.74,5.79,4.57,5.31,5.31,4135615.0,0.0,1.0,41.54,39.0,15.41,50.32,15.5,47.6
2020-03-20,2020-03-20,5.23,5.25,4.76,4.86,4.86,3822325.0,0.0,1.0,39.68,40.0,10.35,47.36,12.4,44.24
2020-03-23,2020-03-23,4.71,4.85,4.51,4.81,4.81,3695200.0,0.0,1.0,37.82,22.5,6.15,49.5,6.09,42.92
2020-03-24,2020-03-24,5.1,5.1,4.725,4.89,4.89,1978051.0,0.0,1.0,35.99,24.0,5.1,46.5,4.83,42.92
2020-03-25,2020-03-25,4.89,5.07,4.65,5.0,5.0,1825266.0,0.0,1.0,35.38,19.5,4.95,50.25,5.46,40.6
2020-03-26,2020-03-26,4.83,4.86,4.58,4.74,4.74,3588203.0,0.0,1.0,37.21,20.25,3.75,46.5,5.25,42.92
2020-03-27,2020-03-27,4.51,4.57,4.26,4.42,4.42,5197689.0,0.0,1.0,37.21,23.25,3.75,48.0,5.46,46.98
2020-03-30,2020-03-30,4.15,4.43,3.99,4.15,4.15,10190377.0,0.0,1.0,42.25,20.44,9.12,58.5,9.18,44.08
2020-03-31,2020-03-31,4.28,4.29,4.0819,4.13,4.13,9463944.0,0.0,1.0,40.3,20.44,6.2700000000000005,50.7,7.56,44.66
2020-04-01,2020-04-01,4.16,4.28,4.05,4.28,4.28,3356801.0,0.0,1.0,22.1,60.59,0.95,35.1,2.16,24.36
2020-04-02,2020-04-02,4.5,5.49,4.41,5.06,5.06,10637811.0,0.0,1.0,25.35,73.0,1.33,39.78,2.97,24.94
2020-04-03,2020-04-03,5.6,5.9,5.3301,5.8,5.8,9820629.0,0.0,1.0,24.7,64.24,1.52,37.44,2.16,26.1
2020-04-06,2020-04-06,5.5,5.58,5.27,5.37,5.37,6425984.0,0.0,1.0,24.790000000000006,63.48,1.02,30.1,1.54,27.09
2020-04-07,2020-04-07,5.37,5.4299,4.8,4.98,4.98,7304892.0,0.0,1.0,23.450000000000006,55.2,0.8500000000000001,33.599999999999994,1.54,27.72
2020-04-08,2020-04-08,4.98,5.31,4.84,5.28,5.28,8501383.0,0.0,1.0,24.12,53.13,1.02,30.8,1.54,28.35
2020-04-09,2020-04-09,5.32,5.67,4.73,4.88,4.88,13228285.0,0.0,1.0,25.46,52.44,1.1900000000000002,35.7,1.76,28.98
2020-04-13,2020-04-13,4.86,4.95,4.725,4.8,4.8,5671662.0,0.0,1.0,23.76,52.93,1.08,37.73,2.0700000000000003,28.16
2020-04-14,2020-04-14,4.66,4.69,4.3915,4.51,4.51,12616924.0,0.0,1.0,23.1,54.27,0.8999999999999999,38.5,1.38,28.16
2020-04-15,2020-04-15,4.29,4.33,4.16,4.3,4.3,12701642.0,0.0,1.0,23.1,44.89,1.08,33.11,1.61,30.08
2020-04-16,2020-04-16,4.28,4.28,4.02,4.21,4.21,9885220.0,0.0,1.0,23.76,52.93,0.8999999999999999,40.81,1.15,31.36
2020-04-17,2020-04-17,4.02,4.14,3.96,4.05,4.05,15184597.0,0.0,1.0,24.42,54.27,1.26,41.58,1.61,32.64
2020-04-20,2020-04-20,3.61,4.12,3.6,3.73,3.73,78555161.0,0.0,1.0,100.0,56.95,100.0,100.0,100.0,84.0
2020-04-21,2020-04-21,2.76,2.81,1.85,2.23,2.23,114645497.0,0.0,1.0,74.0,54.94000000000001,43.0,73.0,49.0,60.48
2020-04-22,2020-04-22,2.3,2.65,2.18,2.24,2.24,70706897.0,0.0,1.0,50.0,54.94000000000001,18.0,63.0,21.0,47.04
2020-04-23,2020-04-23,2.67,2.92,2.54,2.66,2.66,46113052.0,0.0,1.0,43.0,52.26000000000001,10.0,58.0,13.0,43.68
2020-04-24,2020-04-24,2.66,2.66,2.65,2.66,2.66,21798780.0,0.0,1.0,39.0,50.25,8.0,49.0,8.0,45.36
