date,oil,production,wti,brent,crude oil,barrel
2017-01-01,40.7,12.88,0.68,36.98,2.3800000000000003,65.0
2017-01-02,51.7,21.62,1.0,32.68,3.22,53.300000000000004
2017-01-03,48.95,26.220000000000002,4.0,86.0,5.670000000000001,42.25
2017-01-04,49.50000000000001,30.82,3.4,34.4,6.720000000000001,44.2
2017-01-05,50.6,37.260000000000005,2.8000000000000003,40.42,5.74,43.550000000000004
2017-01-06,45.650000000000006,30.82,2.4,34.4,4.48,43.550000000000004
2017-01-07,51.150000000000006,22.080000000000002,0.76,29.24,2.24,51.35
2017-01-08,53.01,30.240000000000002,0.76,20.77,3.0100000000000002,46.019999999999996
2017-01-09,51.3,42.56,3.56,26.130000000000003,4.83,35.4
2017-01-10,50.16,43.68000000000001,2.36,29.48,5.53,33.629999999999995
2017-01-11,49.019999999999996,42.56,2.84,22.110000000000003,4.2700000000000005,36.58
2017-01-12,50.16,44.800000000000004,2.04,22.78,4.9,38.35
2017-01-13,49.589999999999996,42.56,2.24,26.130000000000003,3.0100000000000002,40.12
2017-01-14,56.99999999999999,29.680000000000003,0.32,20.77,2.3800000000000003,44.839999999999996
2017-01-15,51.52,33.0,0.32999999999999996,20.299999999999997,2.08,47.79
2017-01-16,52.64000000000001,41.4,0.99,18.56,4.24,41.3
2017-01-17,47.6,54.0,1.89,22.04,7.84,35.989999999999995
2017-01-18,48.720000000000006,54.6,1.65,22.04,5.04,38.35
2017-01-19,48.720000000000006,54.6,1.56,20.88,6.0,38.35
2017-01-20,45.36000000000001,49.8,2.19,16.82,5.68,35.989999999999995
2017-01-21,52.64000000000001,34.8,0.57,19.72,2.08,44.839999999999996
2017-01-22,50.96000000000001,44.2,0.72,30.6,1.92,45.239999999999995
2017-01-23,46.480000000000004,61.2,2.72,27.0,6.640000000000001,37.12
2017-01-24,49.28,63.24,2.24,35.1,6.0,33.64
2017-01-25,53.2,66.64,2.48,79.2,8.0,34.8
2017-01-26,48.720000000000006,65.28,2.64,63.0,6.48,37.699999999999996
2017-01-27,47.6,58.480000000000004,2.04,43.2,5.44,37.12
2017-01-28,54.32000000000001,42.84,0.88,40.5,3.2800000000000002,46.4
2017-01-29,53.760000000000005,48.96,1.08,38.949999999999996,2.72,47.309999999999995
2017-01-30,48.720000000000006,63.92,2.2,40.85,7.6000000000000005,35.91
2017-01-31,47.6,68.0,2.04,46.55,6.5600000000000005,34.769999999999996
2017-02-01,48.720000000000006,62.56,3.64,95.0,5.12,34.769999999999996
2017-02-02,47.6,63.92,2.92,37.05,5.5200000000000005,34.199999999999996
2017-02-03,48.160000000000004,52.36000000000001,1.92,33.25,3.52,37.05
2017-02-04,56.00000000000001,42.160000000000004,0.84,24.7,1.6,46.169999999999995
2017-02-05,49.68000000000001,36.85,0.48,16.900000000000002,1.36,44.24
2017-02-06,43.2,56.28,2.2,20.150000000000002,5.44,30.240000000000002
2017-02-07,45.900000000000006,56.95,1.92,18.85,8.0,28.560000000000002
2017-02-08,45.900000000000006,59.63,4.0,20.8,6.24,34.160000000000004
2017-02-09,44.82,50.25,2.96,23.400000000000002,5.28,35.28
2017-02-10,44.82,55.61000000000001,2.16,22.1,4.16,33.040000000000006
2017-02-11,50.760000000000005,36.18,1.08,20.150000000000002,1.52,45.36000000000001
2017-02-12,52.25000000000001,35.64,0.44999999999999996,28.08,2.31,47.879999999999995
2017-02-13,47.300000000000004,62.7,1.23,29.52,3.5000000000000004,35.339999999999996
2017-02-14,42.900000000000006,54.78,1.8599999999999999,28.08,4.130000000000001,31.919999999999998
2017-02-15,45.1,56.1,1.89,30.24,3.7100000000000004,35.91
2017-02-16,48.400000000000006,60.06,1.17,27.36,5.180000000000001,36.48
2017-02-17,49.50000000000001,50.160000000000004,1.41,25.919999999999998,3.5700000000000003,38.76
2017-02-18,54.45,39.6,0.8099999999999999,20.88,1.8200000000000003,48.449999999999996
2017-02-19,56.26,36.85,0.44999999999999996,25.9,1.2600000000000002,53.07
2017-02-20,55.67999999999999,52.260000000000005,0.63,23.799999999999997,3.1500000000000004,42.699999999999996
2017-02-21,51.62,64.99000000000001,1.47,25.9,3.8500000000000005,39.65
2017-02-22,52.199999999999996,62.980000000000004,1.56,23.099999999999998,4.41,38.43
2017-02-23,50.459999999999994,58.290000000000006,2.58,23.099999999999998,4.2,40.26
2017-02-24,51.04,47.57,1.8299999999999998,22.4,3.7800000000000002,40.26
2017-02-25,54.519999999999996,35.510000000000005,0.63,21.0,3.3600000000000003,48.8
2017-02-26,51.84,42.089999999999996,0.27,20.8,1.4700000000000002,61.0
2017-02-27,46.440000000000005,69.0,1.38,20.150000000000002,4.69,35.99
2017-02-28,45.36,60.72,1.38,20.150000000000002,3.22,37.21
2017-03-01,45.900000000000006,60.029999999999994,2.34,58.5,4.130000000000001,33.55
2017-03-02,45.36,62.099999999999994,1.65,55.25,3.5700000000000003,37.21
2017-03-03,46.440000000000005,53.81999999999999,1.7999999999999998,53.95,3.7100000000000004,37.21
2017-03-04,51.84,38.64,0.48,46.15,1.9600000000000002,46.97
2017-03-05,57.99999999999999,44.099999999999994,0.84,55.760000000000005,2.16,51.24
2017-03-06,52.779999999999994,70.0,1.17,59.160000000000004,3.84,37.82
2017-03-07,49.3,62.99999999999999,1.08,61.88,4.48,36.6
2017-03-08,52.779999999999994,65.1,2.1,61.2,5.04,35.99
2017-03-09,51.62,62.3,3.0,55.760000000000005,6.24,37.82
2017-03-10,51.62,52.5,2.28,53.040000000000006,6.72,39.65
2017-03-11,57.99999999999999,36.4,0.36,57.800000000000004,2.16,48.8
2017-03-12,53.760000000000005,36.0,1.4500000000000002,48.19,1.92,49.8
2017-03-13,53.2,48.6,4.3500000000000005,58.56,5.04,39.0
2017-03-14,49.28,46.199999999999996,4.55,56.73,8.0,36.0
2017-03-15,49.28,48.6,3.8000000000000003,47.58,4.8,36.0
2017-03-16,50.400000000000006,43.199999999999996,4.3500000000000005,52.46,5.2,34.8
2017-03-17,48.720000000000006,42.0,2.45,45.75,4.72,39.6
2017-03-18,53.760000000000005,31.2,1.1,34.16,2.08,47.4
2017-03-19,51.52,42.25,0.24,46.08,3.08,53.6
2017-03-20,52.080000000000005,55.9,2.92,54.4,3.7800000000000002,40.870000000000005
2017-03-21,50.400000000000006,59.15,2.64,50.56,3.43,42.88
2017-03-22,48.720000000000006,55.9,2.8000000000000003,54.4,5.6000000000000005,44.89
2017-03-23,48.720000000000006,56.550000000000004,2.44,64.0,4.41,52.93
2017-03-24,48.160000000000004,52.0,1.6,56.32,3.7100000000000004,56.95
2017-03-25,53.2,31.200000000000003,0.88,45.44,1.2600000000000002,64.32000000000001
2017-03-26,53.58,42.160000000000004,0.88,50.56,1.8200000000000003,67.0
2017-03-27,51.3,62.56,2.2800000000000002,53.120000000000005,3.5700000000000003,46.230000000000004
2017-03-28,51.87,59.160000000000004,2.4,50.56,4.62,44.220000000000006
2017-03-29,49.589999999999996,57.800000000000004,2.52,53.120000000000005,4.48,42.88
2017-03-30,47.309999999999995,56.440000000000005,2.0,50.56,4.9,44.89
2017-03-31,51.3,51.00000000000001,1.84,50.56,4.340000000000001,46.900000000000006
2017-04-01,51.3,39.440000000000005,0.68,44.800000000000004,2.5900000000000003,62.31
2017-04-02,49.28,40.32,0.52,48.36,2.0,57.66
2017-04-03,45.36000000000001,62.08,2.52,50.839999999999996,6.16,41.54
2017-04-04,43.120000000000005,62.72,2.96,59.519999999999996,6.08,39.68
2017-04-05,43.68000000000001,58.24,3.36,52.08,5.6000000000000005,38.44
2017-04-06,43.68000000000001,56.96,2.96,45.88,6.5600000000000005,42.16
2017-04-07,45.36000000000001,50.56,4.0,47.74,8.0,45.88
2017-04-08,56.00000000000001,35.2,1.52,45.88,3.7600000000000002,56.42
2017-04-09,55.67999999999999,42.9,0.72,63.19,2.24,58.74
2017-04-10,49.879999999999995,58.080000000000005,1.77,63.9,4.83,48.84
2017-04-11,47.559999999999995,62.040000000000006,2.46,61.059999999999995,5.6000000000000005,47.52
2017-04-12,46.4,62.7,2.04,62.48,6.0200000000000005,44.22
2017-04-13,45.239999999999995,58.74,2.4299999999999997,63.19,3.2900000000000005,44.22
2017-04-14,49.3,56.1,0.75,56.089999999999996,2.3800000000000003,50.82
2017-04-15,54.519999999999996,37.620000000000005,1.17,55.379999999999995,1.8900000000000001,54.78
2017-04-16,45.36000000000001,44.89,0.56,58.8,1.05,60.0
2017-04-17,46.480000000000004,62.980000000000004,1.6,63.699999999999996,4.62,37.8
2017-04-18,45.36000000000001,64.32000000000001,1.76,53.199999999999996,3.7100000000000004,34.8
2017-04-19,44.24,65.66000000000001,3.12,63.699999999999996,4.760000000000001,36.6
2017-04-20,46.480000000000004,67.0,2.48,60.199999999999996,4.550000000000001,40.199999999999996
2017-04-21,45.92,57.620000000000005,2.68,70.0,4.62,41.4
2017-04-22,50.96000000000001,36.85,1.52,51.8,1.7500000000000002,52.199999999999996
2017-04-23,51.3,44.89,0.68,62.980000000000004,2.7300000000000004,53.68
2017-04-24,48.449999999999996,65.66000000000001,2.0,60.970000000000006,4.48,40.26
2017-04-25,46.169999999999995,65.66000000000001,1.8800000000000001,56.28,5.53,36.6
2017-04-26,45.599999999999994,60.300000000000004,2.52,58.96,4.2700000000000005,37.82
2017-04-27,46.739999999999995,62.31,1.92,57.620000000000005,4.48,43.31
2017-04-28,44.459999999999994,54.940000000000005,2.52,54.940000000000005,4.83,38.43
2017-04-29,50.73,36.85,0.28,48.24,2.3800000000000003,51.85
2017-04-30,47.85,44.22,1.6500000000000001,45.75,2.48,50.15
2017-05-01,47.300000000000004,61.38,3.35,61.0,5.12,39.53
2017-05-02,46.75000000000001,60.06,3.25,45.75,5.36,38.35
2017-05-03,47.85,66.0,2.45,39.65,6.88,35.989999999999995
2017-05-04,47.300000000000004,61.38,4.0,51.85,6.88,38.35
2017-05-05,48.400000000000006,50.82,3.5500000000000003,40.87,7.2,41.3
2017-05-06,53.35,33.0,0.8500000000000001,36.6,3.44,49.559999999999995
2017-05-07,50.96000000000001,37.21,0.48,55.51,2.1,54.29
2017-05-08,53.2,53.07,2.6,47.58,5.32,42.699999999999996
2017-05-09,48.720000000000006,51.85,2.2800000000000002,40.26,5.53,39.04
2017-05-10,49.28,51.24,2.96,51.85,7.000000000000001,37.21
2017-05-11,49.84,46.97,2.16,60.39,4.69,39.04
2017-05-12,47.040000000000006,39.65,2.32,41.48,5.180000000000001,42.089999999999996
2017-05-13,52.080000000000005,29.89,0.48,31.72,1.7500000000000002,53.68
2017-05-14,49.68000000000001,28.080000000000002,0.54,34.8,1.38,57.99999999999999
2017-05-15,48.6,41.580000000000005,1.14,48.0,4.8,37.699999999999996
2017-05-16,49.14,41.580000000000005,1.6199999999999999,45.6,3.96,35.379999999999995
2017-05-17,45.36,44.28,1.23,49.199999999999996,3.84,35.379999999999995
2017-05-18,45.36,39.42,1.8299999999999998,45.6,3.5999999999999996,37.699999999999996
2017-05-19,46.440000000000005,39.42,1.2,58.8,4.4399999999999995,37.699999999999996
2017-05-20,52.92,25.92,0.27,43.199999999999996,1.38,45.239999999999995
2017-05-21,53.2,23.97,1.0,53.76,2.0300000000000002,51.6
2017-05-22,48.160000000000004,35.7,2.52,62.72,5.95,39.6
2017-05-23,47.6,35.19,2.68,46.72,4.9,35.4
2017-05-24,47.040000000000006,34.17,2.2800000000000002,41.6,5.11,39.0
2017-05-25,50.400000000000006,32.64,4.0,55.04,6.0200000000000005,41.4
2017-05-26,52.080000000000005,32.64,2.68,44.800000000000004,4.83,39.6
2017-05-27,56.00000000000001,24.990000000000002,0.76,48.64,2.1,52.199999999999996
2017-05-28,51.87,22.080000000000002,0.69,37.8,1.56,54.0
2017-05-29,55.28999999999999,23.92,0.36,44.73,2.04,54.0
2017-05-30,50.16,29.900000000000002,2.13,58.59,4.62,40.8
2017-05-31,51.3,29.900000000000002,2.01,44.1,4.08,37.8
2017-06-01,49.589999999999996,40.480000000000004,1.65,42.84,3.3,39.0
2017-06-02,48.449999999999996,37.260000000000005,1.41,35.910000000000004,4.2,38.4
2017-06-03,56.99999999999999,29.44,0.51,38.43,1.38,52.199999999999996
2017-06-04,56.839999999999996,33.81,1.04,42.24,1.54,47.300000000000004
2017-06-05,50.459999999999994,41.65,2.04,44.800000000000004,4.340000000000001,37.95
2017-06-06,49.879999999999995,47.53,2.2,55.68,4.550000000000001,33.550000000000004
2017-06-07,52.199999999999996,45.08,3.08,42.88,4.83,34.650000000000006
2017-06-08,51.04,44.1,2.08,42.88,4.48,33.550000000000004
2017-06-09,50.459999999999994,35.769999999999996,2.64,43.52,4.2700000000000005,37.95
2017-06-10,54.519999999999996,31.849999999999998,1.16,35.2,1.4000000000000001,44.550000000000004
2017-06-11,53.36,35.28,0.6,38.190000000000005,2.0300000000000002,58.41
2017-06-12,52.779999999999994,48.019999999999996,1.68,48.24,5.53,41.3
2017-06-13,47.559999999999995,44.1,2.2800000000000002,65.66000000000001,4.48,38.35
2017-06-14,49.879999999999995,42.14,2.88,42.88,5.6000000000000005,38.35
2017-06-15,50.459999999999994,37.73,3.0,52.260000000000005,5.180000000000001,44.25
2017-06-16,52.779999999999994,37.24,2.7600000000000002,42.21,3.0100000000000002,42.48
2017-06-17,56.839999999999996,30.38,0.68,49.580000000000005,1.54,51.33
2017-06-18,51.919999999999995,28.419999999999998,0.56,53.28,2.08,59.0
2017-06-19,53.099999999999994,49.0,3.2,56.16,4.48,37.169999999999995
2017-06-20,53.69,44.589999999999996,2.8000000000000003,69.84,8.0,39.53
2017-06-21,55.459999999999994,42.14,4.0,59.04,7.92,37.76
2017-06-22,51.919999999999995,43.61,2.2,64.08,6.5600000000000005,42.48
2017-06-23,51.33,40.18,2.2,48.239999999999995,4.72,43.07
2017-06-24,56.64,28.419999999999998,0.88,51.839999999999996,2.48,54.279999999999994
2017-06-25,56.64,30.08,0.44,67.0,1.8900000000000001,48.13999999999999
2017-06-26,54.279999999999994,43.239999999999995,1.52,52.93,4.550000000000001,40.599999999999994
2017-06-27,52.51,39.949999999999996,3.8000000000000003,53.6,5.040000000000001,35.96
2017-06-28,52.51,43.239999999999995,2.8000000000000003,45.56,4.760000000000001,34.22
2017-06-29,52.51,37.129999999999995,2.84,50.92,4.2700000000000005,41.76
2017-06-30,51.919999999999995,31.959999999999997,2.16,44.220000000000006,4.41,41.76
2017-07-01,56.05,28.669999999999998,2.08,57.620000000000005,3.1500000000000004,49.879999999999995
2017-07-02,53.36,27.72,0.63,45.54,1.12,61.44
2017-07-03,55.099999999999994,32.56,2.1,61.41,3.8500000000000005,48.64
2017-07-04,50.459999999999994,29.04,0.6,42.779999999999994,1.54,56.96
2017-07-05,49.879999999999995,36.52,2.37,69.0,7.000000000000001,41.6
2017-07-06,53.94,40.48,3.0,66.92999999999999,4.760000000000001,45.44
2017-07-07,52.779999999999994,38.72,2.19,52.44,3.7800000000000002,46.72
2017-07-08,57.99999999999999,30.8,1.17,50.37,1.12,57.6
2017-07-09,57.99999999999999,35.25,0.8,44.88,1.7500000000000002,61.1
2017-07-10,53.36,41.83,3.5500000000000003,47.6,6.65,48.1
2017-07-11,51.62,44.65,3.0500000000000003,45.56,5.040000000000001,41.6
2017-07-12,51.62,46.529999999999994,4.7,50.32,6.090000000000001,61.1
2017-07-13,51.04,37.599999999999994,3.95,47.6,4.340000000000001,48.75
2017-07-14,51.62,37.599999999999994,2.95,55.760000000000005,6.090000000000001,45.5
2017-07-15,57.99999999999999,28.669999999999998,0.8,36.720000000000006,3.0100000000000002,56.550000000000004
2017-07-16,57.23,36.0,0.8,42.88,1.68,50.6
2017-07-17,53.69,40.8,3.12,54.940000000000005,3.42,36.300000000000004
2017-07-18,53.69,47.519999999999996,3.56,57.620000000000005,3.54,35.75
2017-07-19,54.279999999999994,40.32,3.4,66.33,4.32,35.2
2017-07-20,54.279999999999994,41.28,3.4,52.260000000000005,4.62,36.85
2017-07-21,55.459999999999994,36.0,3.36,52.260000000000005,3.78,39.050000000000004
2017-07-22,57.23,29.279999999999998,0.64,42.21,0.8999999999999999,46.75000000000001
2017-07-23,51.87,34.5,1.56,47.6,1.33,53.099999999999994
2017-07-24,51.3,44.5,3.08,50.32,5.180000000000001,40.12
2017-07-25,51.3,45.0,3.12,64.60000000000001,6.0200000000000005,39.53
2017-07-26,51.3,43.5,3.08,49.64,3.1500000000000004,37.76
2017-07-27,51.87,50.0,3.64,50.32,2.9400000000000004,41.89
2017-07-28,52.44,42.0,3.72,67.32000000000001,4.970000000000001,45.43
2017-07-29,56.99999999999999,33.5,0.96,51.68000000000001,2.3800000000000003,54.87
2017-07-30,53.01,35.519999999999996,0.72,56.1,1.54,59.0
2017-07-31,52.44,38.4,1.92,56.760000000000005,4.83,38.94
2017-08-01,51.87,36.0,2.4,46.2,6.580000000000001,44.25
2017-08-02,54.15,37.92,2.73,46.86,6.86,42.48
2017-08-03,51.87,36.48,3.0,50.82,5.040000000000001,46.019999999999996
2017-08-04,49.589999999999996,32.64,2.73,51.480000000000004,4.48,44.25
2017-08-05,55.28999999999999,24.48,1.38,36.96,2.7300000000000004,57.82
2017-08-06,54.72,26.68,0.36,32.5,1.5,62.0
2017-08-07,50.73,37.72,2.68,42.9,3.48,49.6
2017-08-08,50.16,34.96,2.2,43.550000000000004,4.4399999999999995,44.64
2017-08-09,49.589999999999996,35.88,3.36,44.85,4.02,46.5
2017-08-10,50.16,33.120000000000005,3.3200000000000003,42.9,3.96,48.98
2017-08-11,50.16,32.660000000000004,2.72,40.300000000000004,3.96,48.36
2017-08-12,55.85999999999999,24.84,1.28,37.050000000000004,1.68,60.14
2017-08-13,51.52,25.38,0.27,37.96,2.28,56.26
2017-08-14,49.28,33.839999999999996,1.41,49.64,3.84,42.919999999999995
2017-08-15,49.84,39.01,1.8599999999999999,48.91,4.74,40.019999999999996
2017-08-16,47.6,40.89,1.65,73.0,4.26,37.699999999999996
2017-08-17,47.6,39.48,2.79,59.86,3.7199999999999998,38.86
2017-08-18,48.720000000000006,33.839999999999996,1.56,47.449999999999996,3.6599999999999997,44.08
2017-08-19,56.00000000000001,23.5,0.69,39.42,1.7999999999999998,53.94
2017-08-20,47.84,25.849999999999998,0.42,37.8,1.0,55.099999999999994
2017-08-21,39.0,32.9,2.28,35.28,3.5,34.22
2017-08-22,45.24,39.949999999999996,2.1,37.17,2.95,40.599999999999994
2017-08-23,43.68,38.54,2.9099999999999997,45.99,3.6,41.18
2017-08-24,42.64,38.54,2.04,43.47,3.45,42.919999999999995
2017-08-25,44.2,34.78,1.53,45.36,3.0500000000000003,44.08
2017-08-26,47.32,22.09,1.2,34.65,2.25,53.94
2017-08-27,44.52,29.150000000000002,1.02,32.24,2.28,49.019999999999996
2017-08-28,45.580000000000005,40.81,2.16,37.82,6.0,40.47
2017-08-29,43.99,49.29,2.37,48.36,4.38,37.62
2017-08-30,45.050000000000004,51.410000000000004,2.28,42.78,4.8,42.74999999999999
2017-08-31,47.17,53.0,2.04,40.3,4.8,44.459999999999994
2017-09-01,48.230000000000004,41.870000000000005,2.2199999999999998,33.48,4.8,43.31999999999999
2017-09-02,51.410000000000004,27.03,0.39,40.92,2.88,51.3
2017-09-03,48.88,27.560000000000002,0.66,30.78,1.2000000000000002,56.99999999999999
2017-09-04,50.440000000000005,30.16,0.5,35.64,1.3,52.44
2017-09-05,44.2,40.56,0.44,38.34,3.4000000000000004,35.91
2017-09-06,42.64,44.72,1.04,33.480000000000004,3.0,34.769999999999996
2017-09-07,44.72,43.160000000000004,1.2,35.64,4.55,37.62
2017-09-08,41.08,37.44,0.76,38.88,2.3000000000000003,36.48
2017-09-09,47.32,25.48,0.52,35.1,2.35,44.459999999999994
2017-09-10,43.68,36.58,0.18,43.56,1.0,41.040000000000006
2017-09-11,42.120000000000005,55.8,1.65,49.5,2.3000000000000003,33.480000000000004
2017-09-12,43.160000000000004,55.18,2.13,50.82,5.0,37.260000000000005
2017-09-13,45.24,62.0,1.6199999999999999,66.0,4.15,37.800000000000004
2017-09-14,46.28,60.76,1.14,49.5,3.4000000000000004,38.34
2017-09-15,44.72,58.28,1.3499999999999999,55.440000000000005,1.35,38.34
2017-09-16,50.96,33.48,0.0,47.52,1.7000000000000002,48.6
2017-09-17,48.230000000000004,35.910000000000004,0.24,52.29,2.0500000000000003,53.099999999999994
2017-09-18,46.64,61.11,1.76,51.03,4.3,37.76
2017-09-19,44.52,54.18,2.6,54.81,3.6500000000000004,38.35
2017-09-20,45.580000000000005,58.59,2.2,46.62,2.45,37.169999999999995
2017-09-21,45.050000000000004,61.74,2.2,44.73,3.3000000000000003,39.53
2017-09-22,45.580000000000005,47.88,3.4,44.73,4.15,44.839999999999996
2017-09-23,52.470000000000006,38.43,0.52,41.58,2.3000000000000003,51.919999999999995
2017-09-24,49.29,43.47,1.3,39.65,1.2,50.459999999999994
2017-09-25,46.64,60.480000000000004,3.0,47.58,5.819999999999999,43.5
2017-09-26,45.050000000000004,54.18,4.05,47.58,5.1,39.44
2017-09-27,45.050000000000004,61.11,3.3000000000000003,43.92,5.04,41.76
2017-09-28,47.7,58.59,5.0,51.85,5.76,41.76
2017-09-29,46.11,54.81,2.5500000000000003,46.97,2.6399999999999997,42.339999999999996
2017-09-30,53.0,40.95,1.35,40.26,1.92,48.72
2017-10-01,46.92,37.8,1.8800000000000001,61.38,2.52,34.199999999999996
2017-10-02,43.35,50.4,2.92,54.56,4.32,26.22
2017-10-03,41.82,55.8,2.96,55.18,4.68,26.79
2017-10-04,43.86,60.0,2.68,47.74,4.4399999999999995,28.499999999999996
2017-10-05,44.37,54.6,4.0,51.46,4.38,29.069999999999997
2017-10-06,44.37,48.0,3.24,45.88,4.08,30.209999999999997
2017-10-07,50.49,37.199999999999996,1.32,37.82,1.38,35.339999999999996
2017-10-08,49.82,38.4,0.84,44.25,2.1,39.04
2017-10-09,48.230000000000004,50.4,1.98,47.79,4.05,29.89
2017-10-10,46.11,55.199999999999996,2.61,44.25,3.8000000000000003,32.94
2017-10-11,45.580000000000005,55.8,2.25,43.66,3.5,30.5
2017-10-12,46.11,55.199999999999996,2.58,42.48,3.45,32.94
2017-10-13,47.7,48.6,2.07,50.15,4.1000000000000005,35.38
2017-10-14,53.0,37.199999999999996,0.57,40.71,1.6,40.87
2017-10-15,51.150000000000006,40.3,0.96,57.120000000000005,1.5,44.8
2017-10-16,53.900000000000006,53.32,1.77,63.92,2.75,34.3
2017-10-17,51.7,61.38,2.61,57.800000000000004,3.8000000000000003,35.0
2017-10-18,50.050000000000004,57.66,2.73,46.92,4.2,33.599999999999994
2017-10-19,51.7,59.519999999999996,2.55,53.720000000000006,3.95,35.699999999999996
2017-10-20,48.400000000000006,50.839999999999996,2.46,63.92,3.7,70.0
2017-10-21,55.00000000000001,35.339999999999996,0.87,57.120000000000005,1.35,63.699999999999996
2017-10-22,52.38,41.6,0.42,68.6,1.4000000000000001,49.14
2017-10-23,47.52,59.52,1.29,64.39999999999999,5.0,35.28
2017-10-24,48.06,62.72,1.74,70.0,5.0,34.02
2017-10-25,47.52,58.88,2.58,63.699999999999996,3.75,30.87
2017-10-26,48.6,60.160000000000004,1.2,65.1,3.85,34.02
2017-10-27,48.6,54.4,2.34,58.8,3.45,34.02
2017-10-28,51.84,33.92,0.99,42.0,1.9000000000000001,37.8
2017-10-29,47.84,44.2,0.99,59.15,1.92,40.26
2017-10-30,44.2,62.400000000000006,1.26,57.2,3.3,30.5
2017-10-31,43.68,59.15,2.4,52.65,5.279999999999999,29.28
2017-11-01,42.64,57.85,1.89,44.2,3.7199999999999998,25.009999999999998
2017-11-02,43.160000000000004,61.1,1.23,50.7,3.5999999999999996,26.84
2017-11-03,44.72,55.25,1.77,34.45,3.84,28.06
2017-11-04,51.480000000000004,37.050000000000004,0.51,42.25,1.92,35.99
2017-11-05,50.6,35.28,0.9500000000000001,45.36,1.56,41.4
2017-11-06,47.85,61.74,4.7,50.4,5.1,29.669999999999998
2017-11-07,47.85,59.22,5.0,72.0,6.0,33.12
2017-11-08,47.85,56.07,3.25,58.32,5.16,31.049999999999997
2017-11-09,48.400000000000006,56.7,4.4,55.44,3.9,32.43
2017-11-10,49.50000000000001,45.99,3.3000000000000003,42.48,4.38,35.19
2017-11-11,55.00000000000001,35.910000000000004,1.1500000000000001,41.76,2.46,43.47
2017-11-12,54.15,40.95,1.04,50.82,2.1700000000000004,49.58
2017-11-13,50.73,60.45,3.0,49.5,4.760000000000001,37.0
2017-11-14,50.73,65.0,3.24,40.92,4.48,34.78
2017-11-15,50.73,61.75,2.92,43.56,6.23,35.519999999999996
2017-11-16,50.73,57.2,2.52,43.56,4.760000000000001,39.96
2017-11-17,51.87,55.25,2.6,53.46,4.48,43.66
2017-11-18,56.99999999999999,36.4,1.16,35.64,3.08,48.839999999999996
2017-11-19,53.900000000000006,28.2,0.6,22.790000000000003,1.75,64.6
2017-11-20,50.6,37.129999999999995,1.17,42.93,4.7,55.099999999999994
2017-11-21,48.95,35.25,1.71,36.04,3.6,54.15
2017-11-22,52.800000000000004,29.61,1.7999999999999998,27.560000000000002,3.1,62.699999999999996
2017-11-23,49.50000000000001,18.33,1.02,32.86,1.7000000000000002,95.0
2017-11-24,48.400000000000006,20.209999999999997,1.23,29.68,2.3000000000000003,64.6
2017-11-25,52.25000000000001,22.09,0.57,24.91,1.8,63.65
2017-11-26,49.68000000000001,34.769999999999996,0.48,39.68,1.35,46.23
2017-11-27,45.36,46.36,1.98,48.64,3.4000000000000004,37.26
2017-11-28,45.900000000000006,52.46,1.26,56.96,3.25,32.43
2017-11-29,45.900000000000006,54.9,2.01,40.96,3.0500000000000003,31.049999999999997
2017-11-30,46.440000000000005,51.85,2.37,45.44,3.45,31.049999999999997
2017-12-01,41.040000000000006,50.629999999999995,1.77,45.44,3.4000000000000004,42.779999999999994
2017-12-02,48.6,35.99,0.24,40.32,2.1,51.74999999999999
2017-12-03,46.980000000000004,41.54,0.72,53.29,1.4000000000000001,53.720000000000006
2017-12-04,43.2,62.0,2.31,59.129999999999995,3.5,42.160000000000004
2017-12-05,42.660000000000004,61.38,2.4899999999999998,62.05,4.1000000000000005,39.440000000000005
2017-12-06,41.580000000000005,58.9,1.74,73.0,5.0,38.760000000000005
2017-12-07,41.580000000000005,60.76,1.95,53.29,4.55,42.84
2017-12-08,41.580000000000005,48.98,1.8599999999999999,59.129999999999995,3.0500000000000003,43.52
2017-12-09,46.980000000000004,37.2,0.75,42.339999999999996,1.7000000000000002,53.720000000000006
2017-12-10,44.82,37.169999999999995,0.24,39.69,2.3000000000000003,55.88999999999999
2017-12-11,43.74,58.41,1.92,49.14,4.75,44.16
2017-12-12,42.660000000000004,53.69,2.2199999999999998,47.88,3.7,42.779999999999994
2017-12-13,43.2,54.87,1.44,39.06,4.0,40.709999999999994
2017-12-14,42.660000000000004,53.099999999999994,1.65,40.95,3.5,43.47
2017-12-15,43.74,47.199999999999996,1.92,45.36,4.2,44.849999999999994
2017-12-16,48.6,29.5,0.63,39.06,1.35,57.959999999999994
2017-12-17,50.73,25.650000000000002,0.32,29.700000000000003,0.84,62.16
2017-12-18,45.599999999999994,32.85,1.34,35.64,1.96,50.32
2017-12-19,46.169999999999995,31.5,1.2,41.580000000000005,2.16,47.36
2017-12-20,46.169999999999995,32.4,1.44,37.260000000000005,2.08,45.88
2017-12-21,47.879999999999995,27.45,1.36,36.18,3.48,50.32
2017-12-22,47.879999999999995,22.05,1.02,32.400000000000006,2.56,52.54
2017-12-23,50.73,19.8,0.34,27.540000000000003,1.12,59.94
2017-12-24,47.58,12.540000000000001,0.54,29.150000000000002,1.05,73.60000000000001
2017-12-25,40.87,12.21,0.72,28.62,1.1,80.0
2017-12-26,54.29,14.520000000000001,2.73,29.150000000000002,3.6,56.800000000000004
2017-12-27,59.78,16.830000000000002,2.67,35.510000000000005,3.6,57.6
2017-12-28,61.0,17.16,3.0,32.86,3.6500000000000004,54.400000000000006
2017-12-29,61.0,15.84,2.67,30.21,3.75,54.400000000000006
2017-12-30,61.0,15.180000000000001,0.99,33.39,1.6500000000000001,60.0
2017-12-31,54.81,17.22,0.24,28.499999999999996,1.6500000000000001,52.65
2018-01-01,47.88,13.94,0.8099999999999999,27.36,1.4500000000000002,65.0
2018-01-02,57.33,19.68,2.2199999999999998,42.18,2.95,42.9
2018-01-03,56.7,26.24,2.4899999999999998,44.459999999999994,2.95,40.300000000000004
2018-01-04,54.81,24.599999999999998,1.74,43.31999999999999,3.5,42.9
2018-01-05,56.07,24.599999999999998,1.53,44.459999999999994,3.0500000000000003,41.6
2018-01-06,63.0,17.22,0.63,42.74999999999999,1.4000000000000001,52.65
2018-01-07,57.949999999999996,24.3,0.65,46.86,1.05,48.13999999999999
2018-01-08,51.24,39.42,3.5,56.8,4.69,33.64
2018-01-09,49.41,39.42,2.3000000000000003,62.48,4.41,33.64
2018-01-10,54.29,41.040000000000006,2.6,71.0,6.0200000000000005,35.96
2018-01-11,51.24,42.120000000000005,5.0,64.61,7.000000000000001,36.54
2018-01-12,48.8,39.42,3.85,58.22,5.95,37.699999999999996
2018-01-13,53.68,24.3,1.1500000000000001,64.61,2.5900000000000003,44.08
2018-01-14,50.15,25.380000000000003,1.4000000000000001,55.18,1.55,49.879999999999995
2018-01-15,51.33,32.400000000000006,2.2,48.98,2.3000000000000003,38.279999999999994
2018-01-16,46.61,39.96,3.5,44.02,4.4,33.059999999999995
2018-01-17,44.25,39.96,3.1500000000000004,48.36,3.6500000000000004,32.48
2018-01-18,46.019999999999996,44.28,3.0,50.839999999999996,3.2,35.379999999999995
2018-01-19,48.379999999999995,42.120000000000005,2.15,50.839999999999996,2.85,34.22
2018-01-20,55.459999999999994,29.160000000000004,1.7000000000000002,44.64,1.4500000000000002,44.66
2018-01-21,51.0,35.910000000000004,0.4,54.400000000000006,1.92,48.379999999999995
2018-01-22,48.0,56.7,1.44,58.480000000000004,3.54,36.58
2018-01-23,48.6,57.33,2.08,57.120000000000005,3.84,34.22
2018-01-24,47.4,59.22,3.24,66.64,4.92,33.629999999999995
2018-01-25,48.0,54.81,2.8000000000000003,60.52,4.92,35.4
2018-01-26,48.0,52.92,2.6,57.800000000000004,3.84,36.58
2018-01-27,57.0,35.910000000000004,0.84,53.720000000000006,2.4,47.79
2018-01-28,51.919999999999995,37.76,0.48,51.660000000000004,2.3800000000000003,45.36
2018-01-29,47.199999999999996,60.160000000000004,1.6199999999999999,53.55,4.69,31.860000000000003
2018-01-30,46.019999999999996,64.0,1.8599999999999999,56.7,5.32,32.400000000000006
2018-01-31,45.43,60.160000000000004,1.68,52.92,5.53,31.860000000000003
2018-02-01,50.15,58.88,1.44,51.660000000000004,5.670000000000001,37.800000000000004
2018-02-02,50.15,54.4,2.31,45.36,5.670000000000001,40.5
2018-02-03,59.0,39.68,0.63,53.55,3.99,48.6
2018-02-04,53.69,37.12,0.56,56.24,2.0300000000000002,50.16
2018-02-05,46.019999999999996,55.04,3.44,74.0,7.000000000000001,35.91
2018-02-06,50.739999999999995,61.44,4.0,60.68,7.000000000000001,41.04
2018-02-07,48.379999999999995,60.160000000000004,3.52,62.9,6.23,38.76
2018-02-08,51.33,62.08,3.4,74.0,5.250000000000001,39.9
2018-02-09,50.15,51.84,2.16,71.78,6.23,42.74999999999999
2018-02-10,54.279999999999994,35.2,0.84,62.9,2.9400000000000004,51.87
2018-02-11,52.779999999999994,46.08,1.47,55.440000000000005,1.92,54.15
2018-02-12,51.04,56.32,2.55,62.7,4.26,42.74999999999999
2018-02-13,49.3,64.0,2.04,52.14,5.16,39.9
2018-02-14,46.4,56.32,1.17,56.1,4.8,40.47
2018-02-15,46.98,53.120000000000005,1.6199999999999999,44.88,4.62,39.33
2018-02-16,49.879999999999995,49.28,1.95,56.1,4.02,42.18
2018-02-17,54.519999999999996,36.480000000000004,0.63,44.88,1.92,53.58
2018-02-18,53.94,37.82,1.17,44.73,1.25,57.82
2018-02-19,52.199999999999996,51.46,1.02,52.92,2.4000000000000004,46.019999999999996
2018-02-20,47.559999999999995,55.8,1.71,43.47,3.75,43.66
2018-02-21,46.4,53.32,1.41,44.73,2.95,39.53
2018-02-22,47.559999999999995,57.04,1.8599999999999999,54.81,4.2,43.66
2018-02-23,46.98,52.08,1.17,49.77,2.3000000000000003,45.43
2018-02-24,53.36,34.72,0.84,54.18,1.4000000000000001,54.87
2018-02-25,56.05,41.6,0.62,45.6,0.75,59.0
2018-02-26,50.15,63.7,1.0,50.4,2.4000000000000004,44.25
2018-02-27,48.97,65.0,0.8200000000000001,47.4,3.5500000000000003,42.48
2018-02-28,50.15,59.15,1.24,43.199999999999996,3.7,38.94
2018-03-01,49.559999999999995,58.5,1.12,32.4,4.6000000000000005,40.71
2018-03-02,47.79,55.9,0.9400000000000001,26.4,3.5500000000000003,41.89
2018-03-03,57.82,34.45,0.68,24.0,1.25,54.87
2018-03-04,55.459999999999994,42.21,0.39,23.56,1.4500000000000002,53.94
2018-03-05,49.559999999999995,65.66000000000001,1.68,28.52,3.5500000000000003,39.44
2018-03-06,49.559999999999995,65.66000000000001,3.0,44.02,3.75,37.12
2018-03-07,48.379999999999995,63.650000000000006,2.01,34.1,5.0,38.86
2018-03-08,46.019999999999996,67.0,2.28,31.62,4.1000000000000005,40.019999999999996
2018-03-09,48.97,54.940000000000005,1.56,31.62,3.9000000000000004,43.5
2018-03-10,59.0,36.18,0.51,31.62,1.4500000000000002,53.36
2018-03-11,53.69,34.199999999999996,0.26,39.1,1.75,55.459999999999994
2018-03-12,50.739999999999995,49.589999999999996,0.9400000000000001,42.5,2.9000000000000004,41.89
2018-03-13,48.97,48.449999999999996,1.58,85.0,3.1,39.53
2018-03-14,43.66,44.459999999999994,1.1400000000000001,82.45,3.25,39.53
2018-03-15,46.61,45.029999999999994,0.86,51.0,3.0500000000000003,40.71
2018-03-16,49.559999999999995,42.74999999999999,0.88,45.05,2.6500000000000004,44.25
2018-03-17,55.459999999999994,27.36,0.44,52.699999999999996,1.55,53.69
2018-03-18,54.279999999999994,35.99,0.27,24.599999999999998,1.55,60.0
2018-03-19,50.739999999999995,54.9,2.07,34.199999999999996,3.45,40.8
2018-03-20,49.559999999999995,54.9,1.8299999999999998,31.2,4.45,40.199999999999996
2018-03-21,50.739999999999995,50.019999999999996,2.58,31.799999999999997,4.55,38.4
2018-03-22,46.61,54.9,1.77,28.2,4.3,45.6
2018-03-23,48.97,49.41,2.58,31.799999999999997,4.05,43.8
2018-03-24,57.82,34.769999999999996,0.9299999999999999,28.2,1.6500000000000001,57.599999999999994
2018-03-25,54.6,36.58,0.18,33.660000000000004,1.75,62.08
2018-03-26,54.0,53.69,1.7,36.300000000000004,4.0,46.08
2018-03-27,53.4,54.279999999999994,1.48,40.260000000000005,3.8000000000000003,46.08
2018-03-28,52.199999999999996,49.559999999999995,1.04,35.64,4.6000000000000005,44.800000000000004
2018-03-29,51.0,48.97,0.98,36.96,3.75,48.0
2018-03-30,52.8,35.989999999999995,0.56,46.2,2.1,55.04
2018-03-31,57.0,28.32,0.36,33.660000000000004,0.65,62.72
2018-04-01,45.239999999999995,36.96,0.42,42.88,1.4000000000000001,64.0
2018-04-02,46.4,61.38,1.08,44.800000000000004,3.5,36.480000000000004
2018-04-03,45.82,58.74,1.38,48.64,3.5,35.84
2018-04-04,46.98,58.080000000000005,1.56,47.36,2.85,35.84
2018-04-05,46.98,58.74,1.98,53.120000000000005,3.7,35.2
2018-04-06,49.3,50.160000000000004,1.44,48.64,2.85,39.04
2018-04-07,51.62,35.64,0.42,33.28,2.0500000000000003,52.480000000000004
2018-04-08,55.8,40.92,0.63,40.199999999999996,1.6199999999999999,48.13999999999999
2018-04-09,49.8,61.38,1.56,40.199999999999996,2.46,33.059999999999995
2018-04-10,49.199999999999996,59.400000000000006,1.38,40.8,4.02,30.74
2018-04-11,49.199999999999996,59.400000000000006,1.74,46.199999999999996,5.3999999999999995,31.9
2018-04-12,49.8,61.38,1.05,45.0,4.8,33.059999999999995
2018-04-13,48.6,52.14,1.44,41.4,4.08,30.159999999999997
2018-04-14,55.199999999999996,34.980000000000004,0.42,38.4,2.04,41.18
2018-04-15,53.4,40.95,1.6400000000000001,40.71,3.08,45.43
2018-04-16,46.8,59.800000000000004,3.72,39.53,4.48,30.68
2018-04-17,47.4,61.75,1.84,41.89,5.180000000000001,31.86
2018-04-18,48.0,61.1,3.56,42.48,6.23,33.04
2018-04-19,51.0,62.400000000000006,4.0,43.66,5.53,34.809999999999995
2018-04-20,52.199999999999996,55.25,3.8000000000000003,38.94,4.69,33.629999999999995
2018-04-21,60.0,39.0,1.12,38.35,2.87,43.07
2018-04-22,59.519999999999996,42.9,0.84,39.04,3.1799999999999997,45.43
2018-04-23,54.56,59.800000000000004,2.48,40.96,4.2,32.449999999999996
2018-04-24,52.08,65.0,2.96,39.04,6.0,30.68
2018-04-25,49.6,58.5,2.48,40.32,4.38,31.27
2018-04-26,54.56,61.1,3.72,46.72,3.3,33.629999999999995
2018-04-27,52.08,53.95,2.12,37.12,4.68,32.449999999999996
2018-04-28,55.8,39.0,0.28,38.4,2.46,40.12
2018-04-29,57.66,38.4,0.28,74.0,2.04,41.040000000000006
2018-04-30,52.08,62.72,1.3800000000000001,52.54,5.52,28.080000000000002
2018-05-01,52.7,59.52,0.78,68.08,2.52,30.240000000000002
2018-05-02,53.94,56.32,1.3,68.82,2.34,28.62
2018-05-03,52.08,56.32,0.98,74.0,2.28,31.32
2018-05-04,52.7,50.56,0.7000000000000001,59.94,1.7999999999999998,33.480000000000004
2018-05-05,62.0,35.84,0.42,56.98,1.68,40.5
2018-05-06,60.800000000000004,37.17,0.42,48.989999999999995,1.17,46.019999999999996
2018-05-07,58.88,55.44,4.62,63.48,5.3999999999999995,35.4
2018-05-08,59.52,55.44,6.0,69.0,9.0,34.22
2018-05-09,56.96,57.96,5.64,64.86,5.04,34.22
2018-05-10,56.96,63.0,4.5,53.81999999999999,6.12,37.76
2018-05-11,55.68,48.51,2.94,55.88999999999999,4.05,39.53
2018-05-12,62.72,34.02,1.56,40.019999999999996,1.53,48.97
2018-05-13,53.4,29.639999999999997,0.76,47.4,1.61,56.99999999999999
2018-05-14,51.6,47.879999999999995,2.68,42.6,4.62,33.059999999999995
2018-05-15,52.199999999999996,45.599999999999994,2.4,43.8,3.6400000000000006,30.209999999999997
2018-05-16,49.8,45.599999999999994,1.8800000000000001,44.4,4.0600000000000005,34.199999999999996
2018-05-17,52.199999999999996,45.599999999999994,3.48,56.4,3.99,34.199999999999996
2018-05-18,51.6,41.61,1.48,51.0,3.1500000000000004,35.339999999999996
2018-05-19,56.4,22.229999999999997,1.08,33.6,0.9800000000000001,38.76
2018-05-20,60.480000000000004,24.96,0.48,40.92,1.92,46.98
2018-05-21,56.7,39.52,2.84,52.7,4.96,33.64
2018-05-22,54.18,37.44,2.04,46.5,3.92,33.059999999999995
2018-05-23,55.44,37.44,2.2800000000000002,57.66,3.68,33.059999999999995
2018-05-24,56.07,36.92,1.36,44.64,4.4,35.379999999999995
2018-05-25,56.07,32.24,1.96,37.82,4.48,36.54
2018-05-26,63.0,21.84,0.48,43.4,2.64,47.559999999999995
2018-05-27,55.51,23.04,0.48,36.48,1.61,49.8
2018-05-28,55.51,24.96,0.88,38.19,2.3800000000000003,54.6
2018-05-29,54.29,32.64,2.6,39.33,5.74,34.8
2018-05-30,51.85,33.6,2.6,42.74999999999999,3.2900000000000005,36.0
2018-05-31,53.68,34.56,2.2800000000000002,54.72,3.99,37.8
2018-06-01,52.46,41.76,2.8000000000000003,45.029999999999994,5.6000000000000005,42.0
2018-06-02,59.78,32.16,0.0,39.33,2.87,49.199999999999996
2018-06-03,60.0,36.57,0.78,61.11,1.9600000000000002,51.52
2018-06-04,51.6,49.82,2.1,58.59,6.65,36.400000000000006
2018-06-05,49.8,50.35,1.74,57.96,4.340000000000001,35.28
2018-06-06,49.8,47.7,2.07,59.85,4.0600000000000005,34.720000000000006
2018-06-07,49.8,49.29,0.96,56.07,5.32,36.400000000000006
2018-06-08,51.0,40.28,1.7999999999999998,61.11,3.2900000000000005,36.400000000000006
2018-06-09,55.199999999999996,32.86,0.39,38.43,1.4700000000000002,45.92
2018-06-10,57.339999999999996,30.38,0.78,41.4,1.8599999999999999,51.919999999999995
2018-06-11,52.46,47.53,1.8599999999999999,42.6,3.9,40.71
2018-06-12,53.68,49.0,2.4,52.199999999999996,3.3,37.76
2018-06-13,52.46,43.12,0.8999999999999999,44.4,4.38,38.94
2018-06-14,51.24,44.1,1.29,49.8,3.0,39.53
2018-06-15,52.46,36.75,1.53,46.8,3.0,41.3
2018-06-16,56.12,29.4,0.57,48.0,1.6199999999999999,54.279999999999994
2018-06-17,53.4,28.2,0.8,43.199999999999996,1.6199999999999999,56.99999999999999
2018-06-18,50.4,39.949999999999996,2.56,52.199999999999996,2.82,35.91
2018-06-19,48.6,40.89,2.12,49.199999999999996,3.06,34.769999999999996
2018-06-20,51.0,44.18,3.48,58.199999999999996,3.0,34.769999999999996
2018-06-21,49.199999999999996,41.36,1.96,44.4,3.0,38.19
2018-06-22,54.6,38.54,2.0,57.599999999999994,6.0,39.9
2018-06-23,57.599999999999994,29.61,1.76,48.0,3.06,51.87
2018-06-24,59.22,33.5,1.04,46.97,2.5200000000000005,50.96000000000001
2018-06-25,57.33,46.5,2.36,61.0,4.62,38.080000000000005
2018-06-26,55.44,44.0,2.16,44.53,4.2700000000000005,34.720000000000006
2018-06-27,54.18,43.0,3.88,47.58,6.44,36.400000000000006
2018-06-28,56.7,46.0,4.0,57.339999999999996,6.720000000000001,37.52
2018-06-29,55.44,39.5,1.56,54.9,5.74,38.080000000000005
2018-06-30,61.74,33.0,0.76,43.31,2.5200000000000005,47.6
2018-07-01,58.28,31.5,0.39,36.58,2.9000000000000004,54.56
2018-07-02,54.56,40.050000000000004,2.2199999999999998,41.54,2.6500000000000004,40.92
2018-07-03,55.18,38.25,2.28,41.54,3.2,40.3
2018-07-04,53.32,33.75,1.41,35.339999999999996,1.7000000000000002,54.56
2018-07-05,51.46,36.45,2.37,47.74,5.0,44.02
2018-07-06,55.8,32.85,2.73,39.06,3.5500000000000003,45.26
2018-07-07,58.9,30.150000000000002,0.39,46.5,1.55,58.28
2018-07-08,62.08,37.129999999999995,1.32,42.88,1.05,55.099999999999994
2018-07-09,56.96,42.3,2.44,54.940000000000005,2.9000000000000004,38.279999999999994
2018-07-10,55.68,40.419999999999995,2.64,67.0,3.6,37.699999999999996
2018-07-11,57.6,42.769999999999996,2.16,44.220000000000006,4.65,37.699999999999996
2018-07-12,56.96,41.83,3.04,44.89,4.5,40.019999999999996
2018-07-13,55.04,38.54,2.36,49.580000000000005,2.9000000000000004,40.599999999999994
2018-07-14,64.0,34.78,1.32,40.2,1.55,49.879999999999995
2018-07-15,57.96,33.37,0.18,45.44,1.2000000000000002,51.87
2018-07-16,56.7,47.0,1.71,58.22,3.6500000000000004,37.62
2018-07-17,55.44,40.89,2.2199999999999998,50.41,3.25,36.48
2018-07-18,54.18,42.769999999999996,0.36,61.059999999999995,4.3500000000000005,35.91
2018-07-19,54.81,39.949999999999996,2.61,50.41,3.1,38.19
2018-07-20,54.18,37.599999999999994,1.05,60.349999999999994,3.75,38.19
2018-07-21,59.22,30.549999999999997,0.0,45.44,1.4000000000000001,52.44
2018-07-22,57.04,29.61,0.8,59.64,1.55,57.99999999999999
2018-07-23,56.42,42.3,3.44,54.669999999999995,4.1000000000000005,37.699999999999996
2018-07-24,52.7,41.36,1.36,55.379999999999995,2.6500000000000004,39.44
2018-07-25,52.08,39.48,2.92,49.699999999999996,3.3000000000000003,34.8
2018-07-26,52.7,38.54,3.0,53.25,3.3000000000000003,40.019999999999996
2018-07-27,53.94,37.599999999999994,4.0,53.25,1.7000000000000002,40.019999999999996
2018-07-28,59.519999999999996,30.549999999999997,0.52,44.019999999999996,1.3,48.72
2018-07-29,58.28,30.82,0.42,33.660000000000004,1.35,51.87
2018-07-30,53.32,43.24,1.36,50.160000000000004,2.6,39.33
2018-07-31,53.32,41.4,1.34,44.88,2.85,33.059999999999995
2018-08-01,53.32,34.96,1.82,35.64,3.1500000000000004,36.48
2018-08-02,53.94,36.34,1.54,40.260000000000005,3.75,37.05
2018-08-03,53.94,32.2,1.16,36.300000000000004,2.45,39.9
2018-08-04,60.14,26.220000000000002,0.34,38.940000000000005,1.4000000000000001,50.16
2018-08-05,58.56,27.84,0.68,41.6,1.5,60.0
2018-08-06,54.29,41.28,3.2800000000000002,49.6,2.0,43.199999999999996
2018-08-07,51.85,38.879999999999995,3.24,59.2,4.2,44.4
2018-08-08,52.46,42.239999999999995,3.08,80.0,3.2,39.0
2018-08-09,53.68,38.879999999999995,2.2800000000000002,51.2,3.25,40.8
2018-08-10,51.24,35.519999999999996,1.28,45.6,2.75,42.0
2018-08-11,61.0,27.36,1.32,35.2,1.6500000000000001,59.4
2018-08-12,58.9,26.32,0.75,31.85,1.26,57.82
2018-08-13,53.94,36.66,1.92,40.95,2.94,41.3
2018-08-14,53.32,43.239999999999995,2.46,44.85,3.54,40.12
2018-08-15,54.56,41.83,1.8299999999999998,40.95,3.5999999999999996,39.53
2018-08-16,53.32,39.01,1.65,37.7,4.32,37.76
2018-08-17,54.56,38.07,1.5,37.7,3.0,41.3
2018-08-18,60.14,27.259999999999998,0.8999999999999999,39.0,5.04,50.739999999999995
2018-08-19,60.39,33.660000000000004,0.63,36.4,3.7199999999999998,53.760000000000005
2018-08-20,53.07,42.33,2.4,39.65,3.7199999999999998,37.52
2018-08-21,52.46,46.92,2.2199999999999998,34.45,6.0,38.64
2018-08-22,51.85,45.9,3.0,45.5,4.32,34.160000000000004
2018-08-23,53.07,45.9,1.53,36.4,4.38,38.080000000000005
2018-08-24,51.85,42.33,2.85,35.1,3.2399999999999998,42.56
2018-08-25,59.78,30.6,0.51,29.900000000000002,1.7999999999999998,47.6
2018-08-26,55.459999999999994,35.84,0.51,36.92,1.2,51.62
2018-08-27,49.559999999999995,56.00000000000001,2.2199999999999998,47.57,2.24,38.279999999999994
2018-08-28,49.559999999999995,54.88,2.4,45.44,2.6,36.54
2018-08-29,48.97,53.2,1.56,36.92,2.56,38.86
2018-08-30,48.379999999999995,56.00000000000001,1.47,45.44,2.56,40.019999999999996
2018-08-31,49.559999999999995,50.400000000000006,1.71,53.25,1.52,46.98
2018-09-01,57.82,28.000000000000004,0.78,36.92,0.96,53.36
2018-09-02,55.28999999999999,29.680000000000003,0.44999999999999996,36.92,1.9000000000000001,59.0
2018-09-03,55.85999999999999,33.6,0.54,35.5,2.9000000000000004,56.64
2018-09-04,49.019999999999996,43.120000000000005,2.76,39.05,4.3,38.35
2018-09-05,49.019999999999996,49.84,1.65,38.339999999999996,3.85,36.58
2018-09-06,48.449999999999996,50.400000000000006,1.6199999999999999,36.92,4.6000000000000005,38.94
2018-09-07,47.879999999999995,45.36000000000001,1.56,42.599999999999994,3.5,40.71
2018-09-08,54.72,31.92,0.96,34.79,2.25,48.97
2018-09-09,52.44,36.54,0.42,27.9,1.55,50.96000000000001
2018-09-10,49.589999999999996,53.94,1.17,29.14,3.45,36.96
2018-09-11,47.309999999999995,49.3,1.53,28.52,4.0,37.52
2018-09-12,47.309999999999995,50.459999999999994,1.08,31.0,4.8500000000000005,35.84
2018-09-13,48.449999999999996,52.779999999999994,1.29,29.759999999999998,4.45,39.2
2018-09-14,49.019999999999996,44.08,1.3199999999999998,33.48,4.75,36.96
2018-09-15,55.28999999999999,30.74,0.99,25.419999999999998,1.2000000000000002,48.720000000000006
2018-09-16,52.44,36.6,0.32999999999999996,36.21,2.0500000000000003,50.400000000000006
2018-09-17,49.019999999999996,56.12,1.3499999999999999,39.76,3.45,37.52
2018-09-18,48.449999999999996,56.12,2.07,36.21,3.8000000000000003,38.080000000000005
2018-09-19,50.73,58.56,2.4,33.37,3.35,39.760000000000005
2018-09-20,50.16,55.51,2.1,36.21,4.0,39.760000000000005
2018-09-21,51.3,45.14,1.98,34.08,4.0,40.88
2018-09-22,56.42999999999999,29.28,1.02,30.529999999999998,2.85,47.6
2018-09-23,53.58,33.48,0.88,49.68,1.68,51.87
2018-09-24,50.73,56.42,1.96,48.760000000000005,4.2,39.33
2018-09-25,49.019999999999996,62.0,4.0,78.2,6.0,39.33
2018-09-26,49.019999999999996,55.8,2.68,61.64,4.859999999999999,38.19
2018-09-27,48.449999999999996,58.28,3.24,92.0,4.26,38.76
2018-09-28,47.879999999999995,46.5,2.88,71.76,4.32,41.04
2018-09-29,56.99999999999999,29.759999999999998,1.52,52.440000000000005,4.08,51.87
2018-09-30,53.58,37.2,0.56,44.08,1.61,50.73
2018-10-01,50.16,57.66,2.2800000000000002,76.0,6.0200000000000005,38.76
2018-10-02,51.87,58.28,2.88,76.0,4.69,38.76
2018-10-03,48.449999999999996,56.42,4.0,66.12,7.000000000000001,37.62
2018-10-04,50.73,53.94,3.2,71.44,7.000000000000001,38.76
2018-10-05,50.73,50.839999999999996,2.2800000000000002,57.0,4.2700000000000005,41.04
2018-10-06,56.42999999999999,29.14,1.04,66.88,2.9400000000000004,54.15
2018-10-07,55.459999999999994,34.22,0.42,55.61000000000001,1.98,59.0
2018-10-08,54.87,53.099999999999994,2.04,62.980000000000004,2.82,47.79
2018-10-09,51.919999999999995,52.51,2.01,55.61000000000001,4.38,40.12
2018-10-10,52.51,52.51,2.4,51.59,4.2,40.12
2018-10-11,51.33,47.199999999999996,1.68,49.580000000000005,4.38,42.48
2018-10-12,53.099999999999994,48.97,2.04,50.92,3.7199999999999998,43.66
2018-10-13,59.0,31.86,0.57,54.27,1.74,53.099999999999994
2018-10-14,57.599999999999994,39.65,0.21,49.28,1.8599999999999999,56.26
2018-10-15,57.0,58.56,1.38,46.08,4.14,41.76
2018-10-16,55.8,54.9,1.68,53.76,4.62,38.86
2018-10-17,54.6,56.12,2.4899999999999998,51.2,4.14,36.54
2018-10-18,55.8,53.68,2.28,43.52,4.26,43.5
2018-10-19,55.8,46.97,2.52,55.04,3.06,43.5
2018-10-20,59.4,33.55,1.08,57.6,1.5,52.199999999999996
2018-10-21,56.64,39.04,0.54,57.959999999999994,1.1,58.8
2018-10-22,54.279999999999994,53.68,1.8299999999999998,60.029999999999994,2.7,43.8
2018-10-23,54.279999999999994,56.12,1.56,52.44,2.9000000000000004,42.6
2018-10-24,50.739999999999995,54.29,1.8599999999999999,51.74999999999999,3.2,42.6
2018-10-25,50.739999999999995,53.68,1.95,51.74999999999999,2.3000000000000003,46.8
2018-10-26,53.69,48.8,1.56,48.3,2.2,47.4
2018-10-27,57.82,30.5,0.21,60.029999999999994,0.6000000000000001,54.0
2018-10-28,53.01,39.04,0.3,48.19,1.55,62.980000000000004
2018-10-29,52.44,61.0,0.86,45.14,3.5500000000000003,51.59
2018-10-30,50.16,56.73,1.48,44.53,3.6,60.970000000000006
2018-10-31,46.169999999999995,56.73,1.1400000000000001,43.92,3.0500000000000003,50.25
2018-11-01,42.18,57.339999999999996,0.52,26.23,2.0,27.470000000000002
2018-11-02,46.169999999999995,50.019999999999996,1.1400000000000001,23.79,2.3000000000000003,27.470000000000002
2018-11-03,52.44,36.6,0.16,31.11,0.9,31.490000000000002
2018-11-04,53.69,34.8,0.32,77.89999999999999,2.3800000000000003,36.85
2018-11-05,49.559999999999995,57.419999999999995,1.68,76.0,3.22,26.130000000000003
2018-11-06,47.79,47.559999999999995,1.36,95.0,3.2900000000000005,25.46
2018-11-07,43.07,46.4,1.48,45.599999999999994,2.5200000000000005,23.450000000000003
2018-11-08,47.79,49.3,1.76,38.949999999999996,3.0100000000000002,28.14
2018-11-09,48.379999999999995,45.82,1.28,43.699999999999996,3.8500000000000005,28.14
2018-11-10,53.69,30.74,0.84,38.0,2.5200000000000005,35.510000000000005
2018-11-11,58.28,32.48,1.05,27.299999999999997,1.26,41.8
2018-11-12,54.56,48.72,3.1,34.3,4.859999999999999,34.96
2018-11-13,55.18,53.36,5.0,38.5,7.199999999999999,31.16
2018-11-14,53.32,53.94,4.4,32.199999999999996,9.0,31.16
2018-11-15,49.6,47.559999999999995,1.9000000000000001,32.9,6.21,34.2
2018-11-16,52.08,42.339999999999996,3.4000000000000004,27.299999999999997,4.14,34.96
2018-11-17,62.0,28.999999999999996,0.8500000000000001,24.5,1.98,44.08
2018-11-18,57.66,24.08,0.4,25.009999999999998,1.6800000000000002,62.0
2018-11-19,55.18,32.68,1.4000000000000001,25.009999999999998,2.87,53.0
2018-11-20,55.18,31.39,3.6,24.4,5.250000000000001,51.0
2018-11-21,57.66,23.22,4.0,23.79,5.11,60.0
2018-11-22,53.94,18.919999999999998,1.05,21.349999999999998,1.8200000000000003,100.0
2018-11-23,51.46,17.2,3.9000000000000004,21.349999999999998,3.3600000000000003,58.0
2018-11-24,55.8,21.5,0.8,23.18,2.8000000000000003,55.0
2018-11-25,50.739999999999995,31.0,0.8,26.650000000000002,3.04,34.980000000000004
2018-11-26,47.199999999999996,51.46,2.9000000000000004,27.3,4.16,27.060000000000002
2018-11-27,47.79,60.76,2.35,26.0,4.88,26.400000000000002
2018-11-28,50.739999999999995,62.0,2.1,28.6,5.28,24.42
2018-11-29,50.739999999999995,60.14,4.3,23.400000000000002,4.32,24.42
2018-11-30,50.15,52.08,3.2,24.05,4.48,25.080000000000002
2018-12-01,55.459999999999994,34.1,1.35,46.800000000000004,2.56,46.2
2018-12-02,52.51,39.68,0.8500000000000001,54.78,2.08,51.00000000000001
2018-12-03,50.15,56.42,1.6,54.120000000000005,5.2,38.760000000000005
2018-12-04,50.15,58.9,2.0,56.1,6.96,37.400000000000006
2018-12-05,50.15,62.0,1.6,58.74,5.6000000000000005,36.720000000000006
2018-12-06,48.97,57.66,3.0500000000000003,47.52,5.68,38.080000000000005
2018-12-07,50.15,50.22,2.75,43.56,5.84,44.2
2018-12-08,53.69,32.24,1.05,39.6,3.2800000000000002,48.96
2018-12-09,54.6,34.22,0.68,39.69,1.33,51.68000000000001
2018-12-10,51.6,52.51,2.0,42.84,4.48,40.800000000000004
2018-12-11,50.4,56.64,1.4000000000000001,50.4,3.3600000000000003,39.440000000000005
2018-12-12,51.6,52.51,1.56,52.92,3.9200000000000004,40.120000000000005
2018-12-13,50.4,49.559999999999995,1.08,51.03,3.7800000000000002,42.84
2018-12-14,51.0,43.07,1.04,63.0,4.2700000000000005,44.2
2018-12-15,57.0,30.68,0.16,47.88,1.1900000000000002,52.36000000000001
2018-12-16,57.33,23.04,0.56,55.199999999999996,1.98,56.089999999999996
2018-12-17,56.07,36.48,3.04,58.65,4.59,41.89
2018-12-18,57.96,38.4,4.64,62.099999999999994,8.01,43.309999999999995
2018-12-19,56.07,31.2,5.44,67.61999999999999,7.83,44.73
2018-12-20,56.7,31.2,8.0,55.88999999999999,9.0,44.73
2018-12-21,56.7,24.48,4.72,53.81999999999999,5.04,46.15
2018-12-22,61.74,19.2,1.76,57.269999999999996,4.859999999999999,53.959999999999994
2018-12-23,56.7,12.16,1.56,40.95,1.76,67.22999999999999
2018-12-24,54.81,12.48,2.6399999999999997,47.25,5.5200000000000005,69.72
2018-12-25,46.62,11.84,0.96,39.69,4.0,83.0
2018-12-26,60.480000000000004,14.08,5.04,46.62,7.5200000000000005,56.44
2018-12-27,62.37,15.36,3.36,52.92,5.92,55.61
2018-12-28,63.0,16.0,2.16,48.51,4.88,52.29
2018-12-29,63.0,12.8,1.68,61.11,2.64,60.589999999999996
2018-12-30,61.1,18.0,1.05,72.68,1.44,54.0
2018-12-31,59.800000000000004,16.400000000000002,1.6500000000000001,68.73,2.94,46.8
2019-01-01,50.7,16.8,0.0,37.92,1.56,72.0
2019-01-02,59.15,23.6,4.3,47.400000000000006,4.859999999999999,49.68
2019-01-03,59.800000000000004,28.0,4.5,49.77,3.7199999999999998,46.8
2019-01-04,59.800000000000004,26.400000000000002,3.95,48.190000000000005,4.32,48.239999999999995
2019-01-05,65.0,19.200000000000003,1.9500000000000002,42.660000000000004,3.1799999999999997,56.879999999999995
2019-01-06,60.480000000000004,22.36,1.1,48.16,2.5200000000000005,46.169999999999995
2019-01-07,57.33,35.88,3.1,46.44,4.83,34.769999999999996
2019-01-08,54.81,38.480000000000004,4.45,86.0,6.65,33.629999999999995
2019-01-09,54.18,44.2,3.6,47.3,7.000000000000001,33.629999999999995
2019-01-10,54.81,44.72,4.5,46.44,4.130000000000001,35.339999999999996
2019-01-11,57.33,44.72,4.65,44.72,6.65,37.62
2019-01-12,60.480000000000004,24.44,1.1,37.839999999999996,2.1700000000000004,41.61
2019-01-13,56.42,28.499999999999996,0.44,35.19,2.5200000000000005,44.24
2019-01-14,54.56,49.589999999999996,3.0,36.57,4.62,37.52
2019-01-15,53.32,52.44,2.44,35.19,4.760000000000001,32.480000000000004
2019-01-16,53.32,55.28999999999999,2.64,31.74,4.2700000000000005,35.28
2019-01-17,52.7,56.99999999999999,3.16,33.12,4.0600000000000005,34.720000000000006
2019-01-18,55.18,46.169999999999995,4.0,28.979999999999997,5.8100000000000005,31.360000000000003
2019-01-19,59.519999999999996,30.209999999999997,1.32,28.979999999999997,1.8900000000000001,40.88
2019-01-20,53.32,33.6,0.0,29.240000000000002,1.56,41.440000000000005
2019-01-21,56.42,43.199999999999996,0.87,28.560000000000002,4.56,35.84
2019-01-22,54.56,52.199999999999996,1.65,30.6,4.56,33.6
2019-01-23,52.08,55.8,1.68,38.080000000000005,5.7,32.480000000000004
2019-01-24,51.46,55.8,2.61,27.880000000000003,4.38,30.800000000000004
2019-01-25,52.08,44.4,1.44,31.28,2.88,36.400000000000006
2019-01-26,62.0,31.2,0.84,33.32,1.8599999999999999,44.800000000000004
2019-01-27,61.11,35.910000000000004,0.0,33.37,2.31,46.2
2019-01-28,54.18,60.480000000000004,2.96,36.21,4.0600000000000005,31.35
2019-01-29,52.92,54.81,2.92,41.18,2.7300000000000004,30.250000000000004
2019-01-30,53.55,55.44,2.7600000000000002,39.05,5.390000000000001,29.700000000000003
2019-01-31,54.18,57.96,3.0,41.18,5.74,30.250000000000004
2019-02-01,52.29,51.660000000000004,2.7600000000000002,61.769999999999996,6.0200000000000005,37.95
2019-02-02,63.0,34.02,1.48,66.03,3.2900000000000005,50.6
2019-02-03,56.12,41.580000000000005,0.6599999999999999,58.8,1.6500000000000001,48.6
2019-02-04,47.58,58.74,2.79,56.4,3.5,31.860000000000003
2019-02-05,50.019999999999996,63.36,3.0,49.199999999999996,3.6,35.64
2019-02-06,50.629999999999995,66.0,2.16,58.199999999999996,4.7,35.1
2019-02-07,51.24,60.720000000000006,2.67,43.199999999999996,3.1,38.88
2019-02-08,50.019999999999996,53.46,1.7999999999999998,54.0,2.25,36.72
2019-02-09,57.339999999999996,41.580000000000005,0.8999999999999999,46.8,1.1500000000000001,54.0
2019-02-10,54.0,46.2,0.54,45.75,1.7000000000000002,55.28999999999999
2019-02-11,46.8,62.040000000000006,2.55,57.949999999999996,3.85,39.33
2019-02-12,48.0,64.02,2.52,52.46,3.1500000000000004,39.33
2019-02-13,46.199999999999996,62.7,2.25,50.019999999999996,3.3000000000000003,37.62
2019-02-14,45.0,59.400000000000006,1.89,55.51,3.75,39.9
2019-02-15,46.8,51.480000000000004,1.89,61.0,3.1500000000000004,42.18
2019-02-16,55.8,35.64,1.3499999999999999,45.75,1.6,56.42999999999999
2019-02-17,53.07,41.54,0.57,48.72,2.6399999999999997,54.88
2019-02-18,53.07,51.46,1.5899999999999999,45.82,3.7199999999999998,43.68000000000001
2019-02-19,49.41,57.66,1.89,54.519999999999996,6.0,38.080000000000005
2019-02-20,47.58,57.04,1.89,55.67999999999999,4.08,37.52
2019-02-21,47.58,57.66,1.29,42.919999999999995,3.84,39.2
2019-02-22,48.8,50.839999999999996,1.71,50.459999999999994,4.56,41.440000000000005
2019-02-23,54.9,34.1,0.6599999999999999,40.599999999999994,1.8599999999999999,51.52
2019-02-24,52.8,40.32,0.6599999999999999,53.94,2.52,51.52
2019-02-25,48.6,64.0,2.37,50.22,4.8,36.96
2019-02-26,49.199999999999996,64.0,1.41,55.18,4.02,39.2
2019-02-27,47.4,53.76,2.37,49.6,4.2,39.760000000000005
2019-02-28,48.0,60.160000000000004,1.5899999999999999,55.8,3.36,38.64
2019-03-01,47.4,55.68,2.07,51.46,4.62,37.52
2019-03-02,57.0,35.2,0.69,58.9,2.28,48.720000000000006
2019-03-03,52.08,39.69,0.57,51.03,1.9500000000000002,57.0
2019-03-04,48.98,61.11,1.8599999999999999,50.4,4.3,39.0
2019-03-05,47.12,59.22,1.26,51.660000000000004,4.3,35.4
2019-03-06,48.98,57.96,2.46,51.03,4.4,37.199999999999996
2019-03-07,47.74,61.11,2.76,49.14,3.5,41.4
2019-03-08,51.46,51.660000000000004,1.23,52.92,4.3500000000000005,40.8
2019-03-09,59.519999999999996,37.8,0.72,58.59,1.7000000000000002,58.8
2019-03-10,55.18,36.58,1.44,45.56,1.6500000000000001,59.0
2019-03-11,52.08,51.919999999999995,2.8000000000000003,62.56,3.7,38.35
2019-03-12,48.36,51.919999999999995,2.12,68.0,4.15,38.35
2019-03-13,46.5,54.279999999999994,2.0,66.64,3.6500000000000004,38.94
2019-03-14,48.36,51.33,2.52,60.52,3.3000000000000003,38.94
2019-03-15,50.22,43.66,3.16,64.60000000000001,2.75,39.53
2019-03-16,59.519999999999996,30.09,0.96,61.2,1.1,56.05
2019-03-17,58.24,36.6,1.48,52.0,2.0,57.23
2019-03-18,54.4,57.949999999999996,3.48,65.0,3.85,37.76
2019-03-19,52.480000000000004,61.0,2.52,54.6,5.0,41.89
2019-03-20,52.480000000000004,58.56,4.0,54.6,4.6000000000000005,37.169999999999995
2019-03-21,49.92,53.68,2.04,55.25,3.7,39.53
2019-03-22,53.120000000000005,51.24,2.7600000000000002,55.25,3.6500000000000004,35.989999999999995
2019-03-23,64.0,34.769999999999996,1.6,55.9,1.3,54.279999999999994
2019-03-24,58.59,40.96,0.57,54.78,2.7,57.82
2019-03-25,52.29,62.08,2.04,56.760000000000005,3.45,37.76
2019-03-26,49.77,64.0,1.8599999999999999,60.06,3.75,39.53
2019-03-27,52.92,61.44,2.31,64.02,3.6,39.53
2019-03-28,53.55,60.160000000000004,1.74,55.440000000000005,4.05,37.76
2019-03-29,52.29,51.84,2.19,58.74,3.45,39.53
2019-03-30,58.59,37.12,1.3199999999999998,52.14,2.6,55.459999999999994
2019-03-31,56.7,40.3,0.64,65.66000000000001,1.9000000000000001,54.279999999999994
2019-04-01,53.55,55.8,2.68,58.290000000000006,3.25,32.449999999999996
2019-04-02,54.18,62.0,2.52,60.300000000000004,4.25,32.449999999999996
2019-04-03,55.44,58.9,2.64,49.580000000000005,3.6,33.04
2019-04-04,54.18,57.66,2.04,63.650000000000006,3.1,35.4
2019-04-05,52.92,51.46,2.0,54.940000000000005,2.8000000000000003,38.35
2019-04-06,63.0,35.339999999999996,0.72,54.940000000000005,1.5,42.48
2019-04-07,61.44,44.1,0.36,53.6,2.6399999999999997,48.72
2019-04-08,55.68,61.11,2.01,50.25,4.02,35.379999999999995
2019-04-09,53.76,59.22,1.95,58.96,4.5,33.059999999999995
2019-04-10,53.76,61.74,1.5899999999999999,50.25,4.14,31.9
2019-04-11,53.120000000000005,55.44,2.04,48.24,5.04,33.059999999999995
2019-04-12,54.4,57.33,1.74,46.230000000000004,4.32,37.12
2019-04-13,60.160000000000004,32.13,0.36,55.61000000000001,1.6199999999999999,45.82
2019-04-14,55.8,34.22,0.44999999999999996,54.400000000000006,1.6500000000000001,47.79
2019-04-15,51.46,51.919999999999995,1.53,57.120000000000005,3.9000000000000004,32.449999999999996
2019-04-16,52.7,53.099999999999994,1.71,59.160000000000004,4.2,33.04
2019-04-17,52.08,50.739999999999995,1.2,54.400000000000006,3.7,31.86
2019-04-18,54.56,51.919999999999995,1.2,58.480000000000004,3.25,37.169999999999995
2019-04-19,55.18,37.76,1.3499999999999999,55.080000000000005,2.35,42.48
2019-04-20,60.76,30.09,0.54,51.00000000000001,1.55,51.33
2019-04-21,57.33,35.4,0.65,57.67,1.8900000000000001,63.0
2019-04-22,54.18,52.8,3.85,66.42999999999999,7.000000000000001,35.910000000000004
2019-04-23,54.18,59.4,5.0,58.4,6.65,34.65
2019-04-24,53.55,54.6,3.95,65.7,3.6400000000000006,35.910000000000004
2019-04-25,54.18,51.6,2.7,56.21,4.130000000000001,38.43
2019-04-26,52.92,45.6,3.35,57.67,4.62,44.73
2019-04-27,61.11,34.8,1.35,73.0,2.0300000000000002,49.14
2019-04-28,59.22,40.95,0.36,57.800000000000004,1.6199999999999999,46.98
2019-04-29,51.03,59.85,1.23,62.56,4.56,34.8
2019-04-30,51.660000000000004,61.74,1.56,47.6,4.56,31.319999999999997
2019-05-01,52.92,63.0,1.3499999999999999,55.080000000000005,4.38,31.9
2019-05-02,52.29,57.96,2.04,45.56,5.279999999999999,31.9
2019-05-03,52.29,53.55,1.26,57.120000000000005,4.859999999999999,32.48
2019-05-04,60.480000000000004,35.28,0.63,46.92,1.98,35.96
2019-05-05,59.22,35.28,0.42,53.76,2.6,42.089999999999996
2019-05-06,51.660000000000004,53.760000000000005,1.89,46.08,2.9000000000000004,29.89
2019-05-07,51.03,51.52,2.58,52.480000000000004,1.9000000000000001,32.33
2019-05-08,51.03,51.52,1.23,46.72,3.2,31.72
2019-05-09,52.29,52.080000000000005,1.56,51.84,3.4000000000000004,35.99
2019-05-10,52.29,45.92,1.98,51.2,3.3000000000000003,39.65
2019-05-11,59.22,30.800000000000004,0.21,54.4,1.6,46.36
2019-05-12,53.68,31.32,0.42,65.96000000000001,1.1,63.0
2019-05-13,50.629999999999995,44.82,2.4899999999999998,51.00000000000001,3.75,34.65
2019-05-14,52.46,44.28,1.77,61.2,3.25,33.39
2019-05-15,51.24,45.36,1.23,67.32000000000001,2.85,33.39
2019-05-16,49.41,44.82,1.77,55.760000000000005,3.75,34.02
2019-05-17,50.019999999999996,38.34,2.73,48.28,2.0,35.910000000000004
2019-05-18,61.0,25.92,0.6599999999999999,58.480000000000004,1.4500000000000002,45.99
2019-05-19,58.28,25.5,0.6599999999999999,48.84,1.1,47.58
2019-05-20,50.22,40.0,1.5899999999999999,50.82,1.4500000000000002,32.33
2019-05-21,53.94,38.5,1.05,66.0,2.45,32.33
2019-05-22,52.7,41.0,2.01,56.1,2.9000000000000004,32.33
2019-05-23,53.94,41.5,1.98,52.14,3.95,33.55
2019-05-24,53.32,33.0,3.0,55.440000000000005,4.25,35.99
2019-05-25,62.0,25.0,0.6599999999999999,46.2,1.4500000000000002,42.089999999999996
2019-05-26,59.519999999999996,23.5,1.2,48.75,1.35,51.35
2019-05-27,55.18,25.38,1.12,45.5,2.2,50.050000000000004
2019-05-28,52.08,34.309999999999995,3.52,53.95,4.15,33.15
2019-05-29,50.839999999999996,34.78,2.8000000000000003,55.9,5.0,33.15
2019-05-30,52.08,35.72,2.8000000000000003,63.7,3.3000000000000003,35.1
2019-05-31,54.56,34.78,2.68,52.65,3.35,36.4
2019-06-01,60.14,25.849999999999998,1.28,45.5,1.05,56.550000000000004
2019-06-02,57.66,37.24,0.54,46.72,0.84,51.62
2019-06-03,52.08,45.08,1.95,57.6,3.96,37.699999999999996
2019-06-04,51.46,46.55,1.3499999999999999,55.04,3.12,40.019999999999996
2019-06-05,50.839999999999996,46.06,2.07,48.0,4.4399999999999995,37.699999999999996
2019-06-06,52.08,49.0,2.31,48.0,3.2399999999999998,40.019999999999996
2019-06-07,51.46,43.12,1.08,52.480000000000004,3.2399999999999998,37.699999999999996
2019-06-08,57.66,35.28,0.75,51.2,1.6199999999999999,49.3
2019-06-09,57.6,32.9,0.6599999999999999,59.160000000000004,1.8900000000000001,55.459999999999994
2019-06-10,51.84,45.12,1.5,56.440000000000005,3.0100000000000002,37.76
2019-06-11,52.480000000000004,40.89,1.3499999999999999,54.400000000000006,3.08,37.76
2019-06-12,53.120000000000005,46.529999999999994,1.71,61.2,4.2,37.169999999999995
2019-06-13,57.6,41.83,2.16,52.36000000000001,7.000000000000001,38.35
2019-06-14,58.88,38.54,2.1,53.720000000000006,4.0600000000000005,40.12
2019-06-15,64.0,31.959999999999997,0.39,48.28,2.0300000000000002,54.87
2019-06-16,54.81,31.740000000000002,1.12,48.910000000000004,2.04,64.0
2019-06-17,53.55,40.02,2.52,56.95,3.48,44.160000000000004
2019-06-18,53.55,46.0,3.56,67.0,3.0,42.24
2019-06-19,53.55,45.080000000000005,2.44,63.650000000000006,3.36,47.36
2019-06-20,54.18,40.02,4.0,57.620000000000005,3.96,45.44
2019-06-21,57.96,39.1,3.24,60.970000000000006,3.48,45.44
2019-06-22,61.11,28.52,0.76,53.6,2.1,60.160000000000004
2019-06-23,60.160000000000004,33.839999999999996,0.78,58.22,1.1,55.459999999999994
2019-06-24,55.04,41.83,1.7999999999999998,57.51,3.1,37.76
2019-06-25,53.120000000000005,44.18,1.56,65.32,2.75,38.94
2019-06-26,53.76,40.419999999999995,1.7999999999999998,68.16,3.0,38.94
2019-06-27,55.04,44.65,2.19,66.74,2.5500000000000003,37.169999999999995
2019-06-28,54.4,38.54,2.25,68.16,1.8,40.71
2019-06-29,62.72,28.669999999999998,0.57,59.64,1.25,47.79
2019-06-30,54.9,26.0,1.26,56.95,1.35,61.1
2019-07-01,56.12,34.800000000000004,2.67,67.0,4.75,44.2
2019-07-02,53.07,35.6,2.34,65.66000000000001,5.0,45.5
2019-07-03,51.85,32.4,2.37,50.92,4.3,50.7
2019-07-04,51.85,24.400000000000002,1.02,42.21,3.2,63.7
2019-07-05,54.29,26.0,1.6199999999999999,52.93,3.35,55.9
2019-07-06,55.51,26.400000000000002,0.75,42.21,1.1,61.75
2019-07-07,51.33,31.05,1.23,47.57,1.2,59.0
2019-07-08,50.739999999999995,35.550000000000004,2.37,55.61000000000001,2.6,38.94
2019-07-09,50.15,42.300000000000004,1.98,56.28,3.16,42.48
2019-07-10,50.15,40.050000000000004,3.0,54.940000000000005,2.88,41.89
2019-07-11,51.33,42.300000000000004,2.28,58.290000000000006,2.56,43.07
2019-07-12,53.099999999999994,39.15,2.37,49.580000000000005,2.8000000000000003,47.199999999999996
2019-07-13,59.0,28.8,0.51,51.59,1.84,56.05
2019-07-14,57.04,29.44,0.78,52.5,2.1,59.0
2019-07-15,53.94,36.800000000000004,1.98,57.4,3.4000000000000004,44.839999999999996
2019-07-16,54.56,46.0,1.41,54.599999999999994,3.2,45.43
2019-07-17,53.32,40.480000000000004,2.82,58.8,3.9000000000000004,40.71
2019-07-18,53.32,42.32,1.65,54.599999999999994,3.9000000000000004,42.48
2019-07-19,54.56,34.5,1.47,61.599999999999994,4.1000000000000005,42.48
2019-07-20,60.14,32.660000000000004,1.02,50.4,1.6500000000000001,53.69
2019-07-21,58.9,29.92,0.63,60.029999999999994,2.4000000000000004,55.85999999999999
2019-07-22,53.94,38.72,2.67,57.959999999999994,3.35,40.47
2019-07-23,52.7,36.96,2.52,63.48,3.25,39.33
2019-07-24,52.7,36.52,2.07,51.059999999999995,4.3,38.76
2019-07-25,53.32,36.52,1.71,56.58,3.1500000000000004,39.33
2019-07-26,54.56,34.76,1.89,58.65,2.5,43.31999999999999
2019-07-27,62.0,28.6,0.9299999999999999,47.61,1.5,53.58
2019-07-28,58.28,28.7,0.51,51.59,1.44,55.28999999999999
2019-07-29,53.94,32.39,2.16,53.6,2.96,38.19
2019-07-30,53.94,33.62,1.7999999999999998,60.300000000000004,2.64,37.05
2019-07-31,52.7,31.569999999999997,2.13,51.59,2.72,37.05
2019-08-01,57.04,28.29,2.2199999999999998,50.25,3.16,34.769999999999996
2019-08-02,55.18,25.009999999999998,2.79,52.260000000000005,2.92,37.05
2019-08-03,60.76,20.91,0.99,52.93,1.12,44.459999999999994
2019-08-04,53.69,22.549999999999997,0.6,52.36000000000001,1.4500000000000002,49.50000000000001
2019-08-05,52.51,28.7,3.0,47.6,4.45,32.45
2019-08-06,48.379999999999995,29.52,2.4299999999999997,57.800000000000004,3.85,33.550000000000004
2019-08-07,48.97,29.11,2.88,53.720000000000006,3.35,33.550000000000004
2019-08-08,50.15,29.52,2.55,49.64,3.6500000000000004,31.35
2019-08-09,55.459999999999994,27.88,1.95,47.6,3.1,37.95
2019-08-10,59.0,20.09,0.48,46.92,1.8,44.0
2019-08-11,59.78,24.84,0.96,57.0,1.2000000000000002,52.199999999999996
2019-08-12,54.29,33.120000000000005,2.8000000000000003,54.75,2.95,34.22
2019-08-13,52.46,35.42,2.72,63.0,3.1500000000000004,38.279999999999994
2019-08-14,53.07,38.64,2.44,74.25,5.0,34.8
2019-08-15,54.29,37.260000000000005,2.6,65.25,3.0500000000000003,34.8
2019-08-16,55.51,33.120000000000005,2.8000000000000003,61.5,2.25,39.44
2019-08-17,59.78,25.76,0.48,47.25,1.75,47.559999999999995
2019-08-18,57.599999999999994,27.5,0.96,56.24,1.35,50.16
2019-08-19,52.199999999999996,44.5,1.8299999999999998,74.0,2.7,37.05
2019-08-20,51.6,42.0,2.01,69.56,2.5,31.349999999999998
2019-08-21,49.199999999999996,47.5,1.53,55.5,3.8000000000000003,33.059999999999995
2019-08-22,52.199999999999996,45.5,0.9299999999999999,59.94,2.3000000000000003,33.629999999999995
2019-08-23,51.6,43.0,2.25,54.76,3.0500000000000003,36.48
2019-08-24,58.8,29.0,0.6,61.42,1.85,56.99999999999999
2019-08-25,53.01,31.200000000000003,0.6,46.24,0.84,55.099999999999994
2019-08-26,47.309999999999995,43.68,1.5,50.32,2.36,38.279999999999994
2019-08-27,47.309999999999995,52.0,2.67,49.64,2.88,36.54
2019-08-28,47.879999999999995,52.0,2.9099999999999997,55.760000000000005,2.68,34.22
2019-08-29,46.739999999999995,44.72,1.5,51.00000000000001,2.2800000000000002,35.96
2019-08-30,47.879999999999995,44.2,1.56,49.64,2.24,37.699999999999996
2019-08-31,53.58,28.6,0.24,48.28,0.72,42.919999999999995
2019-09-01,41.800000000000004,27.04,0.06,35.1,0.24,54.18
2019-09-02,43.45,27.560000000000002,0.18,35.1,0.36,63.0
2019-09-03,39.050000000000004,41.08,0.57,37.7,0.52,44.1
2019-09-04,39.6,44.72,0.42,40.95,0.6,40.32
2019-09-05,38.5,43.160000000000004,0.42,41.6,0.84,35.910000000000004
2019-09-06,40.150000000000006,38.480000000000004,0.6,39.0,0.64,39.06
2019-09-07,45.1,27.04,0.24,45.5,0.36,47.25
2019-09-08,43.68000000000001,33.629999999999995,0.15,40.019999999999996,0.36,43.5
2019-09-09,40.88,53.69,0.48,51.059999999999995,1.02,35.379999999999995
2019-09-10,39.760000000000005,54.279999999999994,0.48,39.33,1.02,32.48
2019-09-11,39.760000000000005,48.97,0.51,48.989999999999995,1.02,33.64
2019-09-12,40.32000000000001,52.51,0.78,53.129999999999995,1.2,36.54
2019-09-13,40.32000000000001,44.839999999999996,0.36,40.709999999999994,0.96,37.699999999999996
2019-09-14,48.720000000000006,30.68,0.54,49.67999999999999,1.26,45.239999999999995
2019-09-15,57.96,38.43,2.24,49.4,7.05,42.919999999999995
2019-09-16,63.0,59.22,7.000000000000001,76.0,15.0,38.279999999999994
2019-09-17,54.81,63.0,3.5700000000000003,60.8,9.15,34.22
2019-09-18,48.51,62.37,2.1700000000000004,57.76,5.7,34.22
2019-09-19,49.14,57.96,1.61,49.4,4.8,35.96
2019-09-20,46.62,54.18,1.33,44.08,3.0,35.96
2019-09-21,54.81,35.28,0.49000000000000005,46.36,2.25,45.82
2019-09-22,46.98,37.199999999999996,0.18,50.4,0.55,44.24
2019-09-23,43.5,52.8,0.72,48.239999999999995,1.1,32.480000000000004
2019-09-24,43.5,56.4,0.6599999999999999,49.68,0.9500000000000001,31.92
2019-09-25,42.919999999999995,54.0,0.6599999999999999,47.519999999999996,1.0,31.92
2019-09-26,41.76,51.0,0.44999999999999996,48.239999999999995,0.75,33.040000000000006
2019-09-27,42.339999999999996,49.199999999999996,0.44999999999999996,51.839999999999996,0.8,35.28
2019-09-28,49.3,33.6,0.12,51.12,0.2,43.120000000000005
2019-09-29,43.68000000000001,34.22,0.24,43.52,0.4,46.019999999999996
2019-09-30,41.440000000000005,51.33,0.57,47.6,0.8,35.989999999999995
2019-10-01,46.480000000000004,50.739999999999995,3.0,40.800000000000004,4.45,38.94
2019-10-02,47.040000000000006,51.919999999999995,2.61,50.32,4.75,40.71
2019-10-03,47.040000000000006,48.97,2.82,44.88,5.0,42.48
2019-10-04,48.160000000000004,47.79,1.29,42.84,4.8500000000000005,44.25
2019-10-05,56.00000000000001,31.27,0.84,40.120000000000005,2.35,51.919999999999995
2019-10-06,50.96000000000001,33.059999999999995,0.0,38.4,1.35,54.72
2019-10-07,48.160000000000004,45.599999999999994,2.85,48.64,3.9000000000000004,40.47
2019-10-08,47.6,49.589999999999996,1.95,36.480000000000004,4.7,38.76
2019-10-09,47.040000000000006,46.739999999999995,2.19,42.88,3.9000000000000004,37.05
2019-10-10,48.160000000000004,47.309999999999995,1.5899999999999999,37.76,4.05,39.9
2019-10-11,49.28,40.47,1.08,48.0,3.3000000000000003,43.31999999999999
2019-10-12,54.32000000000001,27.36,0.87,42.24,2.15,53.01
2019-10-13,50.96000000000001,30.240000000000002,0.42,42.599999999999994,1.68,58.41
2019-10-14,49.28,44.24,2.55,54.669999999999995,2.36,44.839999999999996
2019-10-15,48.160000000000004,46.480000000000004,1.41,53.25,2.8000000000000003,40.12
2019-10-16,48.160000000000004,47.040000000000006,2.6999999999999997,47.57,3.3200000000000003,43.07
2019-10-17,48.720000000000006,45.92,2.34,57.51,3.2,44.25
2019-10-18,49.28,45.92,0.8999999999999999,50.41,2.64,44.839999999999996
2019-10-19,53.760000000000005,26.880000000000003,0.21,43.309999999999995,0.92,57.23
2019-10-20,49.50000000000001,34.8,0.42,55.44,2.7,60.0
2019-10-21,47.85,52.8,1.2,71.28,4.4,49.8
2019-10-22,46.75000000000001,60.0,2.37,88.0,3.4000000000000004,44.4
2019-10-23,47.300000000000004,48.6,2.28,77.44,3.35,45.6
2019-10-24,46.75000000000001,52.8,1.95,81.84,2.25,47.4
2019-10-25,46.2,46.199999999999996,1.29,73.04,3.9000000000000004,46.8
2019-10-26,52.25000000000001,31.799999999999997,0.6599999999999999,75.68,2.0500000000000003,55.8
2019-10-27,47.17,38.64,0.63,46.24,1.2,60.76
2019-10-28,44.52,47.040000000000006,2.07,42.160000000000004,2.2,44.64
2019-10-29,44.52,49.84,1.74,46.24,2.6,47.74
2019-10-30,42.400000000000006,47.6,1.74,47.6,3.04,46.5
2019-10-31,39.75,42.00000000000001,2.67,42.160000000000004,2.48,47.12
2019-11-01,42.400000000000006,44.800000000000004,2.19,64.60000000000001,1.48,22.94
2019-11-02,53.0,28.560000000000002,0.8999999999999999,61.88,1.68,30.38
2019-11-03,53.58,33.059999999999995,0.8999999999999999,53.199999999999996,1.5,33.660000000000004
2019-11-04,50.73,52.779999999999994,1.8299999999999998,65.1,3.35,25.080000000000002
2019-11-05,48.449999999999996,51.62,1.8299999999999998,64.39999999999999,3.6500000000000004,24.42
2019-11-06,46.739999999999995,53.36,2.55,66.5,5.0,23.76
2019-11-07,47.879999999999995,57.419999999999995,2.4899999999999998,65.8,4.1000000000000005,25.080000000000002
2019-11-08,49.589999999999996,47.559999999999995,0.99,70.0,2.7,26.400000000000002
2019-11-09,55.85999999999999,30.74,0.39,56.0,1.6500000000000001,29.700000000000003
2019-11-10,51.150000000000006,34.22,0.5,61.64,1.92,34.980000000000004
2019-11-11,48.400000000000006,50.15,0.9400000000000001,56.28,1.76,26.400000000000002
2019-11-12,44.550000000000004,59.0,0.76,60.970000000000006,1.84,24.42
2019-11-13,46.75000000000001,54.87,1.36,59.63,2.24,23.76
2019-11-14,46.2,53.099999999999994,0.78,60.300000000000004,3.24,24.42
2019-11-15,46.2,51.919999999999995,1.06,52.93,1.6400000000000001,24.42
2019-11-16,54.45,29.5,0.58,57.620000000000005,1.32,30.360000000000003
2019-11-17,52.64000000000001,36.0,0.34,42.21,1.16,38.339999999999996
2019-11-18,47.6,54.6,1.12,51.03,2.36,27.689999999999998
2019-11-19,45.92,58.8,2.0,56.07,3.16,28.4
2019-11-20,45.36000000000001,57.599999999999994,1.24,52.92,3.2,27.689999999999998
2019-11-21,46.480000000000004,51.6,0.88,48.51,2.56,29.11
2019-11-22,45.92,48.0,1.68,52.92,2.6,31.95
2019-11-23,54.88,32.4,0.58,47.25,1.16,36.21
2019-11-24,50.6,25.96,0.29,46.199999999999996,0.99,53.199999999999996
2019-11-25,47.85,37.84,0.6900000000000001,48.0,1.44,42.75
2019-11-26,47.300000000000004,35.64,0.8200000000000001,49.199999999999996,1.77,48.449999999999996
2019-11-27,47.85,28.16,0.58,46.199999999999996,1.8299999999999998,52.25
2019-11-28,44.550000000000004,21.56,0.21,46.8,0.75,95.0
2019-11-29,43.45,18.92,0.28,43.8,1.3499999999999999,52.25
2019-11-30,47.85,20.68,0.25,44.4,1.41,53.199999999999996
2019-12-01,44.72,31.92,0.39,47.88,2.2,50.82
2019-12-02,41.6,47.6,2.25,39.06,4.0,42.9
2019-12-03,41.6,50.96000000000001,1.89,54.81,4.800000000000001,38.940000000000005
2019-12-04,41.6,55.440000000000005,2.25,40.32,4.3,34.32
2019-12-05,42.64,51.52,2.28,42.84,5.0,36.300000000000004
2019-12-06,44.72,45.36000000000001,3.0,39.06,4.95,38.28
2019-12-07,49.4,30.800000000000004,0.8099999999999999,43.47,2.25,50.160000000000004
2019-12-08,47.7,33.059999999999995,0.62,54.940000000000005,1.68,50.25
2019-12-09,42.93,51.62,0.84,49.580000000000005,2.4,38.86
2019-12-10,42.400000000000006,55.67999999999999,0.92,54.940000000000005,3.4,37.52
2019-12-11,42.400000000000006,57.99999999999999,0.9,50.25,3.04,40.870000000000005
2019-12-12,43.46,55.099999999999994,1.06,46.900000000000006,2.48,40.870000000000005
2019-12-13,45.580000000000005,48.72,1.22,45.56,2.56,38.86
2019-12-14,49.29,33.059999999999995,0.36,51.59,1.72,48.24
2019-12-15,49.14,28.0,0.72,46.800000000000004,1.96,48.3
2019-12-16,45.900000000000006,47.0,1.22,42.25,3.12,42.089999999999996
2019-12-17,46.440000000000005,48.0,1.92,53.95,3.16,43.47
2019-12-18,44.82,38.0,1.46,50.7,3.56,40.709999999999994
2019-12-19,43.74,35.0,1.18,40.300000000000004,3.52,42.779999999999994
2019-12-20,47.52,28.0,1.8,47.45,2.04,43.47
2019-12-21,52.92,22.5,0.38,37.7,0.88,52.44
2019-12-22,52.44,14.26,0.33,45.88,0.6,73.03999999999999
2019-12-23,55.28999999999999,14.879999999999999,0.51,39.68,1.53,59.76
2019-12-24,51.3,12.09,0.32,34.72,1.68,72.21
2019-12-25,39.33,13.02,0.21,40.3,0.96,83.0
2019-12-26,52.44,13.33,0.45,42.78,2.04,60.589999999999996
2019-12-27,54.72,16.43,0.54,40.3,2.04,56.44
2019-12-28,56.99999999999999,12.4,0.14,47.74,0.8999999999999999,63.08
2019-12-29,54.279999999999994,18.5,1.17,77.0,1.85,51.099999999999994
2019-12-30,56.05,19.61,1.71,64.68,1.85,39.199999999999996
2019-12-31,55.459999999999994,17.759999999999998,2.04,74.69,4.0,46.9
2020-01-01,45.43,14.8,0.15,50.050000000000004,0.9500000000000001,70.0
2020-01-02,53.69,21.09,1.02,57.75,1.5,44.099999999999994
2020-01-03,57.23,19.98,1.89,56.21,5.0,44.099999999999994
2020-01-04,59.0,17.39,0.75,45.43,2.4000000000000004,51.8
2020-01-05,57.599999999999994,26.5,0.45,44.019999999999996,2.56,42.74999999999999
2020-01-06,52.199999999999996,34.980000000000004,3.5,39.76,5.36,31.349999999999998
2020-01-07,54.6,36.04,1.4000000000000001,43.309999999999995,4.64,29.069999999999997
2020-01-08,57.0,43.46,5.0,44.019999999999996,7.2,31.919999999999998
2020-01-09,52.199999999999996,43.99,2.15,48.989999999999995,3.44,29.639999999999997
2020-01-10,55.199999999999996,40.81,1.35,44.019999999999996,4.08,33.059999999999995
2020-01-11,58.199999999999996,27.03,0.35000000000000003,48.989999999999995,2.16,38.76
2020-01-12,51.3,31.349999999999998,0.27,47.449999999999996,1.7000000000000002,36.18
2020-01-13,50.16,51.3,0.48,47.449999999999996,1.75,29.160000000000004
2020-01-14,48.449999999999996,47.309999999999995,0.8099999999999999,73.0,2.0,28.62
2020-01-15,46.739999999999995,52.44,0.54,42.339999999999996,2.35,28.080000000000002
2020-01-16,47.309999999999995,55.28999999999999,0.72,42.339999999999996,2.15,29.160000000000004
2020-01-17,47.879999999999995,49.019999999999996,0.6599999999999999,43.8,2.1,29.160000000000004
2020-01-18,55.85999999999999,27.36,0.36,44.53,0.8,35.64
2020-01-19,51.919999999999995,34.16,0.3,38.43,0.76,42.00000000000001
2020-01-20,55.459999999999994,42.089999999999996,0.51,34.65,0.8,34.160000000000004
2020-01-21,50.15,54.9,0.6599999999999999,39.69,1.36,29.120000000000005
2020-01-22,48.379999999999995,56.73,0.72,34.65,1.92,28.560000000000002
2020-01-23,50.15,56.12,0.8099999999999999,39.69,1.84,29.680000000000003
2020-01-24,51.33,54.29,0.96,42.21,1.2,30.240000000000002
2020-01-25,57.23,33.55,0.48,35.28,0.68,37.52
2020-01-26,46.980000000000004,36.54,0.2,27.729999999999997,1.7999999999999998,37.1
2020-01-27,42.660000000000004,63.0,1.2,34.22,2.28,25.44
2020-01-28,42.660000000000004,61.74,1.04,34.809999999999995,3.0,27.03
2020-01-29,42.660000000000004,56.7,0.88,35.989999999999995,2.6999999999999997,27.03
2020-01-30,44.28,54.18,1.28,36.58,2.94,27.560000000000002
2020-01-31,44.82,54.81,1.44,30.09,2.88,29.150000000000002
2020-02-01,52.38,32.76,0.88,31.86,1.08,47.7
2020-02-02,45.580000000000005,34.02,0.48,44.64,1.6199999999999999,45.050000000000004
2020-02-03,42.400000000000006,54.18,1.8599999999999999,39.6,3.48,31.270000000000003
2020-02-04,43.99,53.55,2.07,49.68,5.16,33.39
2020-02-05,40.81,52.92,1.7999999999999998,50.4,3.6599999999999997,32.86
2020-02-06,39.75,51.660000000000004,2.07,49.68,3.0,34.980000000000004
2020-02-07,42.400000000000006,49.77,1.38,72.0,2.6399999999999997,38.160000000000004
2020-02-08,49.82,35.28,0.8099999999999999,62.64,2.04,46.11
2020-02-09,49.50000000000001,46.2,0.44,68.73,2.0,52.64000000000001
2020-02-10,44.550000000000004,66.0,0.78,63.99,3.1,35.84
2020-02-11,44.0,63.36,1.3,67.94,3.25,36.400000000000006
2020-02-12,41.800000000000004,58.74,0.86,60.830000000000005,3.95,36.400000000000006
2020-02-13,42.900000000000006,55.440000000000005,0.98,68.73,2.85,37.52
2020-02-14,42.35,45.54,0.68,56.88,2.35,44.24
2020-02-15,51.150000000000006,36.300000000000004,0.32,58.46,1.05,53.760000000000005
2020-02-16,49.28,35.96,0.38,68.89,1.25,54.32000000000001
2020-02-17,48.720000000000006,50.22,0.68,68.89,2.25,44.24
2020-02-18,44.24,57.66,0.76,68.89,2.5500000000000003,38.080000000000005
2020-02-19,43.120000000000005,53.94,0.72,64.74,2.0,36.400000000000006
2020-02-20,42.56,54.56,0.58,73.03999999999999,2.85,35.28
2020-02-21,45.36000000000001,48.36,0.86,78.02,2.1,41.440000000000005
2020-02-22,53.760000000000005,34.72,0.1,64.74,1.1,49.84
2020-02-23,53.099999999999994,37.050000000000004,0.52,62.32,2.0,56.00000000000001
2020-02-24,48.97,58.5,2.52,58.52,4.5600000000000005,38.64
2020-02-25,47.199999999999996,59.15,3.2800000000000002,58.52,5.04,36.400000000000006
2020-02-26,48.97,57.2,2.68,62.32,6.640000000000001,36.400000000000006
2020-02-27,47.199999999999996,57.2,3.44,52.44,6.640000000000001,38.080000000000005
2020-02-28,50.15,51.35,4.0,63.84,8.0,38.64
2020-02-29,59.0,38.35,1.56,55.480000000000004,3.84,52.080000000000005
2020-03-01,39.53,13.23,0.24,51.1,0.4,54.0
2020-03-02,33.04,17.64,0.6,50.37,0.72,37.800000000000004
2020-03-03,31.86,17.01,0.54,41.61,0.88,36.72
2020-03-04,32.449999999999996,16.38,0.48,45.99,0.64,38.34
2020-03-05,33.629999999999995,15.75,0.48,43.07,0.8,37.800000000000004
2020-03-06,35.4,15.120000000000001,0.96,45.26,0.96,42.120000000000005
2020-03-07,40.12,10.71,0.42,42.339999999999996,0.56,48.6
2020-03-08,48.96,11.4,4.8,65.55,4.800000000000001,55.440000000000005
2020-03-09,72.0,16.2,24.0,95.0,40.0,53.2
2020-03-10,56.879999999999995,15.6,11.28,77.89999999999999,22.400000000000002,47.040000000000006
2020-03-11,48.239999999999995,15.0,9.84,71.25,13.600000000000001,39.760000000000005
2020-03-12,44.64,14.399999999999999,8.879999999999999,81.7,14.4,40.88
2020-03-13,44.64,13.2,6.72,72.2,11.600000000000001,40.32000000000001
2020-03-14,47.519999999999996,10.799999999999999,4.08,62.699999999999996,5.6000000000000005,50.400000000000006
2020-03-15,39.06,17.0,2.7600000000000002,42.92,4.65,49.84
2020-03-16,35.96,18.0,8.74,48.839999999999996,9.3,39.2
2020-03-17,34.1,22.0,8.05,51.06,8.68,39.760000000000005
2020-03-18,40.92,100.0,15.180000000000001,47.36,15.5,43.68000000000001
2020-03-19,41.54,39.0,15.41,50.32,15.5,47.6
2020-03-20,39.68,40.0,10.35,47.36,12.4,44.24
2020-03-21,40.92,28.0,5.75,46.62,6.2,50.96000000000001
2020-03-22,39.65,21.75,2.85,48.0,3.36,53.94
2020-03-23,37.82,22.5,6.1499999999999995,49.5,6.09,42.919999999999995
2020-03-24,35.99,24.0,5.1,46.5,4.83,42.919999999999995
2020-03-25,35.38,19.5,4.95,50.25,5.46,40.599999999999994
2020-03-26,37.21,20.25,3.75,46.5,5.25,42.919999999999995
2020-03-27,37.21,23.25,3.75,48.0,5.46,46.98
2020-03-28,40.87,18.0,2.6999999999999997,44.25,2.94,53.94
2020-03-29,40.95,16.06,3.61,49.14,4.59,57.99999999999999
2020-03-30,42.25,20.439999999999998,9.120000000000001,58.5,9.18,44.08
2020-03-31,40.300000000000004,20.439999999999998,6.2700000000000005,50.7,7.5600000000000005,44.66
2020-04-01,22.1,60.589999999999996,0.95,35.1,2.16,24.36
2020-04-02,25.35,73.0,1.33,39.78,2.97,24.939999999999998
2020-04-03,24.7,64.24,1.52,37.44,2.16,26.099999999999998
2020-04-04,25.35,50.37,0.5700000000000001,31.200000000000003,1.08,31.319999999999997
2020-04-05,25.46,46.23,0.51,29.4,0.88,35.910000000000004
2020-04-06,24.790000000000003,63.48,1.02,30.099999999999998,1.54,27.09
2020-04-07,23.450000000000003,55.199999999999996,0.8500000000000001,33.599999999999994,1.54,27.72
2020-04-08,24.12,53.129999999999995,1.02,30.799999999999997,1.54,28.35
2020-04-09,25.46,52.44,1.1900000000000002,35.699999999999996,1.76,28.98
2020-04-10,24.790000000000003,51.059999999999995,0.68,30.799999999999997,1.32,33.39
2020-04-11,26.8,39.33,0.34,31.499999999999996,0.66,37.17
2020-04-12,23.1,39.53,0.54,33.11,0.92,46.08
2020-04-13,23.76,52.93,1.08,37.730000000000004,2.0700000000000003,28.16
2020-04-14,23.1,54.27,0.8999999999999999,38.5,1.3800000000000001,28.16
2020-04-15,23.1,44.89,1.08,33.11,1.61,30.080000000000002
2020-04-16,23.76,52.93,0.8999999999999999,40.81,1.1500000000000001,31.36
2020-04-17,24.42,54.27,1.26,41.58,1.61,32.64
2020-04-18,26.400000000000002,38.190000000000005,0.54,40.04,0.92,39.68
2020-04-19,39.0,38.86,2.0,51.0,3.0,53.76
2020-04-20,100.0,56.95,100.0,100.0,100.0,84.0
2020-04-21,74.0,54.940000000000005,43.0,73.0,49.0,60.48
2020-04-22,50.0,54.940000000000005,18.0,63.0,21.0,47.04
2020-04-23,43.0,52.260000000000005,10.0,58.0,13.0,43.68
2020-04-24,39.0,50.25,8.0,49.0,8.0,45.36
2020-04-25,41.0,37.52,3.0,45.0,4.0,51.239999999999995
