date,hiring,work,usajob,apply
2017-01-01,13.2,54.510000000000005,0.0,21.419999999999998
2017-01-02,23.4,65.57000000000001,9.620000000000001,29.82
2017-01-03,27.0,71.89,8.84,36.96
2017-01-04,28.799999999999997,76.63000000000001,0.0,39.9
2017-01-05,27.0,73.47,9.1,36.54
2017-01-06,22.2,70.31,9.1,34.44
2017-01-07,19.8,64.78,10.4,28.14
2017-01-08,20.46,65.6,63.2,29.92
2017-01-09,27.9,74.61999999999999,40.0,36.52
2017-01-10,27.9,77.08,40.0,40.48
2017-01-11,28.52,77.89999999999999,40.0,38.72
2017-01-12,26.66,77.08,68.0,38.28
2017-01-13,24.8,73.8,0.0,36.96
2017-01-14,19.84,63.959999999999994,0.0,29.92
2017-01-15,18.91,62.31999999999999,29.25,27.95
2017-01-16,26.84,71.33999999999999,0.0,33.11
2017-01-17,28.06,77.89999999999999,24.75,38.269999999999996
2017-01-18,27.45,78.72,50.25,40.85
2017-01-19,26.84,80.36,75.0,38.7
2017-01-20,23.79,72.16,0.0,34.4
2017-01-21,20.74,64.78,29.25,29.669999999999998
2017-01-22,34.0,68.0,20.520000000000003,29.7
2017-01-23,100.0,79.05,39.96,39.15
2017-01-24,98.0,80.75,0.0,42.75
2017-01-25,69.0,82.45,27.0,39.6
2017-01-26,57.0,84.14999999999999,23.76,37.800000000000004
2017-01-27,45.0,77.35,18.36,37.800000000000004
2017-01-28,39.0,68.0,0.0,33.300000000000004
2017-01-29,24.14,68.03999999999999,0.0,34.78
2017-01-30,35.5,78.11999999999999,26.65,44.18
2017-01-31,40.47,84.0,19.68,47.0
2017-02-01,71.0,84.0,19.68,47.0
2017-02-02,58.93,83.16,20.09,42.3
2017-02-03,53.25,78.96,20.91,39.01
2017-02-04,44.019999999999996,68.88,0.0,34.309999999999995
2017-02-05,31.319999999999997,63.18000000000001,0.0,29.24
2017-02-06,42.919999999999995,76.14,24.91,36.12
2017-02-07,46.98,78.57000000000001,37.63,37.839999999999996
2017-02-08,48.72,78.57000000000001,25.970000000000002,38.269999999999996
2017-02-09,43.5,77.76,53.0,37.41
2017-02-10,38.279999999999994,73.71000000000001,26.5,37.839999999999996
2017-02-11,32.48,63.99,0.0,28.81
2017-02-12,31.32,65.60000000000001,0.0,29.4
2017-02-13,38.88,71.2,0.0,34.86
2017-02-14,34.02,72.0,31.36,33.18
2017-02-15,41.040000000000006,76.80000000000001,0.0,36.96
2017-02-16,37.800000000000004,78.4,15.36,36.12
2017-02-17,36.18,72.0,15.68,34.019999999999996
2017-02-18,28.080000000000002,62.400000000000006,0.0,28.14
2017-02-19,30.240000000000002,64.0,27.45,30.099999999999998
2017-02-20,39.760000000000005,73.60000000000001,22.95,34.4
2017-02-21,43.68000000000001,77.60000000000001,32.4,38.7
2017-02-22,43.68000000000001,77.60000000000001,44.1,41.28
2017-02-23,38.64,75.2,22.05,32.68
2017-02-24,32.480000000000004,71.2,0.0,32.68
2017-02-25,29.120000000000005,63.2,0.0,31.82
2017-02-26,28.05,67.23,0.0,28.81
2017-02-27,39.050000000000004,73.71000000000001,27.9,36.98
2017-02-28,39.6,78.57000000000001,58.28,38.7
2017-03-01,52.800000000000004,76.95,24.18,39.99
2017-03-02,49.50000000000001,76.95,0.0,43.0
2017-03-03,41.800000000000004,71.28,26.04,38.269999999999996
2017-03-04,38.5,62.370000000000005,0.0,30.96
2017-03-05,39.9,66.42,0.0,31.5
2017-03-06,56.99999999999999,77.89999999999999,19.89,39.059999999999995
2017-03-07,56.42999999999999,77.89999999999999,29.07,40.74
2017-03-08,54.15,82.0,20.91,38.64
2017-03-09,50.16,80.36,20.91,37.379999999999995
2017-03-10,43.31999999999999,72.97999999999999,0.0,32.339999999999996
2017-03-11,38.19,62.31999999999999,0.0,29.82
2017-03-12,34.45,62.400000000000006,0.0,27.200000000000003
2017-03-13,48.230000000000004,72.54,20.28,35.6
2017-03-14,47.7,70.98,21.84,35.6
2017-03-15,49.29,71.76,0.0,34.4
2017-03-16,46.64,70.2,21.84,33.2
2017-03-17,38.690000000000005,64.74000000000001,0.0,30.8
2017-03-18,33.39,56.940000000000005,26.0,26.400000000000002
2017-03-19,36.96,63.99,31.85,30.53
2017-03-20,55.440000000000005,74.52000000000001,54.6,41.28
2017-03-21,52.080000000000005,77.76,54.6,40.85
2017-03-22,49.84,77.76,27.3,38.7
2017-03-23,52.080000000000005,76.95,27.3,37.839999999999996
2017-03-24,43.68000000000001,71.28,27.3,34.83
2017-03-25,34.720000000000006,62.370000000000005,65.0,31.39
2017-03-26,39.9,66.42,52.5,29.669999999999998
2017-03-27,55.28999999999999,76.14,28.7,39.56
2017-03-28,54.15,78.57000000000001,29.4,41.28
2017-03-29,52.44,77.76,44.8,40.85
2017-03-30,51.87,76.14,0.0,38.7
2017-03-31,42.74999999999999,71.28,60.199999999999996,36.12
2017-04-01,28.499999999999996,61.56,35.0,32.68
2017-04-02,32.489999999999995,60.830000000000005,15.25,30.96
2017-04-03,44.459999999999994,71.89,24.4,42.14
2017-04-04,44.459999999999994,74.26,12.2,42.57
2017-04-05,41.61,73.47,18.91,39.99
2017-04-06,43.31999999999999,75.05,0.0,39.13
2017-04-07,34.199999999999996,68.73,0.0,34.83
2017-04-08,31.919999999999998,58.46,15.86,31.82
2017-04-09,34.22,61.620000000000005,13.26,31.919999999999998
2017-04-10,46.61,74.10000000000001,10.71,39.059999999999995
2017-04-11,47.79,72.54,0.0,39.9
2017-04-12,59.0,72.54,14.280000000000001,39.48
2017-04-13,46.61,71.76,10.71,38.22
2017-04-14,37.169999999999995,63.18,11.73,36.54
2017-04-15,28.32,55.38,0.0,28.56
2017-04-16,27.259999999999998,56.09,9.62,28.98
2017-04-17,46.98,71.89,7.77,40.32
2017-04-18,48.13999999999999,74.26,15.17,41.16
2017-04-19,46.4,73.47,7.4,40.74
2017-04-20,45.239999999999995,74.26,7.77,36.54
2017-04-21,38.86,68.73,7.77,33.6
2017-04-22,33.059999999999995,61.620000000000005,0.0,31.5
2017-04-23,34.8,65.6,30.5,32.25
2017-04-24,47.4,77.08,0.0,39.56
2017-04-25,48.6,77.08,12.2,43.0
2017-04-26,46.8,79.53999999999999,12.2,41.71
2017-04-27,47.4,82.0,25.009999999999998,39.13
2017-04-28,39.0,72.16,18.91,34.83
2017-04-29,33.6,61.49999999999999,61.0,29.669999999999998
2017-04-30,33.6,64.0,24.42,31.82
2017-05-01,48.0,78.4,18.48,42.14
2017-05-02,49.199999999999996,80.0,18.48,39.56
2017-05-03,49.199999999999996,79.2,19.14,43.0
2017-05-04,49.199999999999996,79.2,56.1,38.7
2017-05-05,42.0,72.8,48.84,35.69
2017-05-06,34.8,64.0,23.1,32.25
2017-05-07,36.58,63.910000000000004,22.05,28.98
2017-05-08,54.56,74.69,18.27,40.32
2017-05-09,52.08,76.23,27.09,40.32
2017-05-10,49.6,76.23,18.27,37.8
2017-05-11,47.12,76.23,18.27,36.12
2017-05-12,42.78,69.3,18.9,33.18
2017-05-13,35.339999999999996,59.29,22.68,29.4
2017-05-14,32.86,57.75,13.32,27.06
2017-05-15,53.32,74.69,11.16,37.309999999999995
2017-05-16,54.56,77.0,10.799999999999999,38.54
2017-05-17,50.839999999999996,73.92,11.16,38.54
2017-05-18,50.839999999999996,71.61,0.0,35.26
2017-05-19,45.88,68.53,11.52,32.8
2017-05-20,37.2,57.75,26.64,28.29
2017-05-21,37.8,59.28,22.04,30.34
2017-05-22,56.07,69.16,23.779999999999998,35.669999999999995
2017-05-23,57.33,71.44,23.2,39.36
2017-05-24,51.660000000000004,70.68,17.98,35.26
2017-05-25,51.660000000000004,70.68,17.98,37.309999999999995
2017-05-26,44.1,66.12,57.99999999999999,32.39
2017-05-27,35.910000000000004,59.28,0.0,28.29
2017-05-28,35.2,57.0,0.0,24.8
2017-05-29,38.4,60.04,21.24,28.0
2017-05-30,64.0,72.2,35.989999999999995,38.400000000000006
2017-05-31,60.160000000000004,70.68,0.0,38.400000000000006
2017-06-01,56.96,72.96000000000001,40.12,35.6
2017-06-02,51.2,69.16,37.169999999999995,32.4
2017-06-03,41.6,62.32,43.66,26.8
2017-06-04,43.52,63.08,0.0,28.98
2017-06-05,62.56,72.2,28.4,36.96
2017-06-06,66.64,72.96000000000001,41.89,38.64
2017-06-07,64.60000000000001,75.24,56.8,42.0
2017-06-08,61.88,70.68,28.4,36.96
2017-06-09,53.720000000000006,69.92,29.82,33.18
2017-06-10,40.120000000000005,59.28,34.79,29.82
2017-06-11,44.89,63.910000000000004,31.0,27.88
2017-06-12,64.32000000000001,74.69,62.0,37.309999999999995
2017-06-13,62.980000000000004,73.92,24.8,36.489999999999995
2017-06-14,64.32000000000001,74.69,24.8,38.949999999999996
2017-06-15,60.300000000000004,73.15,26.04,39.36
2017-06-16,52.93,69.3,26.04,33.62
2017-06-17,40.870000000000005,62.370000000000005,0.0,27.47
2017-06-18,41.3,61.6,25.48,25.619999999999997
2017-06-19,68.6,75.46000000000001,34.84,36.96
2017-06-20,70.0,75.46000000000001,19.76,39.48
2017-06-21,67.19999999999999,75.46000000000001,20.28,39.9
2017-06-22,66.5,76.23,20.28,37.8
2017-06-23,63.699999999999996,73.92,30.68,33.18
2017-06-24,46.199999999999996,64.68,24.44,28.98
2017-06-25,41.54,64.68,24.990000000000002,26.24
2017-06-26,67.0,73.92,20.91,37.72
2017-06-27,64.99000000000001,76.23,21.42,40.18
2017-06-28,65.66000000000001,77.0,0.0,38.54
2017-06-29,65.66000000000001,73.92,36.72,36.489999999999995
2017-06-30,52.260000000000005,70.84,33.15,32.8
2017-07-01,38.190000000000005,59.29,0.0,29.11
2017-07-02,32.33,59.2,23.450000000000003,26.400000000000002
2017-07-03,45.14,62.9,20.77,33.6
2017-07-04,33.55,59.94,22.78,27.6
2017-07-05,52.46,68.82,30.82,35.6
2017-07-06,58.56,71.78,48.24,37.6
2017-07-07,48.8,67.34,0.0,35.6
2017-07-08,40.87,61.42,0.0,31.200000000000003
2017-07-09,44.8,64.74000000000001,30.6,32.76
2017-07-10,70.0,75.66,25.2,39.48
2017-07-11,65.8,78.0,0.0,40.74
2017-07-12,65.1,77.22,37.800000000000004,42.0
2017-07-13,62.3,77.22,26.1,39.059999999999995
2017-07-14,55.3,72.54,53.1,37.8
2017-07-15,42.699999999999996,63.96,90.0,29.82
2017-07-16,40.870000000000005,65.52,20.74,31.5
2017-07-17,57.620000000000005,74.88,17.08,42.0
2017-07-18,62.980000000000004,76.44,17.69,40.74
2017-07-19,57.620000000000005,77.22,17.08,38.22
2017-07-20,55.61000000000001,75.66,34.769999999999996,37.379999999999995
2017-07-21,51.59,69.42,35.99,35.28
2017-07-22,41.54,63.18,19.52,30.24
2017-07-23,43.47,63.96,0.0,29.24
2017-07-24,59.339999999999996,74.88,26.1,40.85
2017-07-25,61.41,76.44,25.2,40.42
2017-07-26,61.41,77.22,50.4,41.71
2017-07-27,62.099999999999994,74.10000000000001,51.300000000000004,42.14
2017-07-28,54.51,70.98,38.7,38.269999999999996
2017-07-29,42.089999999999996,63.96,0.0,28.38
2017-07-30,43.309999999999995,64.74000000000001,0.0,31.95
2017-07-31,63.19,74.10000000000001,30.099999999999998,43.65
2017-08-01,59.64,74.10000000000001,44.099999999999994,45.0
2017-08-02,71.0,76.44,32.199999999999996,43.2
2017-08-03,57.51,74.10000000000001,45.5,44.1
2017-08-04,49.699999999999996,71.76,0.0,36.45
2017-08-05,43.309999999999995,63.96,0.0,32.4
2017-08-06,36.85,62.370000000000005,67.08,28.38
2017-08-07,56.28,70.84,26.66,39.56
2017-08-08,58.290000000000006,73.92,39.56,40.85
2017-08-09,55.61000000000001,72.38,27.52,36.55
2017-08-10,54.27,72.38,86.0,38.269999999999996
2017-08-11,42.21,67.76,57.62,33.97
2017-08-12,36.18,60.06,0.0,27.52
2017-08-13,37.050000000000004,60.04,0.0,28.81
2017-08-14,52.65,67.64,21.78,41.28
2017-08-15,50.7,72.96000000000001,21.12,39.13
2017-08-16,52.0,72.2,32.34,38.269999999999996
2017-08-17,46.800000000000004,71.44,42.9,38.269999999999996
2017-08-18,43.550000000000004,67.64,21.78,35.26
2017-08-19,35.1,60.04,0.0,31.39
2017-08-20,34.65,60.8,58.52,26.65
2017-08-21,42.21,68.4,23.87,31.979999999999997
2017-08-22,50.4,71.44,0.0,38.129999999999995
2017-08-23,51.03,73.72,37.730000000000004,36.08
2017-08-24,46.62,72.2,24.64,37.309999999999995
2017-08-25,39.06,66.88,0.0,31.979999999999997
2017-08-26,30.87,58.52,0.0,27.47
2017-08-27,32.64,57.76,0.0,25.619999999999997
2017-08-28,51.2,70.68,13.44,37.8
2017-08-29,51.84,72.2,39.9,38.64
2017-08-30,53.76,76.0,13.44,39.9
2017-08-31,48.0,72.96000000000001,26.88,39.48
2017-09-01,49.92,63.08,0.0,33.18
2017-09-02,37.76,56.24,0.0,26.04
2017-09-03,35.339999999999996,55.5,23.2,26.459999999999997
2017-09-04,41.61,60.68,0.0,29.82
2017-09-05,54.15,65.86,0.0,37.379999999999995
2017-09-06,51.87,66.6,0.0,37.379999999999995
2017-09-07,49.019999999999996,66.6,19.139999999999997,34.44
2017-09-08,40.47,61.42,19.139999999999997,31.5
2017-09-09,34.769999999999996,51.8,22.04,26.88
2017-09-10,35.38,57.72,18.62,25.76
2017-09-11,51.24,70.2,16.169999999999998,39.1
2017-09-12,54.9,73.32000000000001,47.53,42.78
2017-09-13,59.17,74.88,31.849999999999998,42.78
2017-09-14,54.9,74.88,16.169999999999998,43.7
2017-09-15,49.41,72.54,16.66,40.480000000000004
2017-09-16,41.48,60.84,38.71,31.740000000000002
2017-09-17,39.69,64.0,0.0,31.28
2017-09-18,61.11,75.2,27.06,44.620000000000005
2017-09-19,63.0,79.2,0.0,46.0
2017-09-20,58.59,77.60000000000001,13.53,41.86
2017-09-21,57.33,77.60000000000001,0.0,43.24
2017-09-22,48.51,72.8,0.0,38.64
2017-09-23,40.95,63.2,16.4,31.740000000000002
2017-09-24,38.43,63.18000000000001,0.0,31.28
2017-09-25,62.37,76.14,0.0,44.620000000000005
2017-09-26,59.22,81.0,23.43,44.160000000000004
2017-09-27,57.96,79.38000000000001,0.0,40.940000000000005
2017-09-28,55.44,77.76,71.0,42.32
2017-09-29,47.25,72.09,24.14,37.72
2017-09-30,39.06,62.370000000000005,0.0,31.740000000000002
2017-10-01,42.089999999999996,62.410000000000004,0.0,35.72
2017-10-02,54.9,70.31,0.0,42.769999999999996
2017-10-03,55.51,75.05,10.56,44.18
2017-10-04,53.68,75.05,10.56,44.18
2017-10-05,52.46,75.05,21.45,43.71
2017-10-06,44.53,69.52000000000001,33.0,38.07
2017-10-07,40.26,59.25,0.0,33.37
2017-10-08,42.16,62.400000000000006,42.74999999999999,33.58
2017-10-09,55.8,73.32000000000001,18.24,40.940000000000005
2017-10-10,57.66,74.10000000000001,18.24,44.160000000000004
2017-10-11,57.04,74.88,18.81,46.0
2017-10-12,54.56,73.32000000000001,0.0,43.7
2017-10-13,45.88,67.86,18.81,38.18
2017-10-14,40.3,60.84,0.0,33.120000000000005
2017-10-15,45.44,65.61,0.0,31.5
2017-10-16,62.72,78.57000000000001,21.12,44.1
2017-10-17,64.0,81.0,21.78,43.65
2017-10-18,60.160000000000004,79.38000000000001,0.0,40.5
2017-10-19,58.24,78.57000000000001,21.78,40.050000000000004
2017-10-20,48.0,72.9,44.88,35.550000000000004
2017-10-21,39.04,61.56,26.400000000000002,29.7
2017-10-22,37.699999999999996,63.2,0.0,31.740000000000002
2017-10-23,49.879999999999995,75.2,10.56,44.620000000000005
2017-10-24,55.099999999999994,79.2,32.01,44.620000000000005
2017-10-25,52.199999999999996,79.2,0.0,43.24
2017-10-26,46.98,76.80000000000001,10.56,44.160000000000004
2017-10-27,41.18,72.0,11.22,37.72
2017-10-28,32.48,59.2,0.0,32.2
2017-10-29,35.96,61.620000000000005,0.0,33.58
2017-10-30,49.879999999999995,74.10000000000001,32.9,42.78
2017-10-31,44.08,70.98,35.0,45.54
2017-11-01,51.04,70.2,60.9,37.72
2017-11-02,56.839999999999996,70.2,43.4,37.72
2017-11-03,48.13999999999999,69.42,59.49999999999999,33.58
2017-11-04,38.86,56.160000000000004,34.3,27.14
2017-11-05,42.699999999999996,62.370000000000005,0.0,30.360000000000003
2017-11-06,57.949999999999996,73.71000000000001,26.0,38.18
2017-11-07,60.39,75.33,26.0,39.1
2017-11-08,60.39,77.76,26.650000000000002,36.34
2017-11-09,57.339999999999996,75.33,27.3,35.42
2017-11-10,47.58,70.47,28.6,32.2
2017-11-11,39.65,63.18000000000001,65.0,28.060000000000002
2017-11-12,40.8,65.6,0.0,29.139999999999997
2017-11-13,60.0,79.53999999999999,22.96,38.07
2017-11-14,57.599999999999994,82.0,22.96,41.36
2017-11-15,58.199999999999996,78.72,22.96,43.71
2017-11-16,52.199999999999996,76.25999999999999,22.96,39.01
2017-11-17,48.6,72.16,23.520000000000003,35.72
2017-11-18,39.6,61.49999999999999,0.0,27.259999999999998
2017-11-19,26.84,54.72,14.7,20.9
2017-11-20,34.76,61.919999999999995,18.9,28.5
2017-11-21,33.0,63.36,12.9,28.5
2017-11-22,29.04,57.599999999999994,13.5,25.84
2017-11-23,16.72,48.96,15.0,17.48
2017-11-24,24.64,53.28,14.399999999999999,18.62
2017-11-25,27.72,56.16,14.399999999999999,22.42
2017-11-26,43.07,68.0,0.0,27.93
2017-11-27,56.05,79.05,21.450000000000003,39.69
2017-11-28,59.0,84.14999999999999,33.0,45.08
2017-11-29,54.87,85.0,22.0,45.57
2017-11-30,53.69,82.45,30.250000000000004,49.0
2017-12-01,50.15,80.75,55.00000000000001,46.55
2017-12-02,43.07,69.7,20.900000000000002,36.75
2017-12-03,41.440000000000005,67.22999999999999,11.4,30.24
2017-12-04,53.2,79.67999999999999,0.0,42.0
2017-12-05,54.32000000000001,81.33999999999999,9.299999999999999,38.22
2017-12-06,56.00000000000001,83.0,9.6,41.58
2017-12-07,50.96000000000001,81.33999999999999,18.9,38.64
2017-12-08,42.56,75.53,14.7,33.18
2017-12-09,39.2,68.06,17.7,31.08
2017-12-10,37.1,68.88,0.0,31.82
2017-12-11,48.760000000000005,78.72,0.0,37.839999999999996
2017-12-12,50.35,81.17999999999999,26.23,39.13
2017-12-13,47.7,80.36,29.28,38.269999999999996
2017-12-14,44.52,77.08,20.13,37.41
2017-12-15,40.28,74.61999999999999,20.74,38.7
2017-12-16,33.92,64.78,24.4,31.82
2017-12-17,33.0,57.72,0.0,23.68
2017-12-18,47.0,65.86,19.5,31.08
2017-12-19,44.0,68.82,13.26,32.93
2017-12-20,40.5,65.12,13.65,30.34
2017-12-21,43.5,63.64,28.080000000000002,28.86
2017-12-22,33.5,58.46,14.82,27.009999999999998
2017-12-23,26.0,52.54,15.99,20.35
2017-12-24,21.15,47.449999999999996,18.06,17.34
2017-12-25,19.74,53.29,19.32,15.98
2017-12-26,34.309999999999995,64.24,0.0,23.8
2017-12-27,44.65,67.16,15.54,27.880000000000003
2017-12-28,46.059999999999995,65.7,15.54,29.580000000000002
2017-12-29,37.599999999999994,61.32,23.099999999999998,27.200000000000003
2017-12-30,33.839999999999996,58.4,16.8,23.46
2017-12-31,37.12,58.46,18.33,25.6
2018-01-01,33.28,57.67,0.0,23.200000000000003
2018-01-02,60.160000000000004,75.05,32.9,37.2
2018-01-03,62.72,75.05,21.15,39.6
2018-01-04,62.72,75.05,26.32,37.6
2018-01-05,55.68,72.68,16.45,35.2
2018-01-06,51.2,67.94,0.0,32.4
2018-01-07,49.64,70.55,0.0,30.96
2018-01-08,64.60000000000001,78.02,28.6,39.56
2018-01-09,68.0,80.50999999999999,28.6,41.71
2018-01-10,64.60000000000001,82.17,14.52,42.14
2018-01-11,65.28,83.0,14.52,40.85
2018-01-12,57.120000000000005,78.02,14.52,40.85
2018-01-13,48.28,68.89,17.16,31.39
2018-01-14,46.230000000000004,67.24,50.050000000000004,32.68
2018-01-15,61.64,73.8,0.0,37.41
2018-01-16,60.300000000000004,77.89999999999999,20.8,42.14
2018-01-17,61.64,80.36,42.25,40.42
2018-01-18,61.64,79.53999999999999,31.85,41.71
2018-01-19,58.290000000000006,76.25999999999999,22.1,39.13
2018-01-20,46.230000000000004,67.24,25.35,32.25
2018-01-21,46.230000000000004,68.88,26.27,31.68
2018-01-22,66.33,80.64,0.0,44.0
2018-01-23,64.99000000000001,82.32,0.0,44.0
2018-01-24,62.31,84.0,45.44,42.24
2018-01-25,61.64,84.0,34.79,41.36
2018-01-26,54.940000000000005,79.8,71.0,39.6
2018-01-27,44.89,70.56,55.379999999999995,32.12
2018-01-28,44.800000000000004,72.25,49.14,34.32
2018-01-29,58.24,82.45,20.16,40.92
2018-01-30,58.88,84.14999999999999,30.240000000000002,43.56
2018-01-31,58.24,83.3,40.32,42.68
2018-02-01,63.36,83.3,40.32,44.0
2018-02-02,58.88,79.05,49.77,40.48
2018-02-03,48.0,69.7,0.0,32.56
2018-02-04,40.87,66.39999999999999,35.1,29.82
2018-02-05,54.9,73.86999999999999,43.68,37.379999999999995
2018-02-06,61.0,80.50999999999999,0.0,40.32
2018-02-07,59.78,80.50999999999999,43.68,39.48
2018-02-08,59.17,80.50999999999999,39.78,39.48
2018-02-09,45.75,75.53,30.42,35.699999999999996
2018-02-10,43.31,68.06,35.88,28.56
2018-02-11,40.47,67.23,0.0,29.93
2018-02-12,53.58,76.14,31.35,38.54
2018-02-13,50.73,77.76,20.900000000000002,39.769999999999996
2018-02-14,43.31999999999999,72.09,42.35,34.44
2018-02-15,45.029999999999994,76.95,21.450000000000003,37.309999999999995
2018-02-16,46.169999999999995,73.71000000000001,55.00000000000001,34.03
2018-02-17,39.33,63.18000000000001,0.0,28.7
2018-02-18,41.18,65.61,0.0,28.29
2018-02-19,52.199999999999996,74.52000000000001,18.33,35.669999999999995
2018-02-20,53.36,77.76,0.0,38.129999999999995
2018-02-21,55.099999999999994,78.57000000000001,26.79,39.769999999999996
2018-02-22,50.459999999999994,77.76,0.0,39.36
2018-02-23,44.08,72.09,18.33,34.44
2018-02-24,37.12,64.80000000000001,21.619999999999997,28.7
2018-02-25,38.86,69.72,51.62,31.39
2018-02-26,55.099999999999994,82.17,36.54,40.85
2018-02-27,53.36,83.0,22.04,42.57
2018-02-28,52.779999999999994,81.33999999999999,22.04,41.71
2018-03-01,50.459999999999994,81.33999999999999,19.139999999999997,41.71
2018-03-02,44.66,77.19,19.72,36.98
2018-03-03,37.12,67.22999999999999,0.0,32.25
2018-03-04,43.5,68.06,0.0,30.34
2018-03-05,55.67999999999999,78.72,16.830000000000002,40.18
2018-03-06,56.26,82.0,51.0,38.949999999999996
2018-03-07,53.36,80.36,16.830000000000002,38.949999999999996
2018-03-08,52.779999999999994,81.17999999999999,26.01,38.54
2018-03-09,48.72,76.25999999999999,17.85,38.129999999999995
2018-03-10,38.279999999999994,64.78,0.0,29.52
2018-03-11,37.52,65.60000000000001,0.0,29.93
2018-03-12,56.00000000000001,76.80000000000001,21.5,38.54
2018-03-13,50.400000000000006,76.80000000000001,21.5,38.129999999999995
2018-03-14,49.28,75.2,29.24,36.9
2018-03-15,49.84,74.4,0.0,38.129999999999995
2018-03-16,40.88,70.4,29.669999999999998,33.62
2018-03-17,36.400000000000006,62.400000000000006,0.0,27.88
2018-03-18,40.599999999999994,67.24,22.96,31.08
2018-03-19,57.99999999999999,80.36,19.040000000000003,39.9
2018-03-20,54.519999999999996,82.0,19.040000000000003,40.32
2018-03-21,53.36,80.36,18.48,41.58
2018-03-22,53.94,78.72,19.6,38.64
2018-03-23,45.239999999999995,74.61999999999999,20.160000000000004,37.379999999999995
2018-03-24,40.599999999999994,64.78,0.0,31.08
2018-03-25,44.4,65.60000000000001,0.0,31.159999999999997
2018-03-26,57.599999999999994,76.80000000000001,0.0,39.36
2018-03-27,57.0,78.4,17.15,41.0
2018-03-28,57.0,77.60000000000001,34.3,39.769999999999996
2018-03-29,51.6,75.2,34.3,38.129999999999995
2018-03-30,48.6,68.8,18.13,35.26
2018-03-31,39.0,61.6,20.58,27.06
2018-04-01,34.16,55.89,0.0,30.099999999999998
2018-04-02,57.339999999999996,70.47,37.0,41.28
2018-04-03,61.0,74.52000000000001,0.0,42.57
2018-04-04,59.17,72.9,0.0,39.99
2018-04-05,55.51,74.52000000000001,12.209999999999999,39.99
2018-04-06,47.58,69.66000000000001,12.58,36.98
2018-04-07,39.65,60.75000000000001,14.06,30.96
2018-04-08,39.65,63.959999999999994,0.0,33.97
2018-04-09,57.339999999999996,77.08,0.0,43.0
2018-04-10,59.17,76.25999999999999,14.08,43.0
2018-04-11,59.78,77.89999999999999,14.52,40.85
2018-04-12,50.629999999999995,77.08,19.36,39.99
2018-04-13,45.14,71.33999999999999,14.52,39.13
2018-04-14,39.04,60.68,0.0,32.68
2018-04-15,45.26,63.99,0.0,33.18
2018-04-16,57.66,72.9,20.150000000000002,39.48
2018-04-17,59.519999999999996,74.52000000000001,27.3,41.16
2018-04-18,58.28,74.52000000000001,21.45,40.32
2018-04-19,55.18,74.52000000000001,31.85,39.9
2018-04-20,47.12,69.66000000000001,32.5,35.28
2018-04-21,40.3,59.940000000000005,25.35,28.98
2018-04-22,40.95,63.91,0.0,32.68
2018-04-23,60.480000000000004,77.19,23.04,41.28
2018-04-24,62.37,80.50999999999999,20.16,41.28
2018-04-25,57.33,79.67999999999999,20.16,41.28
2018-04-26,56.07,83.0,0.0,38.7
2018-04-27,48.51,69.72,24.0,36.12
2018-04-28,42.21,58.099999999999994,19.2,30.099999999999998
2018-04-29,46.15,60.800000000000004,12.48,28.98
2018-04-30,62.400000000000006,72.8,20.48,40.32
2018-05-01,50.050000000000004,78.4,6.4,41.58
2018-05-02,50.050000000000004,78.4,9.6,38.22
2018-05-03,49.4,76.80000000000001,0.0,38.22
2018-05-04,43.550000000000004,72.8,6.4,36.12
2018-05-05,39.0,62.400000000000006,15.36,31.5
2018-05-06,40.300000000000004,63.99,10.56,29.93
2018-05-07,53.95,76.63000000000001,11.44,38.54
2018-05-08,56.550000000000004,75.84,8.8,39.36
2018-05-09,52.0,79.0,8.8,39.36
2018-05-10,48.1,76.63000000000001,11.88,39.769999999999996
2018-05-11,41.6,71.89,18.04,34.44
2018-05-12,37.7,60.830000000000005,22.0,29.11
2018-05-13,36.720000000000006,60.800000000000004,20.5,26.88
2018-05-14,57.120000000000005,76.0,27.88,41.16
2018-05-15,57.800000000000004,77.60000000000001,24.599999999999998,42.0
2018-05-16,56.440000000000005,78.4,16.4,38.22
2018-05-17,61.2,75.2,0.0,40.74
2018-05-18,48.28,72.8,33.62,34.86
2018-05-19,37.400000000000006,59.2,0.0,28.98
2018-05-20,47.57,62.410000000000004,0.0,31.919999999999998
2018-05-21,62.48,75.05,16.0,39.9
2018-05-22,63.19,75.05,80.0,38.22
2018-05-23,64.61,75.84,16.0,38.22
2018-05-24,61.059999999999995,73.47,16.8,38.64
2018-05-25,48.28,69.52000000000001,17.6,33.18
2018-05-26,46.86,61.620000000000005,0.0,28.56
2018-05-27,45.14,60.84,14.75,28.29
2018-05-28,49.58,62.400000000000006,14.16,30.34
2018-05-29,69.56,75.66,24.189999999999998,38.54
2018-05-30,74.0,74.10000000000001,0.0,40.589999999999996
2018-05-31,69.56,74.88,24.189999999999998,37.72
2018-06-01,56.24,71.76,0.0,35.26
2018-06-02,49.58,63.96,0.0,29.11
2018-06-03,52.14,67.94,0.0,34.32
2018-06-04,71.10000000000001,77.42,58.8,42.68
2018-06-05,72.68,76.63000000000001,70.0,43.56
2018-06-06,71.10000000000001,79.0,47.599999999999994,42.68
2018-06-07,66.36,75.84,0.0,39.6
2018-06-08,56.09,71.10000000000001,36.4,36.52
2018-06-09,45.82,63.2,0.0,29.48
2018-06-10,53.46,66.42,59.2,31.68
2018-06-11,74.52000000000001,77.76,0.0,41.36
2018-06-12,81.0,79.38000000000001,45.88,43.56
2018-06-13,76.95,80.19000000000001,59.2,40.92
2018-06-14,68.85000000000001,78.57000000000001,25.16,40.48
2018-06-15,58.32000000000001,73.71000000000001,25.9,37.4
2018-06-16,49.410000000000004,65.61,0.0,30.36
2018-06-17,43.89,64.0,0.0,28.38
2018-06-18,65.45,76.0,34.68,41.28
2018-06-19,67.76,78.4,16.830000000000002,40.42
2018-06-20,69.3,79.2,34.68,43.0
2018-06-21,64.68,76.80000000000001,17.34,43.0
2018-06-22,56.980000000000004,75.2,17.85,36.55
2018-06-23,44.660000000000004,64.8,19.89,30.96
2018-06-24,48.980000000000004,65.60000000000001,18.799999999999997,31.39
2018-06-25,71.10000000000001,77.60000000000001,31.959999999999997,42.14
2018-06-26,69.52000000000001,77.60000000000001,31.959999999999997,40.42
2018-06-27,68.73,79.2,15.979999999999999,41.71
2018-06-28,66.36,76.80000000000001,24.439999999999998,41.28
2018-06-29,60.040000000000006,72.8,0.0,35.69
2018-06-30,46.61,64.8,18.799999999999997,31.82
2018-07-01,42.88,60.8,29.900000000000002,26.8
2018-07-02,61.64,67.64,38.35,33.6
2018-07-03,56.28,69.16,51.35,34.0
2018-07-04,43.550000000000004,61.56,29.900000000000002,27.200000000000003
2018-07-05,56.28,66.88,0.0,33.6
2018-07-06,58.96,65.36,25.35,32.4
2018-07-07,48.910000000000004,57.76,29.25,28.400000000000002
2018-07-08,56.21,63.2,0.0,32.68
2018-07-09,77.0,74.4,33.059999999999995,41.71
2018-07-10,77.0,76.0,22.04,41.71
2018-07-11,77.0,76.0,20.88,40.42
2018-07-12,73.92,75.2,57.99999999999999,39.13
2018-07-13,65.45,72.0,0.0,36.12
2018-07-14,55.44,64.0,26.68,31.82
2018-07-15,48.18,65.61,0.0,29.24
2018-07-16,72.27,77.76,16.77,39.99
2018-07-17,69.35,81.0,16.77,37.839999999999996
2018-07-18,71.53999999999999,81.0,17.2,40.85
2018-07-19,65.7,78.57000000000001,17.2,36.55
2018-07-20,61.32,74.52000000000001,17.2,34.4
2018-07-21,48.18,64.80000000000001,19.35,28.81
2018-07-22,51.8,65.60000000000001,34.68,29.04
2018-07-23,72.52,76.0,19.89,44.0
2018-07-24,70.3,75.2,19.89,40.04
2018-07-25,73.26,76.80000000000001,19.89,40.48
2018-07-26,64.38,75.2,0.0,39.160000000000004
2018-07-27,58.46,71.2,41.31,35.2
2018-07-28,47.36,64.0,0.0,29.92
2018-07-29,51.06,64.78,0.0,31.05
2018-07-30,71.03999999999999,73.47,36.300000000000004,42.300000000000004
2018-07-31,70.3,74.26,42.35,40.050000000000004
2018-08-01,71.03999999999999,73.47,23.1,43.65
2018-08-02,68.08,70.31,0.0,42.300000000000004
2018-08-03,60.68,67.94,24.200000000000003,37.800000000000004
2018-08-04,49.58,62.410000000000004,27.500000000000004,33.300000000000004
2018-08-05,50.25,67.22999999999999,63.0,29.92
2018-08-06,72.0,76.36,53.55,38.72
2018-08-07,75.0,79.67999999999999,40.32,41.8
2018-08-08,73.5,83.0,39.69,39.6
2018-08-09,72.0,81.33999999999999,40.32,39.6
2018-08-10,62.25,74.7,27.09,36.96
2018-08-11,48.0,64.74,0.0,31.24
2018-08-12,51.8,66.42,55.00000000000001,32.56
2018-08-13,70.3,76.25999999999999,35.2,41.36
2018-08-14,71.78,76.25999999999999,31.35,44.0
2018-08-15,72.52,78.72,35.75,41.8
2018-08-16,70.3,77.08,48.400000000000006,40.48
2018-08-17,56.98,72.16,0.0,36.08
2018-08-18,52.54,63.13999999999999,41.800000000000004,32.12
2018-08-19,46.15,65.61,24.439999999999998,33.0
2018-08-20,69.58,74.52000000000001,20.68,40.04
2018-08-21,66.03,75.33,0.0,38.28
2018-08-22,66.74,78.57000000000001,40.89,40.92
2018-08-23,58.93,76.95,0.0,39.6
2018-08-24,53.25,71.28,20.68,36.52
2018-08-25,48.989999999999995,60.75000000000001,23.97,30.36
2018-08-26,48.3,66.42,0.0,33.0
2018-08-27,64.39999999999999,76.95,0.0,42.68
2018-08-28,69.3,77.76,23.68,43.56
2018-08-29,63.699999999999996,76.95,0.0,40.04
2018-08-30,58.8,76.95,15.54,41.36
2018-08-31,50.4,70.47,15.91,36.96
2018-09-01,44.099999999999994,59.940000000000005,0.0,29.04
2018-09-02,43.52,59.25,0.0,27.52
2018-09-03,47.6,66.36,17.759999999999998,32.25
2018-09-04,63.92,72.68,15.17,41.28
2018-09-05,65.28,75.84,0.0,42.14
2018-09-06,63.92,75.84,0.0,37.41
2018-09-07,55.760000000000005,68.73,15.17,35.26
2018-09-08,41.480000000000004,59.25,0.0,29.24
2018-09-09,46.199999999999996,63.99,29.44,29.669999999999998
2018-09-10,67.89999999999999,73.71000000000001,39.04,40.85
2018-09-11,62.99999999999999,76.14,25.6,38.7
2018-09-12,63.699999999999996,76.95,34.56,39.13
2018-09-13,65.1,76.95,26.240000000000002,38.7
2018-09-14,53.9,72.9,40.32,35.26
2018-09-15,48.3,62.370000000000005,31.36,29.669999999999998
2018-09-16,48.96,67.2,23.52,32.85
2018-09-17,67.67999999999999,82.32,39.36,45.0
2018-09-18,72.0,81.48,25.919999999999998,45.0
2018-09-19,69.84,82.32,39.839999999999996,43.2
2018-09-20,65.52,83.16,20.16,41.85
2018-09-21,56.879999999999995,76.44,0.0,37.800000000000004
2018-09-22,48.96,64.67999999999999,48.0,31.95
2018-09-23,48.3,68.85,22.05,32.85
2018-09-24,63.699999999999996,82.45,0.0,45.0
2018-09-25,65.1,85.0,36.45,45.0
2018-09-26,69.3,85.0,0.0,40.95
2018-09-27,62.3,82.45,18.900000000000002,41.4
2018-09-28,51.099999999999994,79.05,19.35,37.35
2018-09-29,46.199999999999996,66.3,0.0,30.6
2018-09-30,46.199999999999996,68.06,22.05,35.04
2018-10-01,60.9,79.67999999999999,37.35,47.519999999999996
2018-10-02,70.0,83.0,28.35,48.0
2018-10-03,65.1,81.33999999999999,18.900000000000002,45.12
2018-10-04,60.199999999999996,78.85,38.25,42.239999999999995
2018-10-05,56.0,73.03999999999999,33.300000000000004,39.839999999999996
2018-10-06,49.0,62.25,23.400000000000002,31.68
2018-10-07,44.16,63.18000000000001,33.809999999999995,28.8
2018-10-08,60.72,75.33,0.0,39.15
2018-10-09,64.86,77.76,44.16,42.300000000000004
2018-10-10,63.48,77.76,29.669999999999998,41.85
2018-10-11,60.029999999999994,76.14,29.669999999999998,40.050000000000004
2018-10-12,53.129999999999995,72.9,46.919999999999995,35.550000000000004
2018-10-13,44.849999999999994,60.75000000000001,36.57,30.150000000000002
2018-10-14,51.83,67.2,0.0,30.360000000000003
2018-10-15,69.58,79.8,34.56,43.7
2018-10-16,66.74,81.48,54.0,43.24
2018-10-17,67.45,84.0,23.220000000000002,41.86
2018-10-18,63.9,80.64,23.220000000000002,39.1
2018-10-19,51.83,75.6,24.840000000000003,37.72
2018-10-20,45.44,63.0,0.0,28.98
2018-10-21,44.220000000000006,62.370000000000005,15.5,32.2
2018-10-22,62.980000000000004,78.57000000000001,0.0,44.620000000000005
2018-10-23,59.63,77.76,13.02,41.4
2018-10-24,56.28,76.95,0.0,41.4
2018-10-25,58.290000000000006,76.95,13.33,41.4
2018-10-26,51.59,71.28,13.95,39.1
2018-10-27,41.54,61.56,16.12,31.28
2018-10-28,42.24,63.08,37.74,32.43
2018-10-29,59.400000000000006,78.85,46.62,43.239999999999995
2018-10-30,60.720000000000006,79.67999999999999,31.82,46.529999999999994
2018-10-31,48.18,78.02,33.3,45.589999999999996
2018-11-01,57.42,77.19,39.22,43.71
2018-11-02,54.78,73.03999999999999,74.0,38.54
2018-11-03,48.18,64.74,0.0,31.49
2018-11-04,53.9,65.57,0.0,31.95
2018-11-05,70.0,78.02,30.0,41.4
2018-11-06,67.19999999999999,79.67999999999999,0.0,40.5
2018-11-07,59.49999999999999,73.86999999999999,43.0,37.800000000000004
2018-11-08,64.39999999999999,78.85,36.5,40.95
2018-11-09,56.699999999999996,74.7,25.0,36.0
2018-11-10,49.0,62.25,44.5,29.25
2018-11-11,45.56,63.18000000000001,21.24,30.36
2018-11-12,61.64,75.33,0.0,36.52
2018-11-13,64.99000000000001,78.57000000000001,17.64,43.12
2018-11-14,60.970000000000006,78.57000000000001,18.0,40.04
2018-11-15,55.61000000000001,76.14,17.64,39.160000000000004
2018-11-16,50.92,71.28,18.0,34.76
2018-11-17,45.56,60.75000000000001,21.24,29.04
2018-11-18,33.28,56.94,0.0,24.48
2018-11-19,42.120000000000005,66.42999999999999,13.26,31.32
2018-11-20,41.6,64.24,0.0,29.52
2018-11-21,35.88,59.129999999999995,14.3,25.2
2018-11-22,19.76,49.64,15.34,18.0
2018-11-23,27.560000000000002,54.75,14.3,19.08
2018-11-24,31.720000000000002,55.48,21.84,21.24
2018-11-25,47.6,68.8,26.79,32.64
2018-11-26,62.56,81.7,28.669999999999998,42.72
2018-11-27,61.88,83.42,37.129999999999995,48.0
2018-11-28,65.28,86.0,45.589999999999996,48.0
2018-11-29,61.2,86.0,30.549999999999997,47.04
2018-11-30,51.00000000000001,79.12,0.0,43.68
2018-12-01,50.32,68.8,0.0,36.0
2018-12-02,45.44,72.24,0.0,31.24
2018-12-03,62.72,86.0,0.0,43.12
2018-12-04,64.0,84.28,21.56,44.0
2018-12-05,62.72,86.0,24.2,43.12
2018-12-06,60.160000000000004,83.42,44.0,43.12
2018-12-07,53.120000000000005,80.84,14.96,37.4
2018-12-08,45.44,69.66,17.6,30.36
2018-12-09,46.72,67.22999999999999,14.04,31.05
2018-12-10,59.52,79.67999999999999,0.0,44.1
2018-12-11,62.08,81.33999999999999,12.24,44.1
2018-12-12,61.44,83.0,18.36,44.1
2018-12-13,54.4,80.50999999999999,12.24,41.85
2018-12-14,53.76,75.53,11.879999999999999,40.95
2018-12-15,41.6,66.39999999999999,0.0,37.800000000000004
2018-12-16,41.4,62.410000000000004,18.900000000000002,27.6
2018-12-17,55.8,73.47,21.150000000000002,34.800000000000004
2018-12-18,57.0,72.68,29.25,35.2
2018-12-19,52.8,72.68,21.150000000000002,34.4
2018-12-20,46.8,70.31,16.2,32.800000000000004
2018-12-21,43.199999999999996,66.36,17.1,31.200000000000003
2018-12-22,36.0,58.46,0.0,24.400000000000002
2018-12-23,27.54,51.1,0.0,17.490000000000002
2018-12-24,23.46,50.37,0.0,18.150000000000002
2018-12-25,19.89,53.29,26.320000000000004,16.5
2018-12-26,38.76,62.78,22.400000000000002,22.44
2018-12-27,45.9,65.7,21.28,27.39
2018-12-28,41.31,62.05,0.0,26.400000000000002
2018-12-29,38.25,58.4,34.160000000000004,21.78
2018-12-30,50.4,60.06,19.27,27.06
2018-12-31,45.5,61.6,17.86,30.749999999999996
2019-01-01,41.3,53.9,0.0,22.959999999999997
2019-01-02,68.6,70.07000000000001,0.0,34.85
2019-01-03,70.0,72.38,16.45,38.54
2019-01-04,62.3,71.61,16.919999999999998,39.36
2019-01-05,54.599999999999994,63.14,18.799999999999997,31.159999999999997
2019-01-06,61.56,70.52,0.0,32.2
2019-01-07,76.14,79.98,27.200000000000003,41.86
2019-01-08,78.57000000000001,82.56,0.0,44.160000000000004
2019-01-09,80.19000000000001,85.14,55.2,46.0
2019-01-10,76.14,83.42,0.0,42.78
2019-01-11,67.23,82.56,36.800000000000004,41.86
2019-01-12,57.510000000000005,69.66,48.0,32.660000000000004
2019-01-13,50.25,69.7,16.77,32.660000000000004
2019-01-14,74.25,80.75,0.0,43.7
2019-01-15,70.5,85.0,14.62,44.620000000000005
2019-01-16,70.5,85.0,14.19,44.160000000000004
2019-01-17,63.0,82.45,0.0,43.7
2019-01-18,57.0,79.05,29.24,38.64
2019-01-19,51.0,67.14999999999999,25.37,32.2
2019-01-20,49.64,68.0,0.0,27.95
2019-01-21,59.129999999999995,73.95,0.0,31.82
2019-01-22,65.7,81.6,11.879999999999999,39.13
2019-01-23,67.89,82.45,11.879999999999999,38.269999999999996
2019-01-24,63.51,84.14999999999999,0.0,39.13
2019-01-25,58.4,80.75,24.48,37.41
2019-01-26,51.83,68.85,14.399999999999999,28.81
2019-01-27,47.57,71.38,0.0,32.12
2019-01-28,63.9,82.56,0.0,39.160000000000004
2019-01-29,63.19,82.56,15.51,40.04
2019-01-30,62.48,83.42,15.979999999999999,38.28
2019-01-31,56.089999999999996,81.7,47.0,39.6
2019-02-01,56.089999999999996,80.84,15.04,39.6
2019-02-02,51.83,70.52,17.86,32.56
2019-02-03,45.54,69.66,0.0,28.81
2019-02-04,64.86,79.12,12.6,38.7
2019-02-05,69.0,86.0,13.44,43.0
2019-02-06,64.17,83.42,13.02,39.56
2019-02-07,61.41,83.42,32.339999999999996,39.99
2019-02-08,58.65,80.84,13.44,36.98
2019-02-09,51.059999999999995,71.38,15.959999999999999,30.099999999999998
2019-02-10,45.36,68.88,0.0,29.93
2019-02-11,57.96,77.08,6.9,36.9
2019-02-12,57.96,79.53999999999999,10.81,38.129999999999995
2019-02-13,56.07,79.53999999999999,0.0,38.949999999999996
2019-02-14,44.73,72.97999999999999,14.49,34.44
2019-02-15,45.99,71.33999999999999,23.0,33.62
2019-02-16,41.58,65.6,8.74,28.7
2019-02-17,46.2,67.2,14.82,31.24
2019-02-18,60.06,75.6,12.870000000000001,37.84
2019-02-19,63.36,82.32,12.09,42.68
2019-02-20,61.38,79.8,12.48,39.160000000000004
2019-02-21,58.74,80.64,12.48,38.72
2019-02-22,53.46,77.28,12.48,37.84
2019-02-23,44.88,66.36,14.43,32.56
2019-02-24,43.550000000000004,67.2,0.0,30.53
2019-02-25,58.5,78.11999999999999,0.0,38.269999999999996
2019-02-26,61.1,80.64,22.26,40.42
2019-02-27,61.1,81.48,24.380000000000003,39.56
2019-02-28,54.6,79.8,0.0,37.41
2019-03-01,46.15,78.11999999999999,27.560000000000002,36.12
2019-03-02,42.9,67.2,16.43,32.25
2019-03-03,46.2,68.89,0.0,31.08
2019-03-04,60.06,78.02,16.38,37.8
2019-03-05,58.74,82.17,0.0,40.32
2019-03-06,59.400000000000006,80.50999999999999,63.0,37.8
2019-03-07,55.440000000000005,81.33999999999999,16.38,36.54
2019-03-08,52.14,75.53,17.01,35.28
2019-03-09,44.88,65.57,20.16,29.4
2019-03-10,42.24,67.24,20.16,28.29
2019-03-11,60.720000000000006,79.53999999999999,0.0,38.129999999999995
2019-03-12,58.74,79.53999999999999,8.32,37.309999999999995
2019-03-13,59.400000000000006,78.72,0.0,37.309999999999995
2019-03-14,52.800000000000004,77.08,8.64,36.08
2019-03-15,50.160000000000004,72.16,17.28,34.85
2019-03-16,46.2,64.78,0.0,27.88
2019-03-17,46.24,64.80000000000001,0.0,30.24
2019-03-18,65.28,76.95,14.31,39.9
2019-03-19,68.0,81.0,0.0,40.32
2019-03-20,62.56,79.38000000000001,14.31,39.48
2019-03-21,57.120000000000005,76.14,21.200000000000003,36.12
2019-03-22,55.760000000000005,71.28,43.99,35.28
2019-03-23,46.24,63.18000000000001,16.96,28.56
2019-03-24,47.6,66.39999999999999,0.0,32.12
2019-03-25,65.28,79.67999999999999,15.120000000000001,44.0
2019-03-26,63.92,81.33999999999999,15.120000000000001,41.8
2019-03-27,61.88,81.33999999999999,15.680000000000001,42.68
2019-03-28,61.2,79.67999999999999,15.120000000000001,41.8
2019-03-29,51.68000000000001,75.53,15.120000000000001,39.6
2019-03-30,46.92,63.91,0.0,32.56
2019-03-31,42.9,68.06,0.0,35.550000000000004
2019-04-01,54.78,78.85,26.88,43.2
2019-04-02,60.720000000000006,78.85,13.44,43.65
2019-04-03,56.1,78.85,13.44,42.300000000000004
2019-04-04,55.440000000000005,78.85,20.16,44.550000000000004
2019-04-05,50.82,74.7,13.92,39.6
2019-04-06,43.56,63.08,33.12,33.75
2019-04-07,43.550000000000004,65.6,35.0,34.76
2019-04-08,57.620000000000005,79.53999999999999,28.0,44.0
2019-04-09,61.64,79.53999999999999,56.0,42.24
2019-04-10,56.28,78.72,100.0,42.24
2019-04-11,52.260000000000005,78.72,0.0,40.04
2019-04-12,48.24,72.97999999999999,39.0,37.4
2019-04-13,40.870000000000005,60.68,35.0,29.92
2019-04-14,40.120000000000005,63.2,18.36,31.82
2019-04-15,62.56,73.60000000000001,22.68,40.85
2019-04-16,59.84,76.0,0.0,40.85
2019-04-17,63.24,76.80000000000001,23.76,40.85
2019-04-18,54.400000000000006,72.8,23.76,38.7
2019-04-19,49.64,67.2,16.740000000000002,35.26
2019-04-20,40.800000000000004,59.2,0.0,29.24
2019-04-21,40.599999999999994,60.589999999999996,9.25,30.96
2019-04-22,67.89999999999999,75.53,7.5,39.56
2019-04-23,65.1,83.0,11.0,42.14
2019-04-24,64.39999999999999,82.17,11.0,41.71
2019-04-25,57.4,82.17,7.0,41.28
2019-04-26,52.5,73.03999999999999,0.0,34.83
2019-04-27,46.199999999999996,59.76,13.0,30.099999999999998
2019-04-28,49.58,64.78,0.0,32.56
2019-04-29,71.03999999999999,77.08,12.32,41.8
2019-04-30,74.0,79.53999999999999,11.88,43.12
2019-05-01,60.68,82.0,28.6,40.04
2019-05-02,59.94,78.72,21.12,40.92
2019-05-03,54.019999999999996,74.61999999999999,29.48,39.6
2019-05-04,45.14,64.78,17.16,32.56
2019-05-05,47.25,66.42,24.4,32.68
2019-05-06,66.0,78.72,29.89,39.99
2019-05-07,63.75,79.53999999999999,20.13,40.85
2019-05-08,66.0,80.36,40.26,39.99
2019-05-09,60.0,79.53999999999999,20.13,37.839999999999996
2019-05-10,51.75,72.16,20.74,35.26
2019-05-11,45.0,63.13999999999999,25.009999999999998,28.81
2019-05-12,44.46,62.31999999999999,0.0,29.669999999999998
2019-05-13,71.76,77.89999999999999,17.0,41.28
2019-05-14,73.32000000000001,80.36,50.0,41.28
2019-05-15,67.08,82.0,25.0,41.28
2019-05-16,64.74000000000001,79.53999999999999,16.5,40.85
2019-05-17,54.6,75.44,0.0,37.41
2019-05-18,49.14,63.959999999999994,21.0,30.53
2019-05-19,54.27,64.8,15.17,33.0
2019-05-20,73.71000000000001,77.60000000000001,12.58,41.8
2019-05-21,73.71000000000001,77.60000000000001,24.79,44.0
2019-05-22,72.09,77.60000000000001,12.58,42.24
2019-05-23,70.47,76.0,12.58,40.04
2019-05-24,60.75000000000001,71.2,32.56,37.84
2019-05-25,55.89,62.400000000000006,0.0,30.36
2019-05-26,51.239999999999995,57.75,28.810000000000002,28.14
2019-05-27,60.48,61.6,26.8,32.339999999999996
2019-05-28,83.16,73.15,44.89,39.9
2019-05-29,84.0,74.69,33.5,41.16
2019-05-30,78.11999999999999,73.92,32.830000000000005,37.8
2019-05-31,68.88,70.84,22.78,36.54
2019-06-01,58.8,62.370000000000005,0.0,31.5
2019-06-02,58.08,65.60000000000001,0.0,33.0
2019-06-03,80.96,77.60000000000001,17.55,40.48
2019-06-04,84.48,76.0,13.65,42.24
2019-06-05,80.96,76.80000000000001,27.3,40.92
2019-06-06,74.8,74.4,20.150000000000002,40.04
2019-06-07,70.4,72.8,13.65,36.96
2019-06-08,58.96,62.400000000000006,65.0,31.24
2019-06-09,61.410000000000004,65.57000000000001,11.25,30.8
2019-06-10,85.44,72.68,18.45,40.48
2019-06-11,89.0,76.63000000000001,9.450000000000001,43.56
2019-06-12,83.66,79.0,9.9,43.12
2019-06-13,78.32000000000001,73.47,15.75,40.92
2019-06-14,68.53,71.10000000000001,18.900000000000002,35.64
2019-06-15,58.74,63.99,16.650000000000002,31.68
2019-06-16,56.07,62.400000000000006,0.0,29.7
2019-06-17,82.77,75.2,22.4,40.95
2019-06-18,89.0,77.60000000000001,29.4,43.65
2019-06-19,81.88,80.0,24.5,44.550000000000004
2019-06-20,78.32000000000001,78.4,21.7,40.5
2019-06-21,70.31,74.4,20.299999999999997,39.15
2019-06-22,57.85,64.0,17.5,31.5
2019-06-23,56.96,65.61,20.8,32.4
2019-06-24,80.99,79.38000000000001,34.4,42.300000000000004
2019-06-25,86.33,80.19000000000001,16.8,45.0
2019-06-26,83.66,78.57000000000001,42.400000000000006,41.85
2019-06-27,79.21000000000001,77.76,16.8,41.4
2019-06-28,68.53,72.9,26.400000000000002,36.45
2019-06-29,59.63,65.61,20.0,31.05
2019-06-30,46.5,60.0,25.5,28.0
2019-07-01,68.25,69.75,25.5,38.800000000000004
2019-07-02,65.25,72.0,49.980000000000004,37.6
2019-07-03,60.0,69.75,25.5,35.2
2019-07-04,39.0,59.25,0.0,26.0
2019-07-05,51.0,63.0,28.05,29.6
2019-07-06,47.25,57.0,0.0,25.6
2019-07-07,55.9,61.620000000000005,24.75,30.6
2019-07-08,82.56,74.26,36.0,43.65
2019-07-09,86.0,79.0,36.9,44.1
2019-07-10,76.53999999999999,79.0,44.1,41.4
2019-07-11,79.98,77.42,0.0,43.65
2019-07-12,66.22,72.68,45.0,38.7
2019-07-13,55.04,65.57000000000001,25.650000000000002,31.05
2019-07-14,55.61,71.33999999999999,0.0,31.24
2019-07-15,75.53,82.0,52.38,44.0
2019-07-16,77.19,82.0,38.88,43.56
2019-07-17,72.21,81.17999999999999,0.0,41.8
2019-07-18,70.55,79.53999999999999,26.46,40.92
2019-07-19,63.91,75.44,27.540000000000003,37.84
2019-07-20,51.46,66.42,30.78,29.92
2019-07-21,51.84,64.74000000000001,0.0,31.68
2019-07-22,72.09,72.54,18.5,42.24
2019-07-23,75.33,75.66,0.0,41.36
2019-07-24,68.04,73.32000000000001,21.25,41.36
2019-07-25,67.23,73.32000000000001,12.75,40.92
2019-07-26,59.940000000000005,70.2,0.0,38.28
2019-07-27,51.84,61.620000000000005,14.5,30.8
2019-07-28,52.650000000000006,64.78,14.63,30.8
2019-07-29,71.28,72.68,9.5,40.04
2019-07-30,73.71000000000001,76.63000000000001,0.0,43.12
2019-07-31,68.04,75.84,19.0,40.48
2019-08-01,65.61,71.89,0.0,40.92
2019-08-02,60.75000000000001,68.73,6.08,34.76
2019-08-03,48.6,61.620000000000005,0.0,28.6
2019-08-04,49.199999999999996,60.84,0.0,30.8
2019-08-05,73.8,69.42,12.6,40.04
2019-08-06,75.44,70.98,39.48,39.6
2019-08-07,74.61999999999999,73.32000000000001,13.02,38.72
2019-08-08,70.52,69.42,12.6,39.160000000000004
2019-08-09,67.24,68.64,0.0,36.96
2019-08-10,54.12,60.84,15.12,31.68
2019-08-11,53.76,62.400000000000006,25.55,30.6
2019-08-12,77.28,75.2,32.85,41.85
2019-08-13,84.0,78.4,44.53,42.300000000000004
2019-08-14,78.11999999999999,75.2,31.39,42.75
2019-08-15,73.08,76.0,43.07,40.050000000000004
2019-08-16,62.16,72.8,32.85,38.25
2019-08-17,55.44,63.2,0.0,29.7
2019-08-18,59.339999999999996,63.99,0.0,31.5
2019-08-19,80.84,75.33,10.44,40.95
2019-08-20,85.14,76.95,32.04,42.75
2019-08-21,81.7,78.57000000000001,10.799999999999999,41.4
2019-08-22,75.67999999999999,76.95,21.24,41.4
2019-08-23,67.08,73.71000000000001,10.799999999999999,37.800000000000004
2019-08-24,56.76,61.56,18.72,30.150000000000002
2019-08-25,50.400000000000006,63.99,17.34,31.24
2019-08-26,69.60000000000001,76.95,51.0,40.04
2019-08-27,78.4,81.0,14.790000000000001,44.0
2019-08-28,70.4,80.19000000000001,28.560000000000002,40.04
2019-08-29,66.4,79.38000000000001,14.790000000000001,39.160000000000004
2019-08-30,53.6,71.28,14.280000000000001,36.52
2019-08-31,48.0,59.13,16.32,29.04
2019-09-01,44.84,56.21,0.0,26.04
2019-09-02,50.160000000000004,59.29,15.54,29.4
2019-09-03,69.16,69.3,13.86,37.8
2019-09-04,70.68,71.61,13.86,38.64
2019-09-05,68.4,71.61,42.0,38.64
2019-09-06,57.0,65.45,13.86,35.28
2019-09-07,48.64,56.21,16.38,28.56
2019-09-08,52.260000000000005,63.959999999999994,24.32,31.05
2019-09-09,78.0,78.72,21.12,43.2
2019-09-10,70.98,79.53999999999999,21.12,42.75
2019-09-11,70.2,77.89999999999999,31.36,42.300000000000004
2019-09-12,67.86,77.89999999999999,21.12,40.050000000000004
2019-09-13,53.82,72.16,21.12,36.9
2019-09-14,47.58,63.959999999999994,51.2,31.5
2019-09-15,47.58,62.370000000000005,15.200000000000001,32.4
2019-09-16,69.42,76.95,13.200000000000001,42.300000000000004
2019-09-17,68.64,77.76,19.6,43.65
2019-09-18,72.54,78.57000000000001,26.400000000000002,43.65
2019-09-19,67.08,76.95,26.400000000000002,38.7
2019-09-20,57.72,71.28,19.6,38.25
2019-09-21,49.92,60.75000000000001,15.600000000000001,31.5
2019-09-22,52.14,65.52,17.55,32.4
2019-09-23,70.31,79.8,43.65,42.300000000000004
2019-09-24,72.68,82.32,14.85,44.1
2019-09-25,72.68,84.0,22.5,43.2
2019-09-26,67.15,80.64,15.3,40.95
2019-09-27,57.67,75.6,15.3,36.45
2019-09-28,49.77,63.839999999999996,18.45,31.5
2019-09-29,48.980000000000004,67.2,23.4,34.56
2019-09-30,73.47,79.8,49.8,48.0
2019-10-01,79.0,81.48,24.0,47.519999999999996
2019-10-02,75.84,82.32,24.0,48.0
2019-10-03,68.73,82.32,0.0,46.559999999999995
2019-10-04,60.830000000000005,75.6,49.8,41.76
2019-10-05,52.14,63.839999999999996,28.799999999999997,31.2
2019-10-06,49.28,63.959999999999994,25.44,31.28
2019-10-07,72.38,77.89999999999999,21.73,43.7
2019-10-08,72.38,81.17999999999999,32.33,43.7
2019-10-09,70.07000000000001,80.36,21.73,42.78
2019-10-10,66.99,77.89999999999999,32.33,40.940000000000005
2019-10-11,57.75,74.61999999999999,36.57,37.260000000000005
2019-10-12,53.13,60.68,0.0,29.900000000000002
2019-10-13,52.0,62.25,0.0,29.900000000000002
2019-10-14,72.0,75.53,0.0,42.32
2019-10-15,76.80000000000001,80.50999999999999,0.0,45.080000000000005
2019-10-16,76.80000000000001,79.67999999999999,18.45,41.86
2019-10-17,71.2,80.50999999999999,18.45,42.78
2019-10-18,61.6,74.7,18.45,38.18
2019-10-19,54.400000000000006,61.419999999999995,21.6,29.900000000000002
2019-10-20,49.92,65.52,26.320000000000004,31.28
2019-10-21,74.10000000000001,81.48,21.840000000000003,41.86
2019-10-22,74.88,83.16,36.400000000000006,44.620000000000005
2019-10-23,70.2,84.0,33.6,43.24
2019-10-24,65.52,80.64,56.00000000000001,40.940000000000005
2019-10-25,58.5,75.6,0.0,40.02
2019-10-26,49.92,62.16,28.560000000000002,32.2
2019-10-27,47.449999999999996,63.18000000000001,0.0,30.82
2019-10-28,67.89,76.14,32.480000000000004,41.4
2019-10-29,64.97,79.38000000000001,22.400000000000002,43.7
2019-10-30,64.97,78.57000000000001,21.840000000000003,43.24
2019-10-31,51.83,72.09,0.0,39.1
2019-11-01,51.83,69.66000000000001,28.000000000000004,38.18
2019-11-02,51.1,61.56,0.0,34.04
2019-11-03,56.800000000000004,66.36,22.549999999999997,34.08
2019-11-04,75.2,80.64,18.86,47.04
2019-11-05,80.0,82.32,0.0,48.0
2019-11-06,77.60000000000001,82.32,18.86,46.08
2019-11-07,68.0,80.64,37.72,46.08
2019-11-08,62.400000000000006,74.75999999999999,0.0,41.76
2019-11-09,53.6,64.67999999999999,22.549999999999997,32.64
2019-11-10,48.64,64.74,32.94,30.8
2019-11-11,63.84,78.02,28.669999999999998,38.72
2019-11-12,69.92,83.0,27.45,43.12
2019-11-13,66.88,82.17,41.48,41.8
2019-11-14,69.16,80.50999999999999,27.45,40.92
2019-11-15,57.0,73.86999999999999,56.12,39.6
2019-11-16,50.92,64.74,0.0,30.8
2019-11-17,49.4,67.2,23.32,33.12
2019-11-18,71.44,80.64,29.92,45.6
2019-11-19,70.68,83.16,20.24,47.519999999999996
2019-11-20,68.4,83.16,0.0,48.0
2019-11-21,65.36,82.32,30.8,45.12
2019-11-22,54.72,76.44,41.8,42.239999999999995
2019-11-23,47.88,63.839999999999996,23.32,31.68
2019-11-24,37.12,58.46,43.2,27.3
2019-11-25,45.239999999999995,66.6,25.380000000000003,32.370000000000005
2019-11-26,42.919999999999995,65.12,38.88,31.98
2019-11-27,36.54,60.68,54.0,30.03
2019-11-28,23.779999999999998,50.32,29.160000000000004,21.45
2019-11-29,28.419999999999998,54.76,0.0,23.01
2019-11-30,33.059999999999995,57.72,28.080000000000002,27.3
2019-12-01,48.91,69.72,0.0,42.24
2019-12-02,73.0,81.48,54.0,43.12
2019-12-03,68.62,84.0,0.0,43.12
2019-12-04,70.08,84.0,37.800000000000004,44.0
2019-12-05,67.16,83.16,18.900000000000002,43.12
2019-12-06,56.94,78.11999999999999,25.380000000000003,40.48
2019-12-07,51.1,68.03999999999999,22.68,31.24
2019-12-08,44.2,64.78,0.0,26.65
2019-12-09,62.56,77.08,26.27,36.489999999999995
2019-12-10,57.800000000000004,80.36,13.32,38.949999999999996
2019-12-11,59.84,81.17999999999999,12.95,38.54
2019-12-12,57.800000000000004,79.53999999999999,0.0,36.489999999999995
2019-12-13,51.68000000000001,74.61999999999999,13.32,34.85
2019-12-14,46.92,66.42,15.54,29.52
2019-12-15,41.58,62.410000000000004,0.0,27.69
2019-12-16,51.660000000000004,71.10000000000001,18.55,35.88
2019-12-17,53.55,73.47,18.55,35.1
2019-12-18,51.660000000000004,72.68,19.080000000000002,32.370000000000005
2019-12-19,45.99,72.68,19.61,31.200000000000003
2019-12-20,40.32,67.15,0.0,31.200000000000003
2019-12-21,38.43,57.67,23.32,24.96
2019-12-22,31.900000000000002,51.099999999999994,0.0,18.56
2019-12-23,34.1,54.599999999999994,16.8,22.080000000000002
2019-12-24,26.400000000000002,48.3,17.64,17.28
2019-12-25,20.900000000000002,51.099999999999994,0.0,14.72
2019-12-26,40.150000000000006,60.199999999999996,23.099999999999998,23.36
2019-12-27,45.650000000000006,60.9,16.38,26.88
2019-12-28,40.150000000000006,56.0,17.64,21.44
2019-12-29,53.25,59.29,21.87,26.91
2019-12-30,70.5,65.45,10.260000000000002,32.76
2019-12-31,54.75,63.14,21.6,28.86
2020-01-01,41.25,55.44,0.0,22.62
2020-01-02,70.5,69.3,11.34,35.1
2020-01-03,64.5,69.3,22.41,35.88
2020-01-04,54.75,63.910000000000004,0.0,28.470000000000002
2020-01-05,60.72,69.7,27.45,32.660000000000004
2020-01-06,88.0,79.89999999999999,25.009999999999998,44.160000000000004
2020-01-07,86.24,83.3,24.4,43.7
2020-01-08,81.84,83.3,50.019999999999996,45.54
2020-01-09,75.68,81.6,37.21,43.7
2020-01-10,69.52,79.05,61.0,41.4
2020-01-11,62.48,69.7,0.0,32.2
2020-01-12,59.16,68.8,20.25,31.740000000000002
2020-01-13,87.0,84.28,16.650000000000002,44.160000000000004
2020-01-14,85.26,85.14,0.0,45.080000000000005
2020-01-15,80.91,86.0,17.1,45.54
2020-01-16,73.95,85.14,35.1,45.080000000000005
2020-01-17,66.99,77.4,0.0,40.480000000000004
2020-01-18,60.9,69.66,20.7,32.2
2020-01-19,52.29,67.08,24.3,28.35
2020-01-20,68.89,79.98,44.82,38.25
2020-01-21,73.03999999999999,86.0,21.6,41.85
2020-01-22,73.03999999999999,86.0,42.660000000000004,45.0
2020-01-23,67.22999999999999,84.28,0.0,40.5
2020-01-24,66.39999999999999,81.7,32.400000000000006,39.6
2020-01-25,55.61,72.24,25.380000000000003,31.5
2020-01-26,44.84,66.22,0.0,28.38
2020-01-27,60.8,79.98,42.74999999999999,38.7
2020-01-28,66.12,85.14,44.459999999999994,41.28
2020-01-29,60.8,84.28,22.229999999999997,40.42
2020-01-30,60.04,85.14,45.599999999999994,38.269999999999996
2020-01-31,52.44,80.84,22.799999999999997,35.26
2020-02-01,50.92,68.8,0.0,32.25
2020-02-02,47.25,67.94,10.85,32.12
2020-02-03,70.5,77.4,8.399999999999999,40.92
2020-02-04,74.25,86.0,9.1,43.12
2020-02-05,70.5,82.56,0.0,40.92
2020-02-06,70.5,81.7,18.2,39.160000000000004
2020-02-07,57.75,79.12,0.0,39.160000000000004
2020-02-08,54.75,67.94,10.85,31.68
2020-02-09,50.41,69.7,19.84,30.24
2020-02-10,64.61,78.2,24.32,38.64
2020-02-11,68.16,81.6,16.0,39.48
2020-02-12,65.32,82.45,24.96,40.74
2020-02-13,60.349999999999994,81.6,24.96,39.059999999999995
2020-02-14,48.989999999999995,73.95,26.240000000000002,34.019999999999996
2020-02-15,46.15,66.3,0.0,28.98
2020-02-16,48.0,68.73,45.14,33.75
2020-02-17,71.25,80.04,0.0,42.300000000000004
2020-02-18,75.0,84.39,18.5,43.2
2020-02-19,72.75,86.13,28.12,44.1
2020-02-20,64.5,83.52,37.74,43.65
2020-02-21,59.25,79.17,48.1,40.5
2020-02-22,51.75,69.6,65.86,33.300000000000004
2020-02-23,49.68,68.85,19.5,35.1
2020-02-24,67.67999999999999,82.45,40.95,41.4
2020-02-25,64.8,81.6,21.45,45.0
2020-02-26,62.64,83.3,16.25,40.95
2020-02-27,61.199999999999996,80.75,65.0,41.4
2020-02-28,54.0,78.2,50.050000000000004,38.25
2020-02-29,50.4,67.14999999999999,18.85,34.2
2020-03-01,34.3,60.03,0.0,15.91
2020-03-02,49.699999999999996,71.34,27.200000000000003,19.35
2020-03-03,47.599999999999994,71.34,68.0,18.919999999999998
2020-03-04,45.5,73.08,20.400000000000002,19.35
2020-03-05,46.9,73.08,27.880000000000003,18.919999999999998
2020-03-06,42.0,68.73,0.0,17.2
2020-03-07,35.0,59.16,16.32,14.62
2020-03-08,33.660000000000004,56.44,0.0,12.870000000000001
2020-03-09,44.88,66.39999999999999,0.0,17.16
2020-03-10,45.54,68.89,11.1,16.38
2020-03-11,46.2,66.39999999999999,7.4,15.99
2020-03-12,37.620000000000005,63.91,7.03,14.040000000000001
2020-03-13,32.34,62.25,0.0,13.65
2020-03-14,31.68,58.099999999999994,0.0,12.48
2020-03-15,46.92,66.96000000000001,0.0,20.79
2020-03-16,61.64,79.98,10.0,30.240000000000002
2020-03-17,89.24000000000001,79.98,15.0,37.8
2020-03-18,85.56,81.84,30.5,42.21
2020-03-19,79.12,82.77000000000001,0.0,42.84
2020-03-20,78.2,84.63000000000001,0.0,44.1
2020-03-21,68.08,73.47,0.0,38.43
2020-03-22,63.19,81.0,0.0,56.55
2020-03-23,82.77,97.0,9.31,68.73
2020-03-24,89.0,100.0,19.6,61.77
2020-03-25,76.54,96.0,9.8,71.34
2020-03-26,63.19,94.0,29.4,84.39
2020-03-27,61.410000000000004,88.0,9.31,80.91
2020-03-28,51.62,80.0,0.0,73.95
2020-03-29,40.32,73.32,0.0,69.0
2020-03-30,51.12,84.6,12.95,98.0
2020-03-31,53.28,86.47999999999999,6.6499999999999995,100.0
2020-04-01,72.0,94.0,11.2,96.0
2020-04-02,72.0,93.05999999999999,11.2,100.0
2020-04-03,68.39999999999999,90.24,11.2,94.0
2020-04-04,57.599999999999994,81.78,12.95,70.0
2020-04-05,46.800000000000004,75.53,23.68,48.0
2020-04-06,60.45,85.54,20.16,64.0
2020-04-07,61.75,86.45,10.24,64.8
2020-04-08,61.1,87.36,20.8,59.2
2020-04-09,57.85,88.27,10.24,62.400000000000006
2020-04-10,53.300000000000004,80.99000000000001,32.0,60.800000000000004
2020-04-11,45.5,73.71000000000001,23.68,48.800000000000004
2020-04-12,34.769999999999996,67.64,0.0,40.04
2020-04-13,53.07,82.77,31.5,57.75
2020-04-14,55.51,83.66,16.0,61.6
2020-04-15,53.07,82.77,15.0,65.45
2020-04-16,54.29,85.44,0.0,59.29
2020-04-17,47.58,82.77,15.5,50.82
2020-04-18,41.48,74.76,36.0,43.120000000000005
2020-04-19,41.4,77.28,0.0,38.879999999999995
2020-04-20,51.6,86.48,10.540000000000001,48.239999999999995
2020-04-21,51.0,87.4,21.080000000000002,49.68
2020-04-22,51.6,87.4,10.540000000000001,51.12
2020-04-23,49.199999999999996,88.32000000000001,10.540000000000001,48.239999999999995
2020-04-24,47.4,83.72,15.64,48.239999999999995
2020-04-25,43.199999999999996,74.52000000000001,12.24,37.44
2020-04-26,42.84,74.7,24.84,35.36
2020-04-27,57.33,86.4,21.62,46.24
2020-04-28,59.22,87.3,22.080000000000002,48.28
2020-04-29,56.07,86.4,28.98,44.88
2020-04-30,54.81,84.60000000000001,20.240000000000002,42.160000000000004
2020-05-01,44.73,85.5,28.52,65.96000000000001
2020-05-02,41.58,73.8,19.32,57.120000000000005
2020-05-03,43.47,76.54,33.06,50.22
2020-05-04,54.51,83.66,0.0,62.0
2020-05-05,56.58,87.22,12.92,60.14
2020-05-06,56.58,87.22,0.0,57.66
2020-05-07,56.58,85.44,28.5,57.04
2020-05-08,51.74999999999999,81.88,20.9,53.94
2020-05-09,42.779999999999994,72.98,15.96,45.88
2020-05-10,40.5,66.75,0.0,41.54
2020-05-11,66.0,84.55,12.95,56.42
2020-05-12,68.25,89.0,35.0,59.519999999999996
2020-05-13,67.5,89.0,0.0,58.9
2020-05-14,66.0,85.44,12.95,58.28
2020-05-15,60.75,83.66,13.299999999999999,55.8
2020-05-16,53.25,72.98,15.049999999999999,47.12
2020-05-17,55.38,74.82,24.939999999999998,47.12
2020-05-18,68.64,80.04,10.729999999999999,54.56
2020-05-19,72.54,81.78,10.729999999999999,58.28
2020-05-20,70.98,83.52,16.24,57.04
2020-05-21,67.86,81.78,0.0,56.42
2020-05-22,63.18,78.3,11.02,55.18
2020-05-23,53.82,68.73,12.76,42.78
2020-05-24,53.6,66.36,0.0,39.33
2020-05-25,61.6,68.03999999999999,4.3,39.9
2020-05-26,79.2,77.28,5.7,49.589999999999996
2020-05-27,79.2,77.28,3.8000000000000003,50.16
2020-05-28,80.0,78.11999999999999,5.6000000000000005,49.589999999999996
2020-05-29,68.8,73.08,7.7,46.739999999999995
2020-05-30,57.6,64.67999999999999,0.0,37.05
2020-05-31,57.4,61.56,19.8,38.64
2020-06-01,68.88,74.52000000000001,36.0,54.88
2020-06-02,67.24,75.33,43.65,56.00000000000001
2020-06-03,75.44,78.57000000000001,21.150000000000002,56.00000000000001
2020-06-04,78.72,80.19000000000001,30.6,54.88
2020-06-05,71.33999999999999,76.14,21.150000000000002,50.96000000000001
2020-06-06,59.86,68.85000000000001,0.0,42.56
2020-06-07,70.68,77.44,30.800000000000004,45.43
2020-06-08,92.07000000000001,87.12,25.3,59.0
2020-06-09,93.0,87.12,37.95,57.23
2020-06-10,91.14,88.0,26.400000000000002,56.64
2020-06-11,90.21000000000001,87.12,26.400000000000002,57.82
2020-06-12,76.26,82.72,55.00000000000001,50.15
2020-06-13,71.61,76.56,31.35,41.89
