,dataset2_dollar_eur,cash,return
2017-12-22 00:00:00+00:00,0.0,3000.0,0.0
2017-12-25 00:00:00+00:00,0.0,3000.0,0.0
2017-12-26 00:00:00+00:00,0.0,3000.0,0.0
2017-12-27 00:00:00+00:00,0.0,3000.0,0.0
2017-12-28 00:00:00+00:00,0.0,3000.0,0.0
2017-12-29 00:00:00+00:00,0.0,3000.0,0.0
2018-01-01 00:00:00+00:00,0.0,3000.0,0.0
2018-01-02 00:00:00+00:00,0.0,3000.0,0.0
2018-01-03 00:00:00+00:00,-6724.571626886036,9699.522153149737,-0.008349824578766207
2018-01-04 00:00:00+00:00,-6692.249725290813,9699.522153149737,0.010864685415732378
2018-01-05 00:00:00+00:00,-6715.683103947349,9699.522153149737,-0.007792236725696178
2018-01-08 00:00:00+00:00,-6747.196958002691,9699.522153149737,-0.010561512714221566
2018-01-09 00:00:00+00:00,-6768.206194039586,9699.522153149737,-0.007116165953340747
2018-01-10 00:00:00+00:00,-6759.3176711009,9699.522153149737,0.003032263687256842
2018-01-11 00:00:00+00:00,-6710.026771168185,9699.522153149737,0.016764446225987273
2018-01-12 00:00:00+00:00,-6620.333494241443,9699.522153149737,0.03000281501264279
2018-01-15 00:00:00+00:00,-6586.39549756646,9699.522153149737,0.011021733461117567
2018-01-16 00:00:00+00:00,-6591.243782805743,9699.522153149737,-0.0015573684516135833
2018-01-17 00:00:00+00:00,-6638.918587658696,9699.522153149737,-0.015338010040483407
2018-01-18 00:00:00+00:00,-6598.516210664668,9699.522153149737,0.013200787403365055
2018-01-19 00:00:00+00:00,-6609.020828683115,9699.522153149737,-0.003387487226170549
2018-01-22 00:00:00+00:00,-6589.627687725982,9699.522153149737,0.006275079322439758
2018-01-23 00:00:00+00:00,-6568.618451689086,9699.522153149737,0.006755610606880458
2018-01-24 00:00:00+00:00,-6512.055123897448,9699.522153149737,0.018066134632390707
2018-01-25 00:00:00+00:00,-6529.024122234939,9699.522153149737,-0.005323662388273087
2018-01-26 00:00:00+00:00,-6500.742458339119,9699.522153149737,0.008920259094959526
2018-01-29 00:00:00+00:00,-6524.983884535537,9699.522153149737,-0.007578335649605528
2018-01-30 00:00:00+00:00,-6512.055123897448,9699.522153149737,0.004072642867755771
2018-01-31 00:00:00+00:00,0.0,3188.2750767921707,0.0002535077327749935
2018-02-01 00:00:00+00:00,0.0,3188.2750767921707,0.0
2018-02-02 00:00:00+00:00,0.0,3188.2750767921707,0.0
2018-02-05 00:00:00+00:00,0.0,3188.2750767921707,0.0
2018-02-06 00:00:00+00:00,0.0,3188.2750767921707,0.0
2018-02-07 00:00:00+00:00,0.0,3188.2750767921707,0.0
2018-02-08 00:00:00+00:00,0.0,3188.2750767921707,0.0
2018-02-09 00:00:00+00:00,0.0,3188.2750767921707,0.0
2018-02-12 00:00:00+00:00,0.0,3188.2750767921707,0.0
2018-02-13 00:00:00+00:00,0.0,3188.2750767921707,0.0
2018-02-14 00:00:00+00:00,0.0,3188.2750767921707,0.0
2018-02-15 00:00:00+00:00,0.0,3188.2750767921707,0.0
2018-02-16 00:00:00+00:00,0.0,3188.2750767921707,0.0
2018-02-19 00:00:00+00:00,0.0,3188.2750767921707,0.0
2018-02-20 00:00:00+00:00,0.0,3188.2750767921707,0.0
2018-02-21 00:00:00+00:00,0.0,3188.2750767921707,0.0
2018-02-22 00:00:00+00:00,0.0,3188.2750767921707,0.0
2018-02-23 00:00:00+00:00,0.0,3188.2750767921707,0.0
2018-02-26 00:00:00+00:00,0.0,3188.2750767921707,0.0
2018-02-27 00:00:00+00:00,0.0,3188.2750767921707,0.0
2018-02-28 00:00:00+00:00,0.0,3188.2750767921707,0.0
2018-03-01 00:00:00+00:00,0.0,3188.2750767921707,0.0
2018-03-02 00:00:00+00:00,0.0,3188.2750767921707,0.0
2018-03-05 00:00:00+00:00,0.0,3188.2750767921707,0.0
2018-03-06 00:00:00+00:00,0.0,3188.2750767921707,0.0
2018-03-07 00:00:00+00:00,0.0,3188.2750767921707,0.0
2018-03-08 00:00:00+00:00,0.0,3188.2750767921707,0.0
2018-03-09 00:00:00+00:00,0.0,3188.2750767921707,0.0
2018-03-12 00:00:00+00:00,0.0,3188.2750767921707,0.0
2018-03-13 00:00:00+00:00,0.0,3188.2750767921707,0.0
2018-03-14 00:00:00+00:00,0.0,3188.2750767921707,0.0
2018-03-15 00:00:00+00:00,0.0,3188.2750767921707,0.0
2018-03-16 00:00:00+00:00,0.0,3188.2750767921707,0.0
2018-03-19 00:00:00+00:00,0.0,3188.2750767921707,0.0
2018-03-20 00:00:00+00:00,0.0,3188.2750767921707,0.0
2018-03-21 00:00:00+00:00,0.0,3188.2750767921707,0.0
2018-03-22 00:00:00+00:00,0.0,3188.2750767921707,0.0
2018-03-23 00:00:00+00:00,0.0,3188.2750767921707,0.0
2018-03-26 00:00:00+00:00,0.0,3188.2750767921707,0.0
2018-03-27 00:00:00+00:00,0.0,3188.2750767921707,0.0
2018-03-28 00:00:00+00:00,0.0,3188.2750767921707,0.0
2018-03-29 00:00:00+00:00,0.0,3188.2750767921707,0.0
2018-03-30 00:00:00+00:00,0.0,3188.2750767921707,0.0
2018-04-02 00:00:00+00:00,0.0,3188.2750767921707,0.0
2018-04-03 00:00:00+00:00,0.0,3188.2750767921707,0.0
2018-04-04 00:00:00+00:00,0.0,3188.2750767921707,0.0
2018-04-05 00:00:00+00:00,0.0,3188.2750767921707,0.0
2018-04-06 00:00:00+00:00,0.0,3188.2750767921707,0.0
2018-04-09 00:00:00+00:00,0.0,3188.2750767921707,0.0
2018-04-10 00:00:00+00:00,0.0,3188.2750767921707,0.0
2018-04-11 00:00:00+00:00,0.0,3188.2750767921707,0.0
2018-04-12 00:00:00+00:00,0.0,3188.2750767921707,0.0
2018-04-13 00:00:00+00:00,0.0,3188.2750767921707,0.0
2018-04-16 00:00:00+00:00,0.0,3188.2750767921707,0.0
2018-04-17 00:00:00+00:00,0.0,3188.2750767921707,0.0
2018-04-18 00:00:00+00:00,0.0,3188.2750767921707,0.0
2018-04-19 00:00:00+00:00,0.0,3188.2750767921707,0.0
2018-04-20 00:00:00+00:00,0.0,3188.2750767921707,0.0
2018-04-23 00:00:00+00:00,0.0,3188.2750767921707,0.0
2018-04-24 00:00:00+00:00,0.0,3188.2750767921707,0.0
2018-04-25 00:00:00+00:00,0.0,3188.2750767921707,0.0
2018-04-26 00:00:00+00:00,0.0,3188.2750767921707,0.0
2018-04-27 00:00:00+00:00,0.0,3188.2750767921707,0.0
2018-04-30 00:00:00+00:00,0.0,3188.2750767921707,0.0
2018-05-01 00:00:00+00:00,0.0,3188.2750767921707,0.0
2018-05-02 00:00:00+00:00,0.0,3188.2750767921707,0.0
2018-05-03 00:00:00+00:00,0.0,3188.2750767921707,0.0
2018-05-04 00:00:00+00:00,0.0,3188.2750767921707,0.0
2018-05-07 00:00:00+00:00,0.0,3188.2750767921707,0.0
2018-05-08 00:00:00+00:00,0.0,3188.2750767921707,0.0
2018-05-09 00:00:00+00:00,0.0,3188.2750767921707,0.0
2018-05-10 00:00:00+00:00,0.0,3188.2750767921707,0.0
2018-05-11 00:00:00+00:00,0.0,3188.2750767921707,0.0
2018-05-14 00:00:00+00:00,0.0,3188.2750767921707,0.0
2018-05-15 00:00:00+00:00,0.0,3188.2750767921707,0.0
2018-05-16 00:00:00+00:00,0.0,3188.2750767921707,0.0
2018-05-17 00:00:00+00:00,0.0,3188.2750767921707,0.0
2018-05-18 00:00:00+00:00,0.0,3188.2750767921707,0.0
2018-05-21 00:00:00+00:00,0.0,3188.2750767921707,0.0
2018-05-22 00:00:00+00:00,0.0,3188.2750767921707,0.0
2018-05-23 00:00:00+00:00,0.0,3188.2750767921707,0.0
2018-05-24 00:00:00+00:00,0.0,3188.2750767921707,0.0
2018-05-25 00:00:00+00:00,0.0,3188.2750767921707,0.0
2018-05-28 00:00:00+00:00,0.0,3188.2750767921707,0.0
2018-05-29 00:00:00+00:00,0.0,3188.2750767921707,0.0
2018-05-30 00:00:00+00:00,0.0,3188.2750767921707,0.0
2018-05-31 00:00:00+00:00,0.0,3188.2750767921707,0.0
2018-06-01 00:00:00+00:00,0.0,3188.2750767921707,0.0
2018-06-04 00:00:00+00:00,0.0,3188.2750767921707,0.0
2018-06-05 00:00:00+00:00,0.0,3188.2750767921707,0.0
2018-06-06 00:00:00+00:00,0.0,3188.2750767921707,0.0
2018-06-07 00:00:00+00:00,0.0,3188.2750767921707,0.0
2018-06-08 00:00:00+00:00,0.0,3188.2750767921707,0.0
2018-06-11 00:00:00+00:00,0.0,3188.2750767921707,0.0
2018-06-12 00:00:00+00:00,0.0,3188.2750767921707,0.0
2018-06-13 00:00:00+00:00,0.0,3188.2750767921707,0.0
2018-06-14 00:00:00+00:00,0.0,3188.2750767921707,0.0
2018-06-15 00:00:00+00:00,0.0,3188.2750767921707,0.0
2018-06-18 00:00:00+00:00,0.0,3188.2750767921707,0.0
2018-06-19 00:00:00+00:00,0.0,3188.2750767921707,0.0
2018-06-20 00:00:00+00:00,0.0,3188.2750767921707,0.0
2018-06-21 00:00:00+00:00,0.0,3188.2750767921707,0.0
2018-06-22 00:00:00+00:00,0.0,3188.2750767921707,0.0
2018-06-25 00:00:00+00:00,0.0,3188.2750767921707,0.0
2018-06-26 00:00:00+00:00,0.0,3188.2750767921707,0.0
2018-06-27 00:00:00+00:00,0.0,3188.2750767921707,0.0
2018-06-28 00:00:00+00:00,0.0,3188.2750767921707,0.0
2018-06-29 00:00:00+00:00,0.0,3188.2750767921707,0.0
2018-07-02 00:00:00+00:00,0.0,3188.2750767921707,0.0
2018-07-03 00:00:00+00:00,0.0,3188.2750767921707,0.0
2018-07-04 00:00:00+00:00,0.0,3188.2750767921707,0.0
2018-07-05 00:00:00+00:00,0.0,3188.2750767921707,0.0
2018-07-06 00:00:00+00:00,0.0,3188.2750767921707,0.0
2018-07-09 00:00:00+00:00,0.0,3188.2750767921707,0.0
2018-07-10 00:00:00+00:00,0.0,3188.2750767921707,0.0
2018-07-11 00:00:00+00:00,0.0,3188.2750767921707,0.0
2018-07-12 00:00:00+00:00,0.0,3188.2750767921707,0.0
2018-07-13 00:00:00+00:00,0.0,3188.2750767921707,0.0
2018-07-16 00:00:00+00:00,0.0,3188.2750767921707,0.0
2018-07-17 00:00:00+00:00,0.0,3188.2750767921707,0.0
2018-07-18 00:00:00+00:00,0.0,3188.2750767921707,0.0
2018-07-19 00:00:00+00:00,0.0,3188.2750767921707,0.0
2018-07-20 00:00:00+00:00,0.0,3188.2750767921707,0.0
2018-07-23 00:00:00+00:00,0.0,3188.2750767921707,0.0
2018-07-24 00:00:00+00:00,0.0,3188.2750767921707,0.0
2018-07-25 00:00:00+00:00,0.0,3188.2750767921707,0.0
2018-07-26 00:00:00+00:00,0.0,3188.2750767921707,0.0
2018-07-27 00:00:00+00:00,0.0,3188.2750767921707,0.0
2018-07-30 00:00:00+00:00,0.0,3188.2750767921707,0.0
2018-07-31 00:00:00+00:00,0.0,3188.2750767921707,0.0
2018-08-01 00:00:00+00:00,0.0,3188.2750767921707,0.0
2018-08-02 00:00:00+00:00,0.0,3188.2750767921707,0.0
2018-08-03 00:00:00+00:00,0.0,3188.2750767921707,0.0
2018-08-06 00:00:00+00:00,0.0,3188.2750767921707,0.0
2018-08-07 00:00:00+00:00,0.0,3188.2750767921707,0.0
2018-08-08 00:00:00+00:00,0.0,3188.2750767921707,0.0
2018-08-09 00:00:00+00:00,0.0,3188.2750767921707,0.0
2018-08-10 00:00:00+00:00,0.0,3188.2750767921707,0.0
2018-08-13 00:00:00+00:00,0.0,3188.2750767921707,0.0
2018-08-14 00:00:00+00:00,0.0,3188.2750767921707,0.0
2018-08-15 00:00:00+00:00,0.0,3188.2750767921707,0.0
2018-08-16 00:00:00+00:00,0.0,3188.2750767921707,0.0
2018-08-17 00:00:00+00:00,0.0,3188.2750767921707,0.0
2018-08-20 00:00:00+00:00,0.0,3188.2750767921707,0.0
2018-08-21 00:00:00+00:00,0.0,3188.2750767921707,0.0
2018-08-22 00:00:00+00:00,0.0,3188.2750767921707,0.0
2018-08-23 00:00:00+00:00,0.0,3188.2750767921707,0.0
2018-08-24 00:00:00+00:00,0.0,3188.2750767921707,0.0
2018-08-27 00:00:00+00:00,0.0,3188.2750767921707,0.0
2018-08-28 00:00:00+00:00,0.0,3188.2750767921707,0.0
2018-08-29 00:00:00+00:00,0.0,3188.2750767921707,0.0
2018-08-30 00:00:00+00:00,0.0,3188.2750767921707,0.0
2018-08-31 00:00:00+00:00,0.0,3188.2750767921707,0.0
2018-09-03 00:00:00+00:00,0.0,3188.2750767921707,0.0
2018-09-04 00:00:00+00:00,0.0,3188.2750767921707,0.0
2018-09-05 00:00:00+00:00,0.0,3188.2750767921707,0.0
2018-09-06 00:00:00+00:00,0.0,3188.2750767921707,0.0
2018-09-07 00:00:00+00:00,0.0,3188.2750767921707,0.0
2018-09-10 00:00:00+00:00,0.0,3188.2750767921707,0.0
2018-09-11 00:00:00+00:00,0.0,3188.2750767921707,0.0
2018-09-12 00:00:00+00:00,0.0,3188.2750767921707,0.0
2018-09-13 00:00:00+00:00,0.0,3188.2750767921707,0.0
2018-09-14 00:00:00+00:00,0.0,3188.2750767921707,0.0
2018-09-17 00:00:00+00:00,0.0,3188.2750767921707,0.0
2018-09-18 00:00:00+00:00,0.0,3188.2750767921707,0.0
2018-09-19 00:00:00+00:00,0.0,3188.2750767921707,0.0
2018-09-20 00:00:00+00:00,0.0,3188.2750767921707,0.0
2018-09-21 00:00:00+00:00,0.0,3188.2750767921707,0.0
2018-09-24 00:00:00+00:00,0.0,3188.2750767921707,0.0
2018-09-25 00:00:00+00:00,0.0,3188.2750767921707,0.0
2018-09-26 00:00:00+00:00,0.0,3188.2750767921707,0.0
2018-09-27 00:00:00+00:00,0.0,3188.2750767921707,0.0
2018-09-28 00:00:00+00:00,0.0,3188.2750767921707,0.0
2018-10-01 00:00:00+00:00,0.0,3188.2750767921707,0.0
2018-10-02 00:00:00+00:00,0.0,3188.2750767921707,0.0
2018-10-03 00:00:00+00:00,0.0,3188.2750767921707,0.0
2018-10-04 00:00:00+00:00,0.0,3188.2750767921707,0.0
2018-10-05 00:00:00+00:00,0.0,3188.2750767921707,0.0
2018-10-08 00:00:00+00:00,0.0,3188.2750767921707,0.0
2018-10-09 00:00:00+00:00,0.0,3188.2750767921707,0.0
2018-10-10 00:00:00+00:00,0.0,3188.2750767921707,0.0
2018-10-11 00:00:00+00:00,0.0,3188.2750767921707,0.0
2018-10-12 00:00:00+00:00,0.0,3188.2750767921707,0.0
2018-10-15 00:00:00+00:00,0.0,3188.2750767921707,0.0
2018-10-16 00:00:00+00:00,0.0,3188.2750767921707,0.0
2018-10-17 00:00:00+00:00,0.0,3188.2750767921707,0.0
2018-10-18 00:00:00+00:00,0.0,3188.2750767921707,0.0
2018-10-19 00:00:00+00:00,-6682.456769266875,9914.664952846615,0.01377958480037167
2018-10-22 00:00:00+00:00,-6720.223825978995,9914.664952846615,-0.011684599062641965
2018-10-23 00:00:00+00:00,-6715.599288422409,9914.664952846615,0.0014476828255465257
2018-10-24 00:00:00+00:00,-6758.761638950546,9914.664952846615,-0.013492173983213784
2018-10-25 00:00:00+00:00,-6774.947520398597,9914.664952846615,-0.00512876341197821
2018-10-26 00:00:00+00:00,0.0,3141.2589449668803,0.0004909717361603061
2018-10-29 00:00:00+00:00,0.0,3141.2589449668803,0.0
2018-10-30 00:00:00+00:00,0.0,3141.2589449668803,0.0
2018-10-31 00:00:00+00:00,0.0,3141.2589449668803,0.0
2018-11-01 00:00:00+00:00,0.0,3141.2589449668803,0.0
2018-11-02 00:00:00+00:00,0.0,3141.2589449668803,0.0
2018-11-05 00:00:00+00:00,0.0,3141.2589449668803,0.0
2018-11-06 00:00:00+00:00,0.0,3141.2589449668803,0.0
2018-11-07 00:00:00+00:00,-9583.884396437434,12735.006687266858,0.003139934031337166
2018-11-08 00:00:00+00:00,-9640.87261697657,12735.006687266858,-0.01808505518969772
2018-11-09 00:00:00+00:00,-9661.695236019717,12735.006687266858,-0.006729708076674723
2018-11-12 00:00:00+00:00,-9762.520549281266,12735.006687266858,-0.03280673464468875
2018-11-13 00:00:00+00:00,-9696.764910197646,12735.006687266858,0.02212142833681341
2018-11-14 00:00:00+00:00,-9684.709709698984,12735.006687266858,0.00396782132009621
2018-11-15 00:00:00+00:00,-9675.9422911545,12735.006687266858,0.0028742835890929186
2018-11-16 00:00:00+00:00,-9592.651814981917,12735.006687266858,0.0272274347275705
2018-11-19 00:00:00+00:00,-9564.157704712348,12735.006687266858,0.00906775696178741
2018-11-20 00:00:00+00:00,-9638.68076234045,12735.006687266858,-0.023502556582831513
2018-11-21 00:00:00+00:00,0.0,3096.3259249264083,0.0
2018-11-22 00:00:00+00:00,0.0,3096.3259249264083,0.0
2018-11-23 00:00:00+00:00,0.0,3096.3259249264083,0.0
2018-11-26 00:00:00+00:00,0.0,3096.3259249264083,0.0
2018-11-27 00:00:00+00:00,0.0,3096.3259249264083,0.0
2018-11-28 00:00:00+00:00,0.0,3096.3259249264083,0.0
2018-11-29 00:00:00+00:00,0.0,3096.3259249264083,0.0
2018-11-30 00:00:00+00:00,0.0,3096.3259249264083,0.0
2018-12-03 00:00:00+00:00,0.0,3096.3259249264083,0.0
2018-12-04 00:00:00+00:00,0.0,3096.3259249264083,0.0
2018-12-05 00:00:00+00:00,0.0,3096.3259249264083,0.0
2018-12-06 00:00:00+00:00,0.0,3096.3259249264083,0.0
2018-12-07 00:00:00+00:00,0.0,3096.3259249264083,0.0
2018-12-10 00:00:00+00:00,0.0,3096.3259249264083,0.0
2018-12-11 00:00:00+00:00,0.0,3096.3259249264083,0.0
2018-12-12 00:00:00+00:00,0.0,3096.3259249264083,0.0
2018-12-13 00:00:00+00:00,0.0,3096.3259249264083,0.0
2018-12-14 00:00:00+00:00,0.0,3096.3259249264083,0.0
2018-12-17 00:00:00+00:00,0.0,3096.3259249264083,0.0
2018-12-18 00:00:00+00:00,0.0,3096.3259249264083,0.0
2018-12-19 00:00:00+00:00,0.0,3096.3259249264083,0.0
2018-12-20 00:00:00+00:00,0.0,3096.3259249264083,0.0
2018-12-21 00:00:00+00:00,0.0,3096.3259249264083,0.0
2018-12-24 00:00:00+00:00,0.0,3096.3259249264083,0.0
2018-12-25 00:00:00+00:00,0.0,3096.3259249264083,0.0
2018-12-26 00:00:00+00:00,0.0,3096.3259249264083,0.0
2018-12-27 00:00:00+00:00,0.0,3096.3259249264083,0.0
2018-12-28 00:00:00+00:00,0.0,3096.3259249264083,0.0
2018-12-31 00:00:00+00:00,0.0,3096.3259249264083,0.0
2019-01-01 00:00:00+00:00,0.0,3096.3259249264083,0.0
2019-01-02 00:00:00+00:00,0.0,3096.3259249264083,0.0
2019-01-03 00:00:00+00:00,0.0,3096.3259249264083,0.0
2019-01-04 00:00:00+00:00,0.0,3096.3259249264083,0.0
2019-01-07 00:00:00+00:00,0.0,3096.3259249264083,0.0
2019-01-08 00:00:00+00:00,0.0,3096.3259249264083,0.0
2019-01-09 00:00:00+00:00,0.0,3096.3259249264083,0.0
2019-01-10 00:00:00+00:00,0.0,3096.3259249264083,0.0
2019-01-11 00:00:00+00:00,-9671.08767746879,12740.78676928068,-0.008599492999158742
2019-01-14 00:00:00+00:00,-9672.19712884856,12740.78676928068,-0.00036142023911400756
2019-01-15 00:00:00+00:00,-9724.341343697824,12740.78676928068,-0.01699289281375571
2019-01-16 00:00:00+00:00,-9733.216954735997,12740.78676928068,-0.002942407299299288
2019-01-17 00:00:00+00:00,-9740.983114394397,12740.78676928068,-0.002582204283618883
2019-01-18 00:00:00+00:00,-9759.843787850516,12740.78676928068,-0.0062873026457570536
2019-01-21 00:00:00+00:00,-9755.40598233143,12740.78676928068,0.001488725395531576
2019-01-22 00:00:00+00:00,-9762.062690610059,12740.78676928068,-0.0022297685801857536
2019-01-23 00:00:00+00:00,-9747.639822673029,12740.78676928068,0.004841961711158804
2019-01-24 00:00:00+00:00,-9814.206905459323,12740.78676928068,-0.022239831178933356
2019-01-25 00:00:00+00:00,-9727.66969783714,12740.78676928068,0.029569398973854577
2019-01-28 00:00:00+00:00,-9704.371218861937,12740.78676928068,0.007732351057982756
2019-01-29 00:00:00+00:00,-9698.823961963079,12740.78676928068,0.0018269096593495071
2019-01-30 00:00:00+00:00,0.0,3041.962807317601,0.0
2019-01-31 00:00:00+00:00,0.0,3041.962807317601,0.0
2019-02-01 00:00:00+00:00,0.0,3041.962807317601,0.0
2019-02-04 00:00:00+00:00,0.0,3041.962807317601,0.0
2019-02-05 00:00:00+00:00,0.0,3041.962807317601,0.0
2019-02-06 00:00:00+00:00,0.0,3041.962807317601,0.0
2019-02-07 00:00:00+00:00,0.0,3041.962807317601,0.0
2019-02-08 00:00:00+00:00,0.0,3041.962807317601,0.0
2019-02-11 00:00:00+00:00,0.0,3041.962807317601,0.0
2019-02-12 00:00:00+00:00,0.0,3041.962807317601,0.0
2019-02-13 00:00:00+00:00,0.0,3041.962807317601,0.0
2019-02-14 00:00:00+00:00,0.0,3041.962807317601,0.0
2019-02-15 00:00:00+00:00,0.0,3041.962807317601,0.0
2019-02-18 00:00:00+00:00,0.0,3041.962807317601,0.0
2019-02-19 00:00:00+00:00,0.0,3041.962807317601,0.0
2019-02-20 00:00:00+00:00,0.0,3041.962807317601,0.0
2019-02-21 00:00:00+00:00,0.0,3041.962807317601,0.0
2019-02-22 00:00:00+00:00,0.0,3041.962807317601,0.0
2019-02-25 00:00:00+00:00,0.0,3041.962807317601,0.0
2019-02-26 00:00:00+00:00,0.0,3041.962807317601,0.0
2019-02-27 00:00:00+00:00,0.0,3041.962807317601,0.0
2019-02-28 00:00:00+00:00,0.0,3041.962807317601,0.0
2019-03-01 00:00:00+00:00,0.0,3041.962807317601,0.0
2019-03-04 00:00:00+00:00,0.0,3041.962807317601,0.0
2019-03-05 00:00:00+00:00,0.0,3041.962807317601,0.0
2019-03-06 00:00:00+00:00,0.0,3041.962807317601,0.0
2019-03-07 00:00:00+00:00,0.0,3041.962807317601,0.0
2019-03-08 00:00:00+00:00,0.0,3041.962807317601,0.0
2019-03-11 00:00:00+00:00,0.0,3041.962807317601,0.0
2019-03-12 00:00:00+00:00,0.0,3041.962807317601,0.0
2019-03-13 00:00:00+00:00,0.0,3041.962807317601,0.0
2019-03-14 00:00:00+00:00,0.0,3041.962807317601,0.0
2019-03-15 00:00:00+00:00,0.0,3041.962807317601,0.0
2019-03-18 00:00:00+00:00,0.0,3041.962807317601,0.0
2019-03-19 00:00:00+00:00,0.0,3041.962807317601,0.0
2019-03-20 00:00:00+00:00,0.0,3041.962807317601,0.0
2019-03-21 00:00:00+00:00,0.0,3041.962807317601,0.0
2019-03-22 00:00:00+00:00,0.0,3041.962807317601,0.0
2019-03-25 00:00:00+00:00,0.0,3041.962807317601,0.0
2019-03-26 00:00:00+00:00,0.0,3041.962807317601,0.0
2019-03-27 00:00:00+00:00,0.0,3041.962807317601,0.0
2019-03-28 00:00:00+00:00,0.0,3041.962807317601,0.0
2019-03-29 00:00:00+00:00,0.0,3041.962807317601,0.0
2019-04-01 00:00:00+00:00,0.0,3041.962807317601,0.0
2019-04-02 00:00:00+00:00,0.0,3041.962807317601,0.0
2019-04-03 00:00:00+00:00,0.0,3041.962807317601,0.0
2019-04-04 00:00:00+00:00,0.0,3041.962807317601,0.0
2019-04-05 00:00:00+00:00,0.0,3041.962807317601,0.0
2019-04-08 00:00:00+00:00,0.0,3041.962807317601,0.0
2019-04-09 00:00:00+00:00,0.0,3041.962807317601,0.0
2019-04-10 00:00:00+00:00,0.0,3041.962807317601,0.0
2019-04-11 00:00:00+00:00,0.0,3041.962807317601,0.0
2019-04-12 00:00:00+00:00,0.0,3041.962807317601,0.0
2019-04-15 00:00:00+00:00,-25059.97308360644,28099.10265484902,-0.0009313841931950506
2019-04-16 00:00:00+00:00,-25108.13809688189,28099.10265484902,-0.015848292133117226
2019-04-17 00:00:00+00:00,-25068.472791831522,28099.10265484902,0.01326171015457489
2019-04-18 00:00:00+00:00,-25207.301359507805,28099.10265484902,-0.04580848666819892
2019-04-19 00:00:00+00:00,-25190.301943057646,28099.10265484902,0.005878487044578495
2019-04-22 00:00:00+00:00,-25156.303110157332,28099.10265484902,0.011688264776095858
2019-04-23 00:00:00+00:00,-25241.300192408118,28099.10265484902,-0.028883068982427318
2019-04-24 00:00:00+00:00,-25385.79523223445,28099.10265484902,-0.050561591196515376
2019-04-25 00:00:00+00:00,-25431.12700943487,28099.10265484902,-0.016707202738102223
2019-04-26 00:00:00+00:00,-25397.128176534556,28099.10265484902,0.01274330706832072
2019-04-29 00:00:00+00:00,-25326.297274658904,28099.10265484902,0.02621449700732814
2019-04-30 00:00:00+00:00,-25263.96608100833,28099.10265484902,0.022479469383567263
2019-05-01 00:00:00+00:00,-25280.965497458485,28099.10265484902,-0.005995977974043831
2019-05-02 00:00:00+00:00,-25346.129927184083,28099.10265484902,-0.02312322860323024
2019-05-03 00:00:00+00:00,-25289.465205683562,28099.10265484902,0.020583103105632494
2019-05-06 00:00:00+00:00,-25292.29844175859,28099.10265484902,-0.0010083991711705709
2019-05-07 00:00:00+00:00,-25306.46462213372,28099.10265484902,-0.005047085332515078
2019-05-08 00:00:00+00:00,-25295.131677833615,28099.10265484902,0.004058150095838542
2019-05-09 00:00:00+00:00,-25249.799900633196,28099.10265484902,0.016166992301992922
2019-05-10 00:00:00+00:00,-25218.634303807907,28099.10265484902,0.010937973081019958
2019-05-13 00:00:00+00:00,-25218.634303807907,28099.10265484902,0.0
2019-05-14 00:00:00+00:00,-25272.465789233407,28099.10265484902,-0.01868844884410681
2019-05-15 00:00:00+00:00,-25275.29902530843,28099.10265484902,-0.0010023346505839692
2019-05-16 00:00:00+00:00,-25348.96316325911,28099.10265484902,-0.02608684866754163
2019-05-17 00:00:00+00:00,-25382.961996159425,28099.10265484902,-0.012362584881342897
2019-05-20 00:00:00+00:00,-25360.296107559217,28099.10265484902,0.008344887635952869
2019-05-21 00:00:00+00:00,-25371.62905185932,28099.10265484902,-0.004137913395641846
2019-05-22 00:00:00+00:00,-25388.62846830948,28099.10265484902,-0.006232660302018966
2019-05-23 00:00:00+00:00,-25326.297274658904,28099.10265484902,0.022996416627067084
2019-05-24 00:00:00+00:00,-25275.29902530843,28099.10265484902,0.018392293132010407
2019-05-27 00:00:00+00:00,-25306.46462213372,28099.10265484902,-0.01103674366703733
2019-05-28 00:00:00+00:00,-25368.795815784295,28099.10265484902,-0.022319825527108983
2019-05-29 00:00:00+00:00,0.0,2730.306839064724,0.0
2019-05-30 00:00:00+00:00,0.0,2730.306839064724,0.0
2019-05-31 00:00:00+00:00,0.0,2730.306839064724,0.0
2019-06-03 00:00:00+00:00,0.0,2730.306839064724,0.0
2019-06-04 00:00:00+00:00,0.0,2730.306839064724,0.0
2019-06-05 00:00:00+00:00,0.0,2730.306839064724,0.0
2019-06-06 00:00:00+00:00,0.0,2730.306839064724,0.0
2019-06-07 00:00:00+00:00,0.0,2730.306839064724,0.0
2019-06-10 00:00:00+00:00,0.0,2730.306839064724,0.0
2019-06-11 00:00:00+00:00,0.0,2730.306839064724,0.0
2019-06-12 00:00:00+00:00,0.0,2730.306839064724,0.0
2019-06-13 00:00:00+00:00,0.0,2730.306839064724,0.0
2019-06-14 00:00:00+00:00,0.0,2730.306839064724,0.0
2019-06-17 00:00:00+00:00,0.0,2730.306839064724,0.0
2019-06-18 00:00:00+00:00,0.0,2730.306839064724,0.0
2019-06-19 00:00:00+00:00,0.0,2730.306839064724,0.0
2019-06-20 00:00:00+00:00,0.0,2730.306839064724,0.0
2019-06-21 00:00:00+00:00,0.0,2730.306839064724,0.0
2019-06-24 00:00:00+00:00,0.0,2730.306839064724,0.0
2019-06-25 00:00:00+00:00,0.0,2730.306839064724,0.0
2019-06-26 00:00:00+00:00,0.0,2730.306839064724,0.0
2019-06-27 00:00:00+00:00,0.0,2730.306839064724,0.0
2019-06-28 00:00:00+00:00,0.0,2730.306839064724,0.0
2019-07-01 00:00:00+00:00,0.0,2730.306839064724,0.0
2019-07-02 00:00:00+00:00,0.0,2730.306839064724,0.0
2019-07-03 00:00:00+00:00,0.0,2730.306839064724,0.0
2019-07-04 00:00:00+00:00,0.0,2730.306839064724,0.0
2019-07-05 00:00:00+00:00,0.0,2730.306839064724,0.0
2019-07-08 00:00:00+00:00,0.0,2730.306839064724,0.0
2019-07-09 00:00:00+00:00,0.0,2730.306839064724,0.0
2019-07-10 00:00:00+00:00,0.0,2730.306839064724,0.0
2019-07-11 00:00:00+00:00,0.0,2730.306839064724,0.0
2019-07-12 00:00:00+00:00,0.0,2730.306839064724,0.0
2019-07-15 00:00:00+00:00,0.0,2730.306839064724,0.0
2019-07-16 00:00:00+00:00,0.0,2730.306839064724,0.0
2019-07-17 00:00:00+00:00,0.0,2730.306839064724,0.0
2019-07-18 00:00:00+00:00,0.0,2730.306839064724,0.0
2019-07-19 00:00:00+00:00,0.0,2730.306839064724,0.0
2019-07-22 00:00:00+00:00,0.0,2730.306839064724,0.0
2019-07-23 00:00:00+00:00,0.0,2730.306839064724,0.0
2019-07-24 00:00:00+00:00,0.0,2730.306839064724,0.0
2019-07-25 00:00:00+00:00,0.0,2730.306839064724,0.0
2019-07-26 00:00:00+00:00,0.0,2730.306839064724,0.0
2019-07-29 00:00:00+00:00,0.0,2730.306839064724,0.0
2019-07-30 00:00:00+00:00,0.0,2730.306839064724,0.0
2019-07-31 00:00:00+00:00,0.0,2730.306839064724,0.0
2019-08-01 00:00:00+00:00,0.0,2730.306839064724,0.0
2019-08-02 00:00:00+00:00,0.0,2730.306839064724,0.0
2019-08-05 00:00:00+00:00,0.0,2730.306839064724,0.0
2019-08-06 00:00:00+00:00,0.0,2730.306839064724,0.0
2019-08-07 00:00:00+00:00,0.0,2730.306839064724,0.0
2019-08-08 00:00:00+00:00,0.0,2730.306839064724,0.0
2019-08-09 00:00:00+00:00,0.0,2730.306839064724,0.0
2019-08-12 00:00:00+00:00,0.0,2730.306839064724,0.0
2019-08-13 00:00:00+00:00,0.0,2730.306839064724,0.0
2019-08-14 00:00:00+00:00,0.0,2730.306839064724,0.0
2019-08-15 00:00:00+00:00,0.0,2730.306839064724,0.0
2019-08-16 00:00:00+00:00,0.0,2730.306839064724,0.0
2019-08-19 00:00:00+00:00,0.0,2730.306839064724,0.0
2019-08-20 00:00:00+00:00,0.0,2730.306839064724,0.0
2019-08-21 00:00:00+00:00,0.0,2730.306839064724,0.0
2019-08-22 00:00:00+00:00,0.0,2730.306839064724,0.0
2019-08-23 00:00:00+00:00,0.0,2730.306839064724,0.0
2019-08-26 00:00:00+00:00,0.0,2730.306839064724,0.0
2019-08-27 00:00:00+00:00,0.0,2730.306839064724,0.0
2019-08-28 00:00:00+00:00,0.0,2730.306839064724,0.0
2019-08-29 00:00:00+00:00,0.0,2730.306839064724,0.0
2019-08-30 00:00:00+00:00,0.0,2730.306839064724,0.0
2019-09-02 00:00:00+00:00,0.0,2730.306839064724,0.0
2019-09-03 00:00:00+00:00,0.0,2730.306839064724,0.0
2019-09-04 00:00:00+00:00,0.0,2730.306839064724,0.0
2019-09-05 00:00:00+00:00,0.0,2730.306839064724,0.0
2019-09-06 00:00:00+00:00,0.0,2730.306839064724,0.0
2019-09-09 00:00:00+00:00,0.0,2730.306839064724,0.0
2019-09-10 00:00:00+00:00,-10871.80905072538,13602.115889790104,0.0
2019-09-11 00:00:00+00:00,-10910.259303778343,13602.115889790104,-0.01408275894226374
2019-09-12 00:00:00+00:00,-10863.398057870043,13602.115889790104,0.017408522486604294
2019-09-13 00:00:00+00:00,-10847.777642567278,13602.115889790104,0.005703550442731631
2019-09-16 00:00:00+00:00,-10915.065585409962,13602.115889790104,-0.024429803750693924
2019-09-17 00:00:00+00:00,-10850.180783383088,13602.115889790104,0.024147222670564128
2019-09-18 00:00:00+00:00,-10888.63103643605,13602.115889790104,-0.013972078398012844
2019-09-19 00:00:00+00:00,-10875.413761949096,13602.115889790104,0.004870959375585793
2019-09-20 00:00:00+00:00,-10893.43731806767,13602.115889790104,-0.006610020190524257
2019-09-23 00:00:00+00:00,-10924.678148673203,13602.115889790104,-0.011533605696768645
2019-09-24 00:00:00+00:00,-10899.445170107198,13602.115889790104,0.009424300770287886
2019-09-25 00:00:00+00:00,-10970.337824173599,13602.115889790104,-0.026230592409984377
2019-09-26 00:00:00+00:00,-11000.377084371225,13602.115889790104,-0.011414055231358855
2019-09-27 00:00:00+00:00,-10983.555098660554,13602.115889790104,0.006465670449175676
2019-09-30 00:00:00+00:00,-11022.005351713517,13602.115889790104,-0.014683735120152197
2019-10-01 00:00:00+00:00,-10988.361380292174,13602.115889790104,0.01303974032307309
2019-10-02 00:00:00+00:00,-10960.725260910358,13602.115889790104,0.01057334163609891
2019-10-03 00:00:00+00:00,-10948.709556831305,13602.115889790104,0.004549006855585347
2019-10-04 00:00:00+00:00,-10936.693852752254,13602.115889790104,0.004528407100638843
2019-10-07 00:00:00+00:00,-10947.507986423401,13602.115889790104,-0.0040571937655190515
2019-10-08 00:00:00+00:00,-10960.725260910358,13602.115889790104,-0.004978993119923225
2019-10-09 00:00:00+00:00,-10935.49228234435,13602.115889790104,0.009552914396727896
2019-10-10 00:00:00+00:00,-10913.864015002058,13602.115889790104,0.008110731219022282
2019-10-11 00:00:00+00:00,-10877.816902764906,13602.115889790104,0.013409127535713106
2019-10-14 00:00:00+00:00,-10889.832606843956,13602.115889790104,-0.004410567318887226
2019-10-15 00:00:00+00:00,-10886.22789562024,13602.115889790104,0.001329031980686013
2019-10-16 00:00:00+00:00,-10846.576072159372,13602.115889790104,0.014599947989750728
2019-10-17 00:00:00+00:00,-10797.311685435263,13602.115889790104,0.0178783069687114
2019-10-18 00:00:00+00:00,-10752.853580342775,13602.115889790104,0.015850698249617823
2019-10-21 00:00:00+00:00,-10773.280277277161,13602.115889790104,-0.007169117728001773
2019-10-22 00:00:00+00:00,-10792.505403803643,13602.115889790104,-0.006796127156149523
2019-10-23 00:00:00+00:00,-10790.102262987833,13602.115889790104,0.0008553288179253826
2019-10-24 00:00:00+00:00,-10818.939952777555,13602.115889790104,-0.010255174269021894
2019-10-25 00:00:00+00:00,-10842.971360935657,13602.115889790104,-0.008634527138049686
2019-10-28 00:00:00+00:00,-10823.746234409176,13602.115889790104,0.006967785241196678
2019-10-29 00:00:00+00:00,-10810.52895992222,13602.115889790104,0.004757205169354739
2019-10-30 00:00:00+00:00,-10770.87713646135,13602.115889790104,0.014204043956727697
2019-10-31 00:00:00+00:00,-10772.078706869255,13602.115889790104,-0.00042439741491007155
2019-11-01 00:00:00+00:00,-10760.063002790204,13602.115889790104,0.004245776045475713
2019-11-04 00:00:00+00:00,-10800.916396658979,13602.115889790104,-0.014374607191739996
2019-11-05 00:00:00+00:00,-10846.576072159372,13602.115889790104,-0.016300044181914553
2019-11-06 00:00:00+00:00,-10851.382353790992,13602.115889790104,-0.0017442250701179551
2019-11-07 00:00:00+00:00,-10871.80905072538,13602.115889790104,-0.007425909004657116
2019-11-08 00:00:00+00:00,-10898.243599699292,13602.115889790104,-0.009681896772806287
2019-11-11 00:00:00+00:00,-10888.63103643605,13602.115889790104,0.0035551099430506383
2019-11-12 00:00:00+00:00,-10909.057733370439,13602.115889790104,-0.007527846307724628
2019-11-13 00:00:00+00:00,-10912.662444594152,13602.115889790104,-0.0013385196361693774
2019-11-14 00:00:00+00:00,-10898.243599699292,13602.115889790104,0.005361254689355777
2019-11-15 00:00:00+00:00,-10865.801198685855,13602.115889790104,0.01199849605779546
2019-11-18 00:00:00+00:00,-10848.979212975182,13602.115889790104,0.006147679492187308
2019-11-19 00:00:00+00:00,-10842.971360935657,13602.115889790104,0.0021821844480587327
2019-11-20 00:00:00+00:00,-10845.374501751467,13602.115889790104,-0.0008709731551495015
2019-11-21 00:00:00+00:00,-10859.79334664633,13602.115889790104,-0.005230394464067367
2019-11-22 00:00:00+00:00,-10901.848310923007,13602.115889790104,-0.015335528047866642
2019-11-25 00:00:00+00:00,-10906.654592554627,13602.115889790104,-0.0017799279113057676
2019-11-26 00:00:00+00:00,-10897.042029291388,13602.115889790104,0.0035662034075940596
2019-11-27 00:00:00+00:00,-10913.864015002058,13602.115889790104,-0.0062186788894441625
2019-11-28 00:00:00+00:00,-10910.259303778343,13602.115889790104,0.0013409127535715104
2019-11-29 00:00:00+00:00,-10903.049881330911,13602.115889790104,0.002678234228708609
2019-12-02 00:00:00+00:00,-10844.17293134356,13602.115889790104,0.02181382367190099
2019-12-03 00:00:00+00:00,0.0,2756.7413880386375,-0.00043567630875973595
2019-12-04 00:00:00+00:00,-17941.46853564312,20692.245339727087,-0.0021636356535105206
2019-12-05 00:00:00+00:00,0.0,2750.776804083969,0.0
2019-12-06 00:00:00+00:00,0.0,2750.776804083969,0.0
2019-12-09 00:00:00+00:00,0.0,2750.776804083969,0.0
2019-12-10 00:00:00+00:00,0.0,2750.776804083969,0.0
2019-12-11 00:00:00+00:00,0.0,2750.776804083969,0.0
2019-12-12 00:00:00+00:00,0.0,2750.776804083969,0.0
2019-12-13 00:00:00+00:00,0.0,2750.776804083969,0.0
2019-12-16 00:00:00+00:00,0.0,2750.776804083969,0.0
2019-12-17 00:00:00+00:00,0.0,2750.776804083969,0.0
2019-12-18 00:00:00+00:00,0.0,2750.776804083969,0.0
2019-12-19 00:00:00+00:00,0.0,2750.776804083969,0.0
2019-12-20 00:00:00+00:00,0.0,2750.776804083969,0.0
2019-12-23 00:00:00+00:00,0.0,2750.776804083969,0.0
2019-12-24 00:00:00+00:00,0.0,2750.776804083969,0.0
2019-12-25 00:00:00+00:00,0.0,2750.776804083969,0.0
2019-12-26 00:00:00+00:00,0.0,2750.776804083969,0.0
2019-12-27 00:00:00+00:00,0.0,2750.776804083969,0.0
2019-12-30 00:00:00+00:00,0.0,2750.776804083969,0.0
2019-12-31 00:00:00+00:00,0.0,2750.776804083969,0.0
2020-01-01 00:00:00+00:00,0.0,2750.776804083969,0.0
2020-01-02 00:00:00+00:00,0.0,2750.776804083969,0.0
2020-01-03 00:00:00+00:00,0.0,2750.776804083969,0.0
2020-01-06 00:00:00+00:00,0.0,2750.776804083969,0.0
2020-01-07 00:00:00+00:00,0.0,2750.776804083969,0.0
2020-01-08 00:00:00+00:00,0.0,2750.776804083969,0.0
2020-01-09 00:00:00+00:00,0.0,2750.776804083969,0.0
2020-01-10 00:00:00+00:00,0.0,2750.776804083969,0.0
2020-01-13 00:00:00+00:00,0.0,2750.776804083969,0.0
2020-01-14 00:00:00+00:00,0.0,2750.776804083969,0.0
2020-01-15 00:00:00+00:00,0.0,2750.776804083969,0.0
2020-01-16 00:00:00+00:00,0.0,2750.776804083969,0.0
2020-01-17 00:00:00+00:00,0.0,2750.776804083969,0.0
2020-01-20 00:00:00+00:00,0.0,2750.776804083969,0.0
2020-01-21 00:00:00+00:00,0.0,2750.776804083969,0.0
2020-01-22 00:00:00+00:00,0.0,2750.776804083969,0.0
2020-01-23 00:00:00+00:00,0.0,2750.776804083969,0.0
2020-01-24 00:00:00+00:00,0.0,2750.776804083969,0.0
2020-01-27 00:00:00+00:00,0.0,2750.776804083969,0.0
2020-01-28 00:00:00+00:00,0.0,2750.776804083969,0.0
2020-01-29 00:00:00+00:00,0.0,2750.776804083969,0.0
2020-01-30 00:00:00+00:00,0.0,2750.776804083969,0.0
2020-01-31 00:00:00+00:00,0.0,2750.776804083969,0.0
2020-02-03 00:00:00+00:00,0.0,2750.776804083969,0.0
2020-02-04 00:00:00+00:00,0.0,2750.776804083969,0.0
2020-02-05 00:00:00+00:00,0.0,2750.776804083969,0.0
2020-02-06 00:00:00+00:00,0.0,2750.776804083969,0.0
2020-02-07 00:00:00+00:00,0.0,2750.776804083969,0.0
2020-02-10 00:00:00+00:00,0.0,2750.776804083969,0.0
2020-02-11 00:00:00+00:00,0.0,2750.776804083969,0.0
2020-02-12 00:00:00+00:00,0.0,2750.776804083969,0.0
2020-02-13 00:00:00+00:00,0.0,2750.776804083969,0.0
2020-02-14 00:00:00+00:00,0.0,2750.776804083969,0.0
2020-02-17 00:00:00+00:00,0.0,2750.776804083969,0.0
2020-02-18 00:00:00+00:00,0.0,2750.776804083969,0.0
2020-02-19 00:00:00+00:00,0.0,2750.776804083969,0.0
2020-02-20 00:00:00+00:00,0.0,2750.776804083969,0.0
2020-02-21 00:00:00+00:00,0.0,2750.776804083969,0.0
2020-02-24 00:00:00+00:00,0.0,2750.776804083969,0.0
2020-02-25 00:00:00+00:00,0.0,2750.776804083969,0.0
2020-02-26 00:00:00+00:00,0.0,2750.776804083969,0.0
2020-02-27 00:00:00+00:00,0.0,2750.776804083969,0.0
2020-02-28 00:00:00+00:00,0.0,2750.776804083969,0.0
2020-03-02 00:00:00+00:00,0.0,2750.776804083969,0.0
2020-03-03 00:00:00+00:00,0.0,2750.776804083969,0.0
2020-03-04 00:00:00+00:00,0.0,2750.776804083969,0.0
2020-03-05 00:00:00+00:00,0.0,2750.776804083969,0.0
2020-03-06 00:00:00+00:00,0.0,2750.776804083969,0.0
2020-03-09 00:00:00+00:00,0.0,2750.776804083969,0.0
2020-03-10 00:00:00+00:00,0.0,2750.776804083969,0.0
2020-03-11 00:00:00+00:00,0.0,2750.776804083969,0.0
2020-03-12 00:00:00+00:00,0.0,2750.776804083969,0.0
2020-03-13 00:00:00+00:00,0.0,2750.776804083969,0.0
2020-03-16 00:00:00+00:00,0.0,2750.776804083969,0.0
2020-03-17 00:00:00+00:00,0.0,2750.776804083969,0.0
2020-03-18 00:00:00+00:00,0.0,2750.776804083969,0.0
2020-03-19 00:00:00+00:00,0.0,2750.776804083969,0.0
2020-03-20 00:00:00+00:00,0.0,2750.776804083969,0.0
2020-03-23 00:00:00+00:00,-7311.546625284405,10120.476315253052,0.021140532302853732
2020-03-24 00:00:00+00:00,-7265.967336347766,10120.476315253052,0.016226568112193807
2020-03-25 00:00:00+00:00,-7221.173897220379,10120.476315253052,0.015692169637022912
2020-03-26 00:00:00+00:00,-7116.655872589808,10120.476315253052,0.036049369662338515
2020-03-27 00:00:00+00:00,-7049.072788994102,10120.476315253052,0.022499042431372906
2020-03-30 00:00:00+00:00,-7112.726623543546,10120.476315253052,-0.02072467326589833
2020-03-31 00:00:00+00:00,-7127.657769919342,10120.476315253052,-0.004964225054016835
2020-04-01 00:00:00+00:00,-7170.093659618972,10120.476315253052,-0.014179239087446338
2020-04-02 00:00:00+00:00,-7239.2484428331845,10120.476315253052,-0.023439258999897405
2020-04-03 00:00:00+00:00,-7266.753186157018,10120.476315253052,-0.009546188132885436
2020-04-06 00:00:00+00:00,-7284.827731769824,10120.476315253052,-0.0063336717667251685
2020-04-07 00:00:00+00:00,-7211.743699509349,10120.476315253052,0.025773303746510212
2020-04-08 00:00:00+00:00,-7234.53334397767,10120.476315253052,-0.00783490525907049
2020-04-09 00:00:00+00:00,-7189.739904850283,10120.476315253052,0.015521248885798755
2020-04-10 00:00:00+00:00,-7183.453106376263,10120.476315253052,0.0021451258638287563
2020-04-13 00:00:00+00:00,-7196.812553133554,10120.476315253052,-0.004548635065910633
2020-04-14 00:00:00+00:00,-7152.804963815419,10120.476315253052,0.015052206032827753
2020-04-15 00:00:00+00:00,-7205.456901035331,10120.476315253052,-0.017741835595914468
2020-04-16 00:00:00+00:00,-7233.747494168417,10120.476315253052,-0.00970511311008826
2020-04-17 00:00:00+00:00,-7224.317296457389,10120.476315253052,0.003266741802052886
2020-04-20 00:00:00+00:00,-7231.38994474066,10120.476315253052,-0.0024420787109309394
2020-04-21 00:00:00+00:00,-7237.67674321468,10120.476315253052,-0.0021760507190737854
2020-04-22 00:00:00+00:00,-7258.8946880644935,10120.476315253052,-0.007360187317778322
2020-04-23 00:00:00+00:00,-7287.971131006833,10120.476315253052,-0.010160969257727137
2020-04-24 00:00:00+00:00,-7258.108838255242,10120.476315253052,0.0105427142438006
2020-04-27 00:00:00+00:00,-7255.751288827485,10120.476315253052,0.000823636184627663
2020-04-28 00:00:00+00:00,-7257.322988445989,10120.476315253052,-0.0005486389108921852
2020-04-29 00:00:00+00:00,-7224.317296457389,10120.476315253052,0.011527741696393035
2020-04-30 00:00:00+00:00,-7179.52385733,10120.476315253052,0.01546649850256343
2020-05-01 00:00:00+00:00,-7155.162513243176,10120.476315253052,0.008283487895628383
2020-05-04 00:00:00+00:00,-7205.456901035331,10120.476315253052,-0.016960898963902293
2020-05-05 00:00:00+00:00,-7247.106940925708,10120.476315253052,-0.014288083189852308
2020-05-06 00:00:00+00:00,-7275.397534058794,10120.476315253052,-0.009845790585037095
2020-05-07 00:00:00+00:00,-7249.464490353465,10120.476315253052,0.00911505293868986
2020-05-08 00:00:00+00:00,-7247.892790734961,10120.476315253052,0.0005474375287741751
2020-05-11 00:00:00+00:00,-7267.539035966271,10120.476315253052,-0.006839225061212373
2020-05-12 00:00:00+00:00,-7240.034292642436,10120.476315253052,0.009640851035712217
2020-05-13 00:00:00+00:00,-7262.823937110757,10120.476315253052,-0.007911856683602059
2020-05-14 00:00:00+00:00,-7272.254134821786,10120.476315253052,-0.0032999807055466013
2020-05-15 00:00:00+00:00,-7262.038087301504,10120.476315253052,0.0035868155196849827
2020-05-18 00:00:00+00:00,-7196.026703324301,10120.476315253052,0.02309351425953632
2020-05-19 00:00:00+00:00,-7192.09745427804,10120.476315253052,0.0013435858255974598
2020-05-20 00:00:00+00:00,-7155.162513243176,10120.476315253052,0.012612760434476566
2020-05-21 00:00:00+00:00,-7174.022908665234,10120.476315253052,-0.006360337111463332
2020-05-22 00:00:00+00:00,-7205.456901035331,10120.476315253052,-0.010668416578322515
2020-05-25 00:00:00+00:00,-7210.171999890845,10120.476315253052,-0.0016175188516812655
2020-05-26 00:00:00+00:00,-7153.590813624672,10120.476315253052,0.01944167349356074
2020-05-27 00:00:00+00:00,-7135.5162680118665,10120.476315253052,0.0060920940841446836
2020-05-28 00:00:00+00:00,-7094.652077930741,10120.476315253052,0.013690029157640948
2020-05-29 00:00:00+00:00,-7073.434133080926,10120.476315253052,0.007012285970910304
2020-06-01 00:00:00+00:00,-7056.931287086625,10120.476315253052,0.005416021507958391
2020-06-02 00:00:00+00:00,-7030.212393572043,10120.476315253052,0.00872156056755391
2020-06-03 00:00:00+00:00,-6991.705752918676,10120.476315253052,0.012460631722490678
2020-06-04 00:00:00+00:00,-6928.837768178483,10120.476315253052,0.020093510689798588
2020-06-05 00:00:00+00:00,-6960.27176054858,10120.476315253052,-0.009848857226927632
